time,Price,Active_Users,Total_Users,Total_Users_USD100,Total_Users_USD_10,Transactions
2020-09-23,3.50706479201845,0,0,0.0,0.0,0
2020-09-24,4.61208999794048,0,0,0.0,0.0,0
2020-09-25,4.70408371059866,0,0,0.0,0.0,0
2020-09-26,4.54129976315547,0,0,0.0,0.0,0
2020-09-27,4.59896519173129,0,0,0.0,0.0,0
2020-09-28,4.23215396236862,0,0,0.0,0.0,0
2020-09-29,4.14097933780372,0,0,0.0,0.0,0
2020-09-30,4.3264022450715,0,0,0.0,0.0,0
2020-10-01,4.15488192928527,0,0,0.0,0.0,0
2020-10-02,3.88664123869906,0,0,0.0,0.0,0
2020-10-03,4.05465903342016,0,0,0.0,0.0,0
2020-10-04,3.96522666723105,0,0,0.0,0.0,0
2020-10-05,3.98033455225634,0,0,0.0,0.0,0
2020-10-06,3.5371477899966,0,0,0.0,0.0,0
2020-10-07,3.44281797555126,0,0,0.0,0.0,0
2020-10-08,3.90795858740836,0,0,0.0,0.0,0
2020-10-09,4.25414944218098,0,0,0.0,0.0,0
2020-10-10,4.02837713155315,0,0,0.0,0.0,0
2020-10-11,4.09663865491193,0,0,0.0,0.0,0
2020-10-12,4.43123428265477,0,0,0.0,0.0,0
2020-10-13,4.49234113176567,0,0,0.0,0.0,0
2020-10-14,4.15325537127247,0,0,0.0,0.0,0
2020-10-15,4.13318048279123,0,0,0.0,0.0,0
2020-10-16,4.05005994007181,0,0,0.0,0.0,0
2020-10-17,4.18668557448258,0,0,0.0,0.0,0
2020-10-18,4.12365942660351,0,0,0.0,0.0,0
2020-10-19,4.05088724592051,0,0,0.0,0.0,0
2020-10-20,3.81345588171669,0,0,0.0,0.0,0
2020-10-21,3.97155697762922,0,0,0.0,0.0,0
2020-10-22,4.31759977070561,0,0,0.0,0.0,0
2020-10-23,4.25803977385321,0,0,0.0,0.0,0
2020-10-24,4.18218968568651,0,0,0.0,0.0,0
2020-10-25,4.1495010684061,0,0,0.0,0.0,0
2020-10-26,4.16324167591204,0,0,0.0,0.0,0
2020-10-27,4.10860009658088,0,0,0.0,0.0,0
2020-10-28,4.0698805208384,0,0,0.0,0.0,0
2020-10-29,3.77385138896541,0,0,0.0,0.0,0
2020-10-30,3.73780460714241,0,0,0.0,0.0,0
2020-10-31,3.63691903431442,0,0,0.0,0.0,0
2020-11-01,3.68587753198448,0,0,0.0,0.0,0
2020-11-02,3.62328986409972,0,0,0.0,0.0,0
2020-11-03,3.31503740267572,0,0,0.0,0.0,0
2020-11-04,3.17311046806697,0,0,0.0,0.0,0
2020-11-05,3.34768406284691,0,0,0.0,0.0,0
2020-11-06,3.61610871027326,0,0,0.0,0.0,0
2020-11-07,3.45772625323763,0,0,0.0,0.0,0
2020-11-08,3.4789550386224,0,0,0.0,0.0,0
2020-11-09,3.41438116244254,0,0,0.0,0.0,0
2020-11-10,3.58162201332843,0,0,0.0,0.0,0
2020-11-11,3.48788699529217,0,0,0.0,0.0,0
2020-11-12,3.43279289905904,0,0,0.0,0.0,0
2020-11-13,3.66025198406664,0,0,0.0,0.0,0
2020-11-14,3.50253488234751,0,0,0.0,0.0,0
2020-11-15,3.54288687046861,0,0,0.0,0.0,0
2020-11-16,3.7154274774948,0,0,0.0,0.0,0
2020-11-17,3.85374560301019,0,0,0.0,0.0,0
2020-11-18,3.75148971845096,0,0,0.0,0.0,0
2020-11-19,3.63017322646883,0,0,0.0,0.0,0
2020-11-20,3.71320079596955,0,0,0.0,0.0,0
2020-11-21,4.00834894141426,0,0,0.0,0.0,0
2020-11-22,3.92509406672863,0,0,0.0,0.0,0
2020-11-23,4.0534872409412,0,0,0.0,0.0,0
2020-11-24,4.25587773269864,0,0,0.0,0.0,0
2020-11-25,4.03113854848463,0,0,0.0,0.0,0
2020-11-26,3.51950286915789,0,0,0.0,0.0,0
2020-11-27,3.59262984881677,0,0,0.0,0.0,0
2020-11-28,3.64563060142719,0,0,0.0,0.0,0
2020-11-29,3.70327241793908,0,0,0.0,0.0,0
2020-11-30,3.71702304343357,0,0,0.0,0.0,0
2020-12-01,3.57753859519861,0,0,0.0,0.0,0
2020-12-02,3.77946000571705,0,0,0.0,0.0,0
2020-12-03,3.81499275020202,0,0,0.0,0.0,0
2020-12-04,3.55517096075689,0,0,0.0,0.0,0
2020-12-05,3.62628210638935,0,0,0.0,0.0,0
2020-12-06,3.60306437945444,0,0,0.0,0.0,0
2020-12-07,3.38640260738222,0,0,0.0,0.0,0
2020-12-08,3.1420926556495,0,0,0.0,0.0,0
2020-12-09,3.27728907332198,0,0,0.0,0.0,0
2020-12-10,3.15672027261958,0,0,0.0,0.0,0
2020-12-11,3.25254557324136,0,0,0.0,0.0,0
2020-12-12,3.33574266168892,0,0,0.0,0.0,0
2020-12-13,3.32977112170219,0,0,0.0,0.0,0
2020-12-14,3.1559002794014,0,0,0.0,0.0,0
2020-12-15,3.29267366705783,0,0,0.0,0.0,0
2020-12-16,3.33743432905251,0,0,0.0,0.0,0
2020-12-17,3.21283961779985,0,0,0.0,0.0,0
2020-12-18,3.41302740581604,0,0,0.0,0.0,0
2020-12-19,3.46502673493629,0,0,0.0,0.0,0
2020-12-20,3.31350167680047,0,0,0.0,0.0,0
2020-12-21,3.11718999163305,0,0,0.0,0.0,0
2020-12-22,3.09056720557261,0,0,0.0,0.0,0
2020-12-23,2.98406492938641,0,0,0.0,0.0,0
2020-12-24,3.09565748072109,0,0,0.0,0.0,0
2020-12-25,2.95123209222505,0,0,0.0,0.0,0
2020-12-26,2.91750182720259,0,0,0.0,0.0,0
2020-12-27,2.92596212644125,0,0,0.0,0.0,0
2020-12-28,2.9500904366812,0,0,0.0,0.0,0
2020-12-29,2.92501288583077,0,0,0.0,0.0,0
2020-12-30,2.92473814205822,0,0,0.0,0.0,0
2020-12-31,3.03126597806874,0,0,0.0,0.0,0
2021-01-01,3.71362072760347,0,0,0.0,0.0,0
2021-01-02,3.49717515702636,0,0,0.0,0.0,0
2021-01-03,3.50678226425639,0,0,0.0,0.0,0
2021-01-04,3.58864521792802,0,0,0.0,0.0,0
2021-01-05,4.28059844348642,0,0,0.0,0.0,0
2021-01-06,4.64037482236062,0,0,0.0,0.0,0
2021-01-07,4.45366784591746,0,0,0.0,0.0,0
2021-01-08,5.52474163939523,0,0,0.0,0.0,0
2021-01-09,7.33945727269083,0,0,0.0,0.0,0
2021-01-10,6.58367795829046,0,0,0.0,0.0,0
2021-01-11,6.47672830339656,0,0,0.0,0.0,0
2021-01-12,7.69601640096267,0,0,0.0,0.0,0
2021-01-13,8.46350082452646,0,0,0.0,0.0,0
2021-01-14,9.29782073961032,0,0,0.0,0.0,0
2021-01-15,9.40939275968653,0,0,0.0,0.0,0
2021-01-16,12.9844236813614,0,0,0.0,0.0,0
2021-01-17,13.1639609816773,0,0,0.0,0.0,0
2021-01-18,12.7393188341955,0,0,0.0,0.0,0
2021-01-19,11.8624907627074,0,0,0.0,0.0,0
2021-01-20,12.5400978190391,0,0,0.0,0.0,0
2021-01-21,11.4366519098849,0,0,0.0,0.0,0
2021-01-22,12.7671889891716,0,0,0.0,0.0,0
2021-01-23,12.905242019526,0,0,0.0,0.0,0
2021-01-24,12.4660782864215,0,0,0.0,0.0,0
2021-01-25,12.2390988901426,0,0,0.0,0.0,0
2021-01-26,12.2285318508511,0,0,0.0,0.0,0
2021-01-27,11.168439845611,0,0,0.0,0.0,0
2021-01-28,12.1091806052519,0,0,0.0,0.0,0
2021-01-29,11.6284044134393,0,0,0.0,0.0,0
2021-01-30,12.069352551577,0,0,0.0,0.0,0
2021-01-31,13.4263663499504,0,0,0.0,0.0,0
2021-02-01,13.1799936144608,0,0,0.0,0.0,0
2021-02-02,13.5641224870921,0,0,0.0,0.0,0
2021-02-03,14.8277609325234,0,0,0.0,0.0,0
2021-02-04,15.2902128545231,0,0,0.0,0.0,0
2021-02-05,17.7970987164875,0,0,0.0,0.0,0
2021-02-06,18.0864514395462,0,0,0.0,0.0,0
2021-02-07,23.5980663487021,0,0,0.0,0.0,0
2021-02-08,30.0558667022326,0,0,0.0,0.0,0
2021-02-09,31.9203653805053,0,0,0.0,0.0,0
2021-02-10,56.467582473035,0,0,0.0,0.0,0
2021-02-11,47.3239436064295,0,0,0.0,0.0,0
2021-02-12,49.4692634035899,0,0,0.0,0.0,0
2021-02-13,41.3544785985234,0,0,0.0,0.0,0
2021-02-14,37.6016604013799,0,0,0.0,0.0,0
2021-02-15,37.403131672564,0,0,0.0,0.0,0
2021-02-16,35.6155519765619,0,0,0.0,0.0,0
2021-02-17,35.5617735423301,0,0,0.0,0.0,0
2021-02-18,40.9177665411024,0,0,0.0,0.0,0
2021-02-19,38.8963365113012,0,0,0.0,0.0,0
2021-02-20,35.8847263238499,0,0,0.0,0.0,0
2021-02-21,36.1794926472686,0,0,0.0,0.0,0
2021-02-22,32.0207751464695,0,0,0.0,0.0,0
2021-02-23,27.2895163243932,0,0,0.0,0.0,0
2021-02-24,29.4337831341495,0,0,0.0,0.0,0
2021-02-25,27.1587479301895,0,0,0.0,0.0,0
2021-02-26,25.8616696069693,0,0,0.0,0.0,0
2021-02-27,25.6717395224125,0,0,0.0,0.0,0
2021-02-28,24.2326429596768,0,0,0.0,0.0,0
2021-03-01,27.3004959751916,0,0,0.0,0.0,0
2021-03-02,27.1375328111582,0,0,0.0,0.0,0
2021-03-03,27.5034797713805,0,0,0.0,0.0,0
2021-03-04,25.6289595199253,0,0,0.0,0.0,0
2021-03-05,24.3792165485264,0,0,0.0,0.0,0
2021-03-06,25.0366462758184,0,0,0.0,0.0,0
2021-03-07,26.4205842835887,0,0,0.0,0.0,0
2021-03-08,25.5101511105721,0,0,0.0,0.0,0
2021-03-09,33.879258109315,0,0,0.0,0.0,0
2021-03-10,29.7659625166566,0,0,0.0,0.0,0
2021-03-11,30.8831064671114,0,0,0.0,0.0,0
2021-03-12,28.176844658774,0,0,0.0,0.0,0
2021-03-13,31.0153512366526,0,0,0.0,0.0,0
2021-03-14,29.605725970444,0,0,0.0,0.0,0
2021-03-15,29.2834795689513,0,0,0.0,0.0,0
2021-03-16,32.7471927984761,0,0,0.0,0.0,0
2021-03-17,32.7612964080042,0,0,0.0,0.0,0
2021-03-18,33.1927294185339,0,0,0.0,0.0,0
2021-03-19,37.656112040889,0,0,0.0,0.0,0
2021-03-20,34.5210290065198,0,0,0.0,0.0,0
2021-03-21,32.888547061932,0,0,0.0,0.0,0
2021-03-22,29.4716015014061,0,0,0.0,0.0,0
2021-03-23,28.6640228589051,0,0,0.0,0.0,0
2021-03-24,26.0079803644277,0,0,0.0,0.0,0
2021-03-25,25.824616278385,0,0,0.0,0.0,0
2021-03-26,28.1146370785623,0,0,0.0,0.0,0
2021-03-27,27.7381228184706,0,0,0.0,0.0,0
2021-03-28,28.5344322205577,0,0,0.0,0.0,0
2021-03-29,29.614852656992,0,0,0.0,0.0,0
2021-03-30,29.6508662568517,0,0,0.0,0.0,0
2021-03-31,28.5225862159516,0,0,0.0,0.0,0
2021-04-01,28.3437406745537,0,0,0.0,0.0,0
2021-04-02,28.9542406489617,0,0,0.0,0.0,0
2021-04-03,28.3731135511251,0,0,0.0,0.0,0
2021-04-04,29.2496468308746,0,0,0.0,0.0,0
2021-04-05,31.1621730050345,0,0,0.0,0.0,0
2021-04-06,31.6259282864834,0,0,0.0,0.0,0
2021-04-07,29.8164949775007,0,0,0.0,0.0,0
2021-04-08,30.6824765761852,0,0,0.0,0.0,0
2021-04-09,31.4234028598945,0,0,0.0,0.0,0
2021-04-10,31.9571946498829,0,0,0.0,0.0,0
2021-04-11,31.478986408044,0,0,0.0,0.0,0
2021-04-12,33.965890430828,0,0,0.0,0.0,0
2021-04-13,33.7579848813939,0,0,0.0,0.0,0
2021-04-14,38.6148870890664,0,0,0.0,0.0,0
2021-04-15,37.1988260862474,0,0,0.0,0.0,0
2021-04-16,35.5135300809398,0,0,0.0,0.0,0
2021-04-17,34.2759557297205,0,0,0.0,0.0,0
2021-04-18,29.3258177198559,0,0,0.0,0.0,0
2021-04-19,26.3408550134519,0,0,0.0,0.0,0
2021-04-20,27.3170774294964,0,0,0.0,0.0,0
2021-04-21,26.0758436342421,0,0,0.0,0.0,0
2021-04-22,24.2357379755096,0,0,0.0,0.0,0
2021-04-23,23.4353442406442,0,0,0.0,0.0,0
2021-04-24,22.1107757043737,0,0,0.0,0.0,0
2021-04-25,21.4974897590173,0,0,0.0,0.0,0
2021-04-26,26.1618078997463,0,0,0.0,0.0,0
2021-04-27,27.744825046633,0,0,0.0,0.0,0
2021-04-28,28.3335098720742,0,0,0.0,0.0,0
2021-04-29,28.0289769015069,0,0,0.0,0.0,0
2021-04-30,32.7170254660714,0,0,0.0,0.0,0
2021-05-01,31.9726166448217,0,0,0.0,0.0,0
2021-05-02,31.2639573878926,0,0,0.0,0.0,0
2021-05-03,35.8612182458974,0,0,0.0,0.0,0
2021-05-04,30.9530650265345,0,0,0.0,0.0,0
2021-05-05,35.3925333760459,0,0,0.0,0.0,0
2021-05-06,38.5372717847941,0,0,0.0,0.0,0
2021-05-07,38.1018825596077,0,0,0.0,0.0,0
2021-05-08,38.5270412788237,0,0,0.0,0.0,0
2021-05-09,38.8207425575731,0,0,0.0,0.0,0
2021-05-10,34.993005783175,0,0,0.0,0.0,0
2021-05-11,36.9995385868116,0,0,0.0,0.0,0
2021-05-12,34.8387179822798,0,0,0.0,0.0,0
2021-05-13,34.4159289035819,0,0,0.0,0.0,0
2021-05-14,37.1254800507181,0,0,0.0,0.0,0
2021-05-15,34.631117848322,0,0,0.0,0.0,0
2021-05-16,36.1471088131508,0,0,0.0,0.0,0
2021-05-17,33.7091980148648,0,0,0.0,0.0,0
2021-05-18,36.5163618584106,0,0,0.0,0.0,0
2021-05-19,24.2774589878175,0,0,0.0,0.0,0
2021-05-20,25.1316064359256,0,0,0.0,0.0,0
2021-05-21,21.6548653372197,0,0,0.0,0.0,0
2021-05-22,18.9509817759832,0,0,0.0,0.0,0
2021-05-23,15.7416685226827,0,0,0.0,0.0,0
2021-05-24,19.3108866520711,0,0,0.0,0.0,0
2021-05-25,19.547616026922,0,0,0.0,0.0,0
2021-05-26,20.6954302860727,0,0,0.0,0.0,0
2021-05-27,19.1421367594676,0,0,0.0,0.0,0
2021-05-28,16.6863434500922,0,0,0.0,0.0,0
2021-05-29,16.1662379616083,0,0,0.0,0.0,0
2021-05-30,16.4995938327171,0,0,0.0,0.0,0
2021-05-31,18.0781928413569,0,0,0.0,0.0,0
2021-06-01,17.7781737646642,0,0,0.0,0.0,0
2021-06-02,18.7200232724076,0,0,0.0,0.0,0
2021-06-03,20.3148944414647,0,0,0.0,0.0,0
2021-06-04,18.2814079441596,0,0,0.0,0.0,0
2021-06-05,17.1242959154997,0,0,0.0,0.0,0
2021-06-06,17.3491590139532,0,0,0.0,0.0,0
2021-06-07,15.5813603121565,0,0,0.0,0.0,0
2021-06-08,14.8685750140933,0,0,0.0,0.0,0
2021-06-09,15.3214983930546,0,0,0.0,0.0,0
2021-06-10,14.2441994913481,0,0,0.0,0.0,0
2021-06-11,13.3440301570874,0,0,0.0,0.0,0
2021-06-12,13.6417113724435,0,0,0.0,0.0,0
2021-06-13,14.7273415088121,0,0,0.0,0.0,0
2021-06-14,15.0829145555327,0,0,0.0,0.0,0
2021-06-15,14.8133439430172,0,0,0.0,0.0,0
2021-06-16,13.997208049456,0,0,0.0,0.0,0
2021-06-17,14.7874407888058,0,0,0.0,0.0,0
2021-06-18,13.6044824065774,0,0,0.0,0.0,0
2021-06-19,13.4486542132318,0,0,0.0,0.0,0
2021-06-20,13.9065366474822,0,0,0.0,0.0,0
2021-06-21,11.2979147902689,0,0,0.0,0.0,0
2021-06-22,10.5296432436272,0,0,0.0,0.0,0
2021-06-23,11.3969648795206,0,0,0.0,0.0,0
2021-06-24,11.4877521910309,0,0,0.0,0.0,0
2021-06-25,10.3621044616712,0,0,0.0,0.0,0
2021-06-26,10.2003706008118,0,0,0.0,0.0,0
2021-06-27,10.923476517564,0,0,0.0,0.0,0
2021-06-28,11.2883453442394,0,0,0.0,0.0,0
2021-06-29,11.8939425884501,0,0,0.0,0.0,0
2021-06-30,11.9562353712909,0,0,0.0,0.0,0
2021-07-01,11.2416680795847,0,0,0.0,0.0,0
2021-07-02,11.0886496595674,0,0,0.0,0.0,0
2021-07-03,11.4160310650357,0,0,0.0,0.0,0
2021-07-04,12.4138848423087,0,0,0.0,0.0,0
2021-07-05,12.1206162340756,0,0,0.0,0.0,0
2021-07-06,13.3583986520223,0,0,0.0,0.0,0
2021-07-07,13.1066878384896,0,0,0.0,0.0,0
2021-07-08,12.1270018820632,0,0,0.0,0.0,0
2021-07-09,12.630296202961,0,0,0.0,0.0,0
2021-07-10,12.0722058927055,0,0,0.0,0.0,0
2021-07-11,12.3724700660417,0,0,0.0,0.0,0
2021-07-12,12.1673224377828,0,0,0.0,0.0,0
2021-07-13,11.8984223513851,0,0,0.0,0.0,0
2021-07-14,11.7922243670642,0,0,0.0,0.0,0
2021-07-15,11.3616673909379,0,0,0.0,0.0,0
2021-07-16,10.8918451141894,0,0,0.0,0.0,0
2021-07-17,10.9404072753557,0,0,0.0,0.0,0
2021-07-18,10.7406863015343,0,0,0.0,0.0,0
2021-07-19,10.2413208845584,0,0,0.0,0.0,0
2021-07-20,9.60420950322311,0,0,0.0,0.0,0
2021-07-21,10.4023637423834,0,0,0.0,0.0,0
2021-07-22,10.8479052073401,0,0,0.0,0.0,0
2021-07-23,11.0444888671845,0,0,0.0,0.0,0
2021-07-24,11.1464542654614,0,0,0.0,0.0,0
2021-07-25,11.2237691208267,0,0,0.0,0.0,0
2021-07-26,11.4987927083381,0,0,0.0,0.0,0
2021-07-27,11.8463023331163,0,0,0.0,0.0,0
2021-07-28,12.2305338037603,0,0,0.0,0.0,0
2021-07-29,12.4295292470915,0,0,0.0,0.0,0
2021-07-30,12.9154107108616,0,0,0.0,0.0,0
2021-07-31,13.5601781674937,0,0,0.0,0.0,0
2021-08-01,12.880060537733,0,0,0.0,0.0,0
2021-08-02,13.0544398505309,0,0,0.0,0.0,0
2021-08-03,12.6093779566451,0,0,0.0,0.0,0
2021-08-04,13.6702116209224,0,0,0.0,0.0,0
2021-08-05,13.8651620343736,0,0,0.0,0.0,0
2021-08-06,14.7741940380852,0,0,0.0,0.0,0
2021-08-07,15.648767629446,0,0,0.0,0.0,0
2021-08-08,14.8785390893433,0,0,0.0,0.0,0
2021-08-09,16.1335311074771,0,0,0.0,0.0,0
2021-08-10,16.4414172698147,0,0,0.0,0.0,0
2021-08-11,16.7053049510948,0,0,0.0,0.0,0
2021-08-12,16.487328110796,0,0,0.0,0.0,0
2021-08-13,18.1376405201149,0,0,0.0,0.0,0
2021-08-14,18.0647003240814,0,0,0.0,0.0,0
2021-08-15,18.7294230330234,0,0,0.0,0.0,0
2021-08-16,19.2073123451633,0,0,0.0,0.0,0
2021-08-17,23.4146006059497,0,0,0.0,0.0,0
2021-08-18,29.9070309730154,0,0,0.0,0.0,0
2021-08-19,30.6836051134722,0,0,0.0,0.0,0
2021-08-20,38.6100469314478,0,0,0.0,0.0,0
2021-08-21,43.9461562539417,0,0,0.0,0.0,0
2021-08-22,43.9325210920881,0,0,0.0,0.0,0
2021-08-23,46.5107583716845,0,0,0.0,0.0,0
2021-08-24,56.5804241560204,0,0,0.0,0.0,0
2021-08-25,46.8764452659353,0,0,0.0,0.0,0
2021-08-26,42.2148851644593,0,0,0.0,0.0,0
2021-08-27,49.9075222292185,0,0,0.0,0.0,0
2021-08-28,50.2045369646345,0,0,0.0,0.0,0
2021-08-29,47.5238762223323,0,0,0.0,0.0,0
2021-08-30,41.4438487617589,0,0,0.0,0.0,0
2021-08-31,39.5048280334771,0,0,0.0,0.0,0
2021-09-01,42.4890777180895,0,0,0.0,0.0,0
2021-09-02,47.2173845158772,0,0,0.0,0.0,0
2021-09-03,45.7060249245442,0,0,0.0,0.0,0
2021-09-04,47.251848497026,0,0,0.0,0.0,0
2021-09-05,48.1117489984922,0,0,0.0,0.0,0
2021-09-06,47.0551090575672,0,0,0.0,0.0,0
2021-09-07,37.8015206967298,0,0,0.0,0.0,0
2021-09-08,36.8852498698277,0,0,0.0,0.0,0
2021-09-09,41.0038353883032,0,0,0.0,0.0,0
2021-09-10,47.8863137290356,0,0,0.0,0.0,0
2021-09-11,57.9088462060953,0,0,0.0,0.0,0
2021-09-12,59.8939249475589,0,0,0.0,0.0,0
2021-09-13,53.344963276951,0,0,0.0,0.0,0
2021-09-14,51.200583256492,0,0,0.0,0.0,0
2021-09-15,57.2989701584529,0,0,0.0,0.0,0
2021-09-16,67.3756986914068,0,0,0.0,0.0,0
2021-09-17,70.2051941272612,0,0,0.0,0.0,0
2021-09-18,68.3947201022071,0,0,0.0,0.0,0
2021-09-19,69.7030550337805,0,0,0.0,0.0,0
2021-09-20,57.0893954049597,0,0,0.0,0.0,0
2021-09-21,58.4653717762613,0,0,0.0,0.0,0
2021-09-22,73.613094551385,0,0,0.0,0.0,0
2021-09-23,76.4620826836802,0,0,0.0,0.0,0
2021-09-24,72.975091622497,0,0,0.0,0.0,0
2021-09-25,68.6001843979598,0,0,0.0,0.0,0
2021-09-26,66.6794230552024,0,0,0.0,0.0,0
2021-09-27,66.8898188121908,0,0,0.0,0.0,0
2021-09-28,62.1824851748707,0,0,0.0,0.0,0
2021-09-29,64.9967226570754,0,0,0.0,0.0,0
2021-09-30,66.3480402314884,0,0,0.0,0.0,0
2021-10-01,67.402259802187,0,0,0.0,0.0,0
2021-10-02,69.4957403440881,0,0,0.0,0.0,0
2021-10-03,68.8169011636475,0,0,0.0,0.0,0
2021-10-04,65.1376263798083,0,0,0.0,0.0,0
2021-10-05,64.8155053374134,0,0,0.0,0.0,0
2021-10-06,60.2476909795823,0,0,0.0,0.0,0
2021-10-07,60.9513619412862,0,0,0.0,0.0,0
2021-10-08,60.33256408683,0,0,0.0,0.0,0
2021-10-09,60.7431003039628,0,0,0.0,0.0,0
2021-10-10,56.6846822452894,0,0,0.0,0.0,0
2021-10-11,55.0976344336914,0,0,0.0,0.0,0
2021-10-12,54.1793907997524,0,0,0.0,0.0,0
2021-10-13,55.0384020448687,0,0,0.0,0.0,0
2021-10-14,56.1125693174116,0,0,0.0,0.0,0
2021-10-15,56.1988016448882,0,0,0.0,0.0,0
2021-10-16,57.7215671529064,0,0,0.0,0.0,0
2021-10-17,55.9692417205443,0,0,0.0,0.0,0
2021-10-18,55.4671366275738,0,0,0.0,0.0,0
2021-10-19,56.9119492332597,0,0,0.0,0.0,0
2021-10-20,59.571637213875,0,0,0.0,0.0,0
2021-10-21,61.1973218032134,0,0,0.0,0.0,0
2021-10-22,65.3128692495324,0,0,0.0,0.0,0
2021-10-23,65.5381564886155,0,0,0.0,0.0,0
2021-10-24,64.3197699861882,0,0,0.0,0.0,0
2021-10-25,69.3860706850149,0,0,0.0,0.0,0
2021-10-26,68.8315467329449,0,0,0.0,0.0,0
2021-10-27,61.9126663084037,0,0,0.0,0.0,0
2021-10-28,64.2326863419238,0,0,0.0,0.0,0
2021-10-29,64.7314933882619,0,0,0.0,0.0,0
2021-10-30,62.1326052718448,0,0,0.0,0.0,0
2021-10-31,64.1950813115082,0,0,0.0,0.0,0
2021-11-01,64.8087348155416,0,0,0.0,0.0,0
2021-11-02,67.450561570173,0,0,0.0,0.0,0
2021-11-03,74.970043999513,0,0,0.0,0.0,0
2021-11-04,78.9077563686972,0,0,0.0,0.0,0
2021-11-05,74.2371211113534,0,0,0.0,0.0,0
2021-11-06,78.1744169227389,0,0,0.0,0.0,0
2021-11-07,87.6441431730594,0,0,0.0,0.0,0
2021-11-08,91.0190281357174,0,0,0.0,0.0,0
2021-11-09,88.7540172358125,0,0,0.0,0.0,0
2021-11-10,84.5878227046893,0,0,0.0,0.0,0
2021-11-11,88.1142733574713,0,0,0.0,0.0,0
2021-11-12,84.7355882122492,0,0,0.0,0.0,0
2021-11-13,97.3934982567842,0,0,0.0,0.0,0
2021-11-14,95.1312434480661,0,0,0.0,0.0,0
2021-11-15,94.3629083138763,0,0,0.0,0.0,0
2021-11-16,99.7315130847853,0,0,0.0,0.0,0
2021-11-17,107.669603966643,0,0,0.0,0.0,0
2021-11-18,98.5114384490726,0,0,0.0,0.0,0
2021-11-19,110.540557177523,0,0,0.0,0.0,0
2021-11-20,125.777115575981,0,0,0.0,0.0,0
2021-11-21,130.358817324528,0,0,0.0,0.0,0
2021-11-22,134.992009449545,0,0,0.0,0.0,0
2021-11-23,123.541489201189,0,0,0.0,0.0,0
2021-11-24,115.974351259046,0,0,0.0,0.0,0
2021-11-25,119.055614982654,0,0,0.0,0.0,0
2021-11-26,104.442224077103,0,0,0.0,0.0,0
2021-11-27,112.261781002292,0,0,0.0,0.0,0
2021-11-28,111.274780885848,0,0,0.0,0.0,0
2021-11-29,118.620538202392,0,0,0.0,0.0,0
2021-11-30,121.240958929944,0,0,0.0,0.0,0
2021-12-01,119.194915886048,0,0,0.0,0.0,0
2021-12-02,108.502758589535,0,0,0.0,0.0,0
2021-12-03,107.817164708431,0,0,0.0,0.0,0
2021-12-04,92.6123661651452,0,0,0.0,0.0,0
2021-12-05,85.6129469694999,0,0,0.0,0.0,0
2021-12-06,92.9595011406063,0,0,0.0,0.0,0
2021-12-07,89.6797338171965,0,0,0.0,0.0,0
2021-12-08,92.8343321079634,0,0,0.0,0.0,0
2021-12-09,86.5925005864384,0,0,0.0,0.0,0
2021-12-10,82.0371267335821,0,0,0.0,0.0,0
2021-12-11,86.1758225352498,0,0,0.0,0.0,0
2021-12-12,87.9858624447318,0,0,0.0,0.0,0
2021-12-13,79.1870698659612,0,0,0.0,0.0,0
2021-12-14,87.1030235204175,0,0,0.0,0.0,0
2021-12-15,100.970557981293,0,0,0.0,0.0,0
2021-12-16,99.0804379955159,0,0,0.0,0.0,0
2021-12-17,111.541859957483,0,0,0.0,0.0,0
2021-12-18,115.80422061839,0,0,0.0,0.0,0
2021-12-19,108.71593685566,0,0,0.0,0.0,0
2021-12-20,113.990135270307,0,0,0.0,0.0,0
2021-12-21,123.351017818302,0,0,0.0,0.0,0
2021-12-22,116.958083087219,0,0,0.0,0.0,0
2021-12-23,121.356487755704,0,0,0.0,0.0,0
2021-12-24,114.825283388856,0,0,0.0,0.0,0
2021-12-25,115.203447217327,0,0,0.0,0.0,0
2021-12-26,115.29637344167,0,0,0.0,0.0,0
2021-12-27,114.008533488629,0,0,0.0,0.0,0
2021-12-28,107.746741517267,0,0,0.0,0.0,0
2021-12-29,103.44127256347,0,0,0.0,0.0,0
2021-12-30,101.589600439596,0,0,0.0,0.0,0
2021-12-31,109.88489473836,0,0,0.0,0.0,0
2022-01-01,113.789819415577,0,0,0.0,0.0,0
2022-01-02,113.280361417145,0,0,0.0,0.0,0
2022-01-03,108.329689725406,0,0,0.0,0.0,0
2022-01-04,103.571203709013,0,0,0.0,0.0,0
2022-01-05,97.7708758324705,0,0,0.0,0.0,0
2022-01-06,95.3675032478347,0,0,0.0,0.0,0
2022-01-07,86.4164709006406,0,0,0.0,0.0,0
2022-01-08,84.2029438453849,0,0,0.0,0.0,0
2022-01-09,88.7401107033603,0,0,0.0,0.0,0
2022-01-10,84.415897035972,0,0,0.0,0.0,0
2022-01-11,89.5402253940312,0,0,0.0,0.0,0
2022-01-12,95.6709208199032,0,0,0.0,0.0,0
2022-01-13,89.8740281989415,0,0,0.0,0.0,0
2022-01-14,90.1980037229614,0,0,0.0,0.0,0
2022-01-15,93.4917319292414,0,0,0.0,0.0,0
2022-01-16,92.3550655378087,0,0,0.0,0.0,0
2022-01-17,86.7651353056245,0,0,0.0,0.0,0
2022-01-18,86.1655538507916,0,0,0.0,0.0,0
2022-01-19,83.113728627707,0,0,0.0,0.0,0
2022-01-20,79.7248401758479,0,0,0.0,0.0,0
2022-01-21,66.1957089735238,0,0,0.0,0.0,0
2022-01-22,59.6249609782619,0,0,0.0,0.0,0
2022-01-23,64.6220348674299,0,0,0.0,0.0,0
2022-01-24,62.9401978770303,0,0,0.0,0.0,0
2022-01-25,67.9191207378794,0,0,0.0,0.0,0
2022-01-26,66.1488071347715,0,0,0.0,0.0,0
2022-01-27,64.3453883179863,0,0,0.0,0.0,0
2022-01-28,67.0625836654647,0,0,0.0,0.0,0
2022-01-29,71.8032457627119,0,0,0.0,0.0,0
2022-01-30,68.2372109877265,0,0,0.0,0.0,0
2022-01-31,69.9707849210988,0,0,0.0,0.0,0
2022-02-01,73.2276606172852,0,0,0.0,0.0,0
2022-02-02,68.0049797148543,0,0,0.0,0.0,0
2022-02-03,67.9321916967043,0,0,0.0,0.0,0
2022-02-04,76.6689287220322,0,0,0.0,0.0,0
2022-02-05,77.3008062479636,0,0,0.0,0.0,0
2022-02-06,78.1422434223113,0,0,0.0,0.0,0
2022-02-07,83.3002699008242,0,0,0.0,0.0,0
2022-02-08,86.4254828753988,0,0,0.0,0.0,0
2022-02-09,90.1004103100622,0,0,0.0,0.0,0
2022-02-10,91.0415407654895,0,0,0.0,0.0,0
2022-02-11,81.6211493278784,0,0,0.0,0.0,0
2022-02-12,81.0422819188865,0,0,0.0,0.0,0
2022-02-13,78.2073139804074,0,0,0.0,0.0,0
2022-02-14,81.9866698832637,0,0,0.0,0.0,0
2022-02-15,92.8271125073057,0,0,0.0,0.0,0
2022-02-16,96.0854047821113,0,0,0.0,0.0,0
2022-02-17,88.5170353063992,0,0,0.0,0.0,0
2022-02-18,83.9598258026905,0,0,0.0,0.0,0
2022-02-19,84.9762999213822,0,0,0.0,0.0,0
2022-02-20,77.7679726264336,0,0,0.0,0.0,0
2022-02-21,70.3248796025716,0,0,0.0,0.0,0
2022-02-22,74.1781358854471,0,0,0.0,0.0,0
2022-02-23,73.8866954340923,0,0,0.0,0.0,0
2022-02-24,76.2959708899231,0,0,0.0,0.0,0
2022-02-25,81.1090472524748,0,0,0.0,0.0,0
2022-02-26,81.5488823777841,0,0,0.0,0.0,0
2022-02-27,74.6195245916764,0,0,0.0,0.0,0
2022-02-28,84.1154873193316,0,0,0.0,0.0,0
2022-03-01,86.7296317457992,0,0,0.0,0.0,0
2022-03-02,83.5930741951997,0,0,0.0,0.0,0
2022-03-03,78.9320703972137,0,0,0.0,0.0,0
2022-03-04,75.7118500226907,0,0,0.0,0.0,0
2022-03-05,76.7528021949467,0,0,0.0,0.0,0
2022-03-06,72.6425666277031,0,0,0.0,0.0,0
2022-03-07,72.0670546979632,0,0,0.0,0.0,0
2022-03-08,72.9447313206716,0,0,0.0,0.0,0
2022-03-09,77.5704601357034,0,0,0.0,0.0,0
2022-03-10,74.0667560205717,0,0,0.0,0.0,0
2022-03-11,71.4348792428374,0,0,0.0,0.0,0
2022-03-12,71.0764791017716,0,0,0.0,0.0,0
2022-03-13,67.9906325073857,0,0,0.0,0.0,0
2022-03-14,68.5386255057506,0,0,0.0,0.0,0
2022-03-15,69.9460906231582,0,0,0.0,0.0,0
2022-03-16,73.85846775874,0,0,0.0,0.0,0
2022-03-17,79.5014979953458,0,0,0.0,0.0,0
2022-03-18,85.8642604094558,0,0,0.0,0.0,0
2022-03-19,89.8436804269722,0,0,0.0,0.0,0
2022-03-20,85.0913239007094,0,0,0.0,0.0,0
2022-03-21,86.5224262656052,0,0,0.0,0.0,0
2022-03-22,84.255599632352,0,0,0.0,0.0,0
2022-03-23,85.877037137981,0,0,0.0,0.0,0
2022-03-24,87.4867817429302,0,0,0.0,0.0,0
2022-03-25,83.6434438897289,0,0,0.0,0.0,0
2022-03-26,86.0011579531674,0,0,0.0,0.0,0
2022-03-27,89.1230433864784,0,0,0.0,0.0,0
2022-03-28,90.584561837912,0,0,0.0,0.0,0
2022-03-29,92.5090856377549,0,0,0.0,0.0,0
2022-03-30,95.9954349381029,0,0,0.0,0.0,0
2022-03-31,96.3856811805962,0,0,0.0,0.0,0
2022-04-01,96.5584519511578,0,0,0.0,0.0,0
2022-04-02,96.750222969024,0,0,0.0,0.0,0
2022-04-03,97.8512200467563,0,0,0.0,0.0,0
2022-04-04,95.5926836440834,0,0,0.0,0.0,0
2022-04-05,91.3599728925066,0,0,0.0,0.0,0
2022-04-06,83.6176141075079,0,0,0.0,0.0,0
2022-04-07,87.9859390575273,0,0,0.0,0.0,0
2022-04-08,83.3280393708571,0,0,0.0,0.0,0
2022-04-09,84.2802186798741,0,0,0.0,0.0,0
2022-04-10,82.3073827018427,0,0,0.0,0.0,0
2022-04-11,74.2364893713913,0,0,0.0,0.0,0
2022-04-12,76.2910663471462,0,0,0.0,0.0,0
2022-04-13,79.8953379185991,0,0,0.0,0.0,0
2022-04-14,76.7885895251559,0,0,0.0,0.0,0
2022-04-15,77.3114781323383,0,0,0.0,0.0,0
2022-04-16,77.9339280283127,0,0,0.0,0.0,0
2022-04-17,75.6601672669686,0,0,0.0,0.0,0
2022-04-18,77.7059088824515,0,0,0.0,0.0,0
2022-04-19,80.1030558146154,0,0,0.0,0.0,0
2022-04-20,78.2854673422915,0,0,0.0,0.0,0
2022-04-21,74.99093162585,0,0,0.0,0.0,0
2022-04-22,74.1714887127146,0,0,0.0,0.0,0
2022-04-23,73.0493948394057,0,0,0.0,0.0,0
2022-04-24,71.8110040030618,0,0,0.0,0.0,0
2022-04-25,72.7900852529261,0,0,0.0,0.0,0
2022-04-26,68.542769657703,0,0,0.0,0.0,0
2022-04-27,69.7845869552419,0,0,0.0,0.0,0
2022-04-28,67.2493888504176,0,0,0.0,0.0,0
2022-04-29,63.4253420792765,0,0,0.0,0.0,0
2022-04-30,56.6218809080306,0,0,0.0,0.0,0
2022-05-01,58.7758747929017,0,0,0.0,0.0,0
2022-05-02,60.4764992377226,0,0,0.0,0.0,0
2022-05-03,59.5280055957807,0,0,0.0,0.0,0
2022-05-04,66.9123838963985,0,0,0.0,0.0,0
2022-05-05,59.0791979459791,0,0,0.0,0.0,0
2022-05-06,57.0461617690504,0,0,0.0,0.0,0
2022-05-07,55.1953478716965,0,0,0.0,0.0,0
2022-05-08,51.4588469645749,0,0,0.0,0.0,0
2022-05-09,42.7526553442528,0,0,0.0,0.0,0
2022-05-10,44.4173637752455,0,0,0.0,0.0,0
2022-05-11,30.8350202847718,0,0,0.0,0.0,0
2022-05-12,30.3842206725968,0,0,0.0,0.0,0
2022-05-13,32.2446459333885,0,0,0.0,0.0,0
2022-05-14,33.8600070213932,0,0,0.0,0.0,0
2022-05-15,36.2196509565631,0,0,0.0,0.0,0
2022-05-16,32.7092035081625,0,0,0.0,0.0,0
2022-05-17,34.4479899463172,0,0,0.0,0.0,0
2022-05-18,29.8081116921034,0,0,0.0,0.0,0
2022-05-19,30.1674957234445,0,0,0.0,0.0,0
2022-05-20,29.0041443332798,0,0,0.0,0.0,0
2022-05-21,29.8696476430864,0,0,0.0,0.0,0
2022-05-22,31.8796242017825,0,0,0.0,0.0,0
2022-05-23,28.9940445366316,0,0,0.0,0.0,0
2022-05-24,29.0608856290947,0,0,0.0,0.0,0
2022-05-25,27.296849623749,0,0,0.0,0.0,0
2022-05-26,23.6930982846064,0,0,0.0,0.0,0
2022-05-27,22.4262886283228,0,0,0.0,0.0,0
2022-05-28,24.928095161527,0,0,0.0,0.0,0
2022-05-29,26.0774084894835,0,0,0.0,0.0,0
2022-05-30,27.6291815414569,0,0,0.0,0.0,0
2022-05-31,26.5395237554241,0,0,0.0,0.0,0
2022-06-01,23.8830057335364,0,0,0.0,0.0,0
2022-06-02,24.6901606505686,0,0,0.0,0.0,0
2022-06-03,22.9407906669244,0,0,0.0,0.0,0
2022-06-04,24.449851053353,0,0,0.0,0.0,0
2022-06-05,24.1975112417576,0,0,0.0,0.0,0
2022-06-06,25.8651529230859,0,0,0.0,0.0,0
2022-06-07,24.6621396761434,0,0,0.0,0.0,0
2022-06-08,24.5268666764419,0,0,0.0,0.0,0
2022-06-09,24.356740584439,0,0,0.0,0.0,0
2022-06-10,22.1303374250807,0,0,0.0,0.0,0
2022-06-11,19.8437418548695,0,0,0.0,0.0,0
2022-06-12,17.5694246689894,0,0,0.0,0.0,0
2022-06-13,15.6974071206601,0,0,0.0,0.0,0
2022-06-14,16.4355655326479,0,0,0.0,0.0,0
2022-06-15,18.1421604150016,0,0,0.0,0.0,0
2022-06-16,15.6708908212242,0,0,0.0,0.0,0
2022-06-17,16.0409107666286,0,0,0.0,0.0,0
2022-06-18,14.848804844279,0,0,0.0,0.0,0
2022-06-19,16.1150557832683,0,0,0.0,0.0,0
2022-06-20,16.9983887793515,0,0,0.0,0.0,0
2022-06-21,16.8677702198204,0,0,0.0,0.0,0
2022-06-22,16.1399945183609,0,0,0.0,0.0,0
2022-06-23,18.2647793608684,0,0,0.0,0.0,0
2022-06-24,20.6831089259005,0,0,0.0,0.0,0
2022-06-25,21.2919003536189,0,0,0.0,0.0,0
2022-06-26,19.8463070927589,0,0,0.0,0.0,0
2022-06-27,19.3658537875562,0,0,0.0,0.0,0
2022-06-28,18.1586396551475,0,0,0.0,0.0,0
2022-06-29,17.5791050437059,0,0,0.0,0.0,0
2022-06-30,16.6037998803309,0,0,0.0,0.0,0
2022-07-01,16.2241641571577,0,0,0.0,0.0,0
2022-07-02,16.3664005356398,0,0,0.0,0.0,0
2022-07-03,16.5728995028594,0,0,0.0,0.0,0
2022-07-04,17.9196179416786,0,0,0.0,0.0,0
2022-07-05,18.0710577055322,0,0,0.0,0.0,0
2022-07-06,19.1575126761901,0,0,0.0,0.0,0
2022-07-07,20.242580991281,0,0,0.0,0.0,0
2022-07-08,19.9712070663008,0,0,0.0,0.0,0
2022-07-09,19.9215338555448,0,0,0.0,0.0,0
2022-07-10,19.1257821904143,0,0,0.0,0.0,0
2022-07-11,17.3748998761897,0,0,0.0,0.0,0
2022-07-12,16.9953100516517,0,0,0.0,0.0,0
2022-07-13,18.7899554932849,0,0,0.0,0.0,0
2022-07-14,19.7131493646021,0,0,0.0,0.0,0
2022-07-15,19.4274588240125,0,0,0.0,0.0,0
2022-07-16,21.2452932313915,0,0,0.0,0.0,0
2022-07-17,20.682108657704,0,0,0.0,0.0,0
2022-07-18,23.8436841215284,0,0,0.0,0.0,0
2022-07-19,24.7185424171634,0,0,0.0,0.0,0
2022-07-20,23.669949916508,0,0,0.0,0.0,0
2022-07-21,25.0918438463051,0,0,0.0,0.0,0
2022-07-22,23.6818104760096,0,0,0.0,0.0,0
2022-07-23,23.6797866936601,0,0,0.0,0.0,0
2022-07-24,23.9117332017885,0,0,0.0,0.0,0
2022-07-25,21.2529639674134,0,0,0.0,0.0,0
2022-07-26,20.543441789353,0,0,0.0,0.0,0
2022-07-27,23.2893006802514,0,0,0.0,0.0,0
2022-07-28,24.2048342553384,0,0,0.0,0.0,0
2022-07-29,24.7635264575898,0,0,0.0,0.0,0
2022-07-30,24.1992226606144,0,0,0.0,0.0,0
2022-07-31,23.7471965469985,0,0,0.0,0.0,0
2022-08-01,23.605928160598,0,0,0.0,0.0,0
2022-08-02,23.0682569385343,0,0,0.0,0.0,0
2022-08-03,23.0453722964831,0,0,0.0,0.0,0
2022-08-04,23.3609936374679,0,0,0.0,0.0,0
2022-08-05,24.8697502558714,0,0,0.0,0.0,0
2022-08-06,26.5341429112014,0,0,0.0,0.0,0
2022-08-07,27.834484333824,0,0,0.0,0.0,0
2022-08-08,27.9951704403621,0,0,0.0,0.0,0
2022-08-09,27.452604585578,0,0,0.0,0.0,0
2022-08-10,29.055555826315,0,0,0.0,0.0,0
2022-08-11,28.6155740495236,0,0,0.0,0.0,0
2022-08-12,29.3198628704349,0,0,0.0,0.0,0
2022-08-13,29.1191755879688,0,0,0.0,0.0,0
2022-08-14,28.2301798919896,0,0,0.0,0.0,0
2022-08-15,27.6515222441872,0,0,0.0,0.0,0
2022-08-16,27.1814444854629,0,0,0.0,0.0,0
2022-08-17,25.4797424935423,0,0,0.0,0.0,0
2022-08-18,24.3369963473143,0,0,0.0,0.0,0
2022-08-19,22.5020550542241,0,0,0.0,0.0,0
2022-08-20,22.2360036669464,0,0,0.0,0.0,0
2022-08-21,23.0119052930051,0,0,0.0,0.0,0
2022-08-22,22.4160484322023,0,0,0.0,0.0,0
2022-08-23,23.5422355776209,0,0,0.0,0.0,0
2022-08-24,23.04224767446,0,0,0.0,0.0,0
2022-08-25,23.0158924907339,0,0,0.0,0.0,0
2022-08-26,20.5780061404098,0,0,0.0,0.0,0
2022-08-27,20.1140625979643,0,0,0.0,0.0,0
2022-08-28,18.4180959553649,0,0,0.0,0.0,0
2022-08-29,19.3302632435348,0,0,0.0,0.0,0
2022-08-30,19.4190943441328,0,0,0.0,0.0,0
2022-08-31,19.0936076399075,0,0,0.0,0.0,0
2022-09-01,19.2732944887204,0,0,0.0,0.0,0
2022-09-02,18.841364480021,0,0,0.0,0.0,0
2022-09-03,18.8457134537769,0,0,0.0,0.0,0
2022-09-04,18.983233589742,0,0,0.0,0.0,0
2022-09-05,19.1749564006915,0,0,0.0,0.0,0
2022-09-06,18.2484571877138,0,0,0.0,0.0,0
2022-09-07,19.0553026067546,0,0,0.0,0.0,0
2022-09-08,19.1192706660574,0,0,0.0,0.0,0
2022-09-09,20.3620653685807,0,0,0.0,0.0,0
2022-09-10,20.572418854863,0,0,0.0,0.0,0
2022-09-11,20.5851079592161,0,0,0.0,0.0,0
2022-09-12,21.3652234349977,0,0,0.0,0.0,0
2022-09-13,18.8706778797367,0,0,0.0,0.0,0
2022-09-14,19.0882895359978,0,0,0.0,0.0,0
2022-09-15,18.1864511463051,0,0,0.0,0.0,0
2022-09-16,18.040659532912,0,0,0.0,0.0,0
2022-09-17,18.4584823610056,0,0,0.0,0.0,0
2022-09-18,16.8015824483165,0,0,0.0,0.0,0
2022-09-19,17.3113060717871,0,0,0.0,0.0,0
2022-09-20,16.6558015500356,0,0,0.0,0.0,0
2022-09-21,16.5521362865328,0,0,0.0,0.0,0
2022-09-22,17.7000860519039,0,0,0.0,0.0,0
2022-09-23,17.9827482005859,0,0,0.0,0.0,0
2022-09-24,17.6209243144394,0,0,0.0,0.0,0
2022-09-25,17.3399548634937,0,0,0.0,0.0,0
2022-09-26,17.4770453642794,0,0,0.0,0.0,0
2022-09-27,17.3072876022199,0,0,0.0,0.0,0
2022-09-28,17.282294224321,0,0,0.0,0.0,0
2022-09-29,17.32369426191,0,0,0.0,0.0,0
2022-09-30,17.183846117375,0,0,0.0,0.0,0
2022-10-01,16.9857146886168,0,0,0.0,0.0,0
2022-10-02,16.5418987726476,0,0,0.0,0.0,0
2022-10-03,17.1719702198562,0,0,0.0,0.0,0
2022-10-04,17.4304300086117,0,0,0.0,0.0,0
2022-10-05,17.3550703074609,0,0,0.0,0.0,0
2022-10-06,17.0435072474479,0,0,0.0,0.0,0
2022-10-07,16.9008306860157,0,0,0.0,0.0,0
2022-10-08,16.7811800801377,0,0,0.0,0.0,0
2022-10-09,16.8804011396886,0,0,0.0,0.0,0
2022-10-10,16.2552493153424,0,0,0.0,0.0,0
2022-10-11,15.9261934737269,0,0,0.0,0.0,0
2022-10-12,15.9599211752508,0,0,0.0,0.0,0
2022-10-13,15.6672445918857,0,0,0.0,0.0,0
2022-10-14,15.6681095279223,0,0,0.0,0.0,0
2022-10-15,15.4434995013389,0,0,0.0,0.0,0
2022-10-16,15.7535032726612,0,0,0.0,0.0,0
2022-10-17,16.2096352612544,0,0,0.0,0.0,0
2022-10-18,15.8809284332476,0,0,0.0,0.0,0
2022-10-19,15.1311892115421,0,0,0.0,0.0,0
2022-10-20,15.1675048546121,0,0,0.0,0.0,0
2022-10-21,15.6920093394198,0,0,0.0,0.0,0
2022-10-22,15.6873857116124,0,0,0.0,0.0,0
2022-10-23,16.3155355476363,0,0,0.0,0.0,0
2022-10-24,15.752356328236,0,0,0.0,0.0,0
2022-10-25,16.6584545197081,0,0,0.0,0.0,0
2022-10-26,17.0240421792453,0,0,0.0,0.0,0
2022-10-27,16.9336508492831,0,0,0.0,0.0,0
2022-10-28,18.3380396286854,0,0,0.0,0.0,0
2022-10-29,18.2817296577008,0,0,0.0,0.0,0
2022-10-30,18.2241082971496,0,0,0.0,0.0,0
2022-10-31,19.3495039888957,0,0,0.0,0.0,0
2022-11-01,18.6807326543305,0,0,0.0,0.0,0
2022-11-02,17.8910138860303,0,0,0.0,0.0,0
2022-11-03,18.0178294395596,0,0,0.0,0.0,0
2022-11-04,19.355448358213,0,0,0.0,0.0,0
2022-11-05,19.6159156511487,0,0,0.0,0.0,0
2022-11-06,18.3164821011105,0,0,0.0,0.0,0
2022-11-07,18.0373636410404,0,0,0.0,0.0,0
2022-11-08,15.9719100806388,0,0,0.0,0.0,0
2022-11-09,12.8160631554169,0,0,0.0,0.0,0
2022-11-10,15.3386639440139,0,0,0.0,0.0,0
2022-11-11,13.9966061529193,0,0,0.0,0.0,0
2022-11-12,13.0679495904566,0,0,0.0,0.0,0
2022-11-13,12.9474151180932,0,0,0.0,0.0,0
2022-11-14,13.1033880119621,0,0,0.0,0.0,0
2022-11-15,13.4689684286292,0,0,0.0,0.0,0
2022-11-16,13.0707019467189,0,0,0.0,0.0,0
2022-11-17,12.88637486307,0,0,0.0,0.0,0
2022-11-18,12.9548076542124,0,0,0.0,0.0,0
2022-11-19,12.8818891844493,0,0,0.0,0.0,0
2022-11-20,12.1762046768653,0,0,0.0,0.0,0
2022-11-21,11.8277334077335,0,0,0.0,0.0,0
2022-11-22,12.3145572375748,0,0,0.0,0.0,0
2022-11-23,12.9878767209992,0,0,0.0,0.0,0
2022-11-24,12.9287255820215,0,0,0.0,0.0,0
2022-11-25,12.8361532381601,0,0,0.0,0.0,0
2022-11-26,12.7398292805875,0,0,0.0,0.0,0
2022-11-27,12.9034658035217,0,0,0.0,0.0,0
2022-11-28,12.4517524302765,0,0,0.0,0.0,0
2022-11-29,12.4794470154469,0,0,0.0,0.0,0
2022-11-30,13.1554509405775,0,0,0.0,0.0,0
2022-12-01,12.868789530265,0,0,0.0,0.0,0
2022-12-02,13.5777750112233,0,0,0.0,0.0,0
2022-12-03,13.4409835371387,0,0,0.0,0.0,0
2022-12-04,13.8962517954244,0,0,0.0,0.0,0
2022-12-05,13.5928170254014,0,0,0.0,0.0,0
2022-12-06,13.6473911644368,0,0,0.0,0.0,0
2022-12-07,13.2631302723246,0,0,0.0,0.0,0
2022-12-08,13.4105916890471,0,0,0.0,0.0,0
2022-12-09,13.4531062501263,0,0,0.0,0.0,0
2022-12-10,13.4754312258904,0,0,0.0,0.0,0
2022-12-11,13.0043415128946,0,0,0.0,0.0,0
2022-12-12,12.9878372765915,0,0,0.0,0.0,0
2022-12-13,13.7334543351298,0,0,0.0,0.0,0
2022-12-14,13.7167539920563,0,0,0.0,0.0,0
2022-12-15,13.1549077955075,0,0,0.0,0.0,0
2022-12-16,11.7961253652835,0,0,0.0,0.0,0
2022-12-17,11.9478646306566,0,0,0.0,0.0,0
2022-12-18,11.9583093393308,0,0,0.0,0.0,0
2022-12-19,11.3783439509059,0,0,0.0,0.0,0
2022-12-20,11.9669825721918,0,0,0.0,0.0,0
2022-12-21,11.6852697657368,0,0,0.0,0.0,0
2022-12-22,11.8264237876398,0,0,0.0,0.0,0
2022-12-23,11.7716214484705,0,0,0.0,0.0,0
2022-12-24,11.6692531883446,0,0,0.0,0.0,0
2022-12-25,11.6744638987678,0,0,0.0,0.0,0
2022-12-26,11.6964338929653,0,0,0.0,0.0,0
2022-12-27,11.6404803494148,0,0,0.0,0.0,0
2022-12-28,11.1968418797889,0,0,0.0,0.0,0
2022-12-29,10.9801012772737,0,0,0.0,0.0,0
2022-12-30,10.8598241279609,0,0,0.0,0.0,0
2022-12-31,10.8851056452443,0,0,0.0,0.0,0
2023-01-01,10.8567518361336,0,0,0.0,0.0,0
2023-01-02,11.1626355910298,0,0,0.0,0.0,0
2023-01-03,11.3679332195156,0,0,0.0,0.0,0
2023-01-04,12.0800988051951,0,0,0.0,0.0,0
2023-01-05,11.7344274572494,0,0,0.0,0.0,0
2023-01-06,11.7754267665013,0,0,0.0,0.0,0
2023-01-07,11.7290562172335,0,0,0.0,0.0,0
2023-01-08,12.0549206664395,0,0,0.0,0.0,0
2023-01-09,12.1982595254018,0,0,0.0,0.0,0
2023-01-10,12.7338363112602,0,0,0.0,0.0,0
2023-01-11,15.827003798948,0,0,0.0,0.0,0
2023-01-12,15.3930575336254,0,0,0.0,0.0,0
2023-01-13,15.9245599557072,0,0,0.0,0.0,0
2023-01-14,16.9904398769239,0,0,0.0,0.0,0
2023-01-15,16.7878051709299,0,0,0.0,0.0,0
2023-01-16,16.7299567437182,0,0,0.0,0.0,0
2023-01-17,17.1371388077148,0,0,0.0,0.0,0
2023-01-18,15.8566609594998,0,0,0.0,0.0,0
2023-01-19,16.1747136177674,0,0,0.0,0.0,0
2023-01-20,17.4880187025131,0,0,0.0,0.0,0
2023-01-21,16.9562747900009,0,0,0.0,0.0,0
2023-01-22,17.3549677391728,0,0,0.0,0.0,0
2023-01-23,18.0045945290173,0,0,0.0,0.0,0
2023-01-24,17.0221502907149,0,0,0.0,0.0,0
2023-01-25,17.7993556380501,0,0,0.0,0.0,0
2023-01-26,18.1192714074763,0,0,0.0,0.0,0
2023-01-27,21.3076681747902,0,0,0.0,0.0,0
2023-01-28,20.5960066753933,0,0,0.0,0.0,0
2023-01-29,21.0474180228821,0,0,0.0,0.0,0
2023-01-30,19.6954048621745,0,0,0.0,0.0,0
2023-01-31,19.830956806135,0,0,0.0,0.0,0
2023-02-01,20.9101293553785,0,0,0.0,0.0,0
2023-02-02,21.2444159873617,0,0,0.0,0.0,0
2023-02-03,21.3731403282941,0,0,0.0,0.0,0
2023-02-04,21.1057111343733,0,0,0.0,0.0,0
2023-02-05,20.1044290326375,0,0,0.0,0.0,0
2023-02-06,19.5842342470482,0,0,0.0,0.0,0
2023-02-07,20.8511076830576,0,0,0.0,0.0,0
2023-02-08,20.0881332542055,0,0,0.0,0.0,0
2023-02-09,17.8764713076033,0,0,0.0,0.0,0
2023-02-10,17.7982822969449,0,0,0.0,0.0,0
2023-02-11,18.0336623550724,0,0,0.0,0.0,0
2023-02-12,17.7515852445153,0,0,0.0,0.0,0
2023-02-13,17.6274355430463,0,0,0.0,0.0,0
2023-02-14,18.1624509521233,0,0,0.0,0.0,0
2023-02-15,19.8458590375072,0,0,0.0,0.0,0
2023-02-16,18.6633891552917,0,0,0.0,0.0,0
2023-02-17,19.4856813190046,0,0,0.0,0.0,0
2023-02-18,19.5943603694756,0,0,0.0,0.0,0
2023-02-19,19.8866705754766,0,0,0.0,0.0,0
2023-02-20,20.8401985649392,0,0,0.0,0.0,0
2023-02-21,20.8964882925772,0,0,0.0,0.0,0
2023-02-22,20.2946965403754,0,0,0.0,0.0,0
2023-02-23,19.6913435651625,0,0,0.0,0.0,0
2023-02-24,18.3695812051612,0,0,0.0,0.0,0
2023-02-25,17.9431333023857,0,0,0.0,0.0,0
2023-02-26,18.4257561669524,0,0,0.0,0.0,0
2023-02-27,17.9156230489005,0,0,0.0,0.0,0
2023-02-28,17.1070235695113,0,0,0.0,0.0,0
2023-03-01,17.7382254544396,0,0,0.0,0.0,0
2023-03-02,17.4581843226348,0,0,0.0,0.0,0
2023-03-03,16.651048178271,0,0,0.0,0.0,0
2023-03-04,16.1034420960728,0,0,0.0,0.0,0
2023-03-05,16.1483711714754,0,0,0.0,0.0,0
2023-03-06,16.5204050859631,0,0,0.0,0.0,0
2023-03-07,16.1399688130371,0,0,0.0,0.0,0
2023-03-08,15.1591696456055,0,0,0.0,0.0,0
2023-03-09,14.3753548836855,0,0,0.0,0.0,0
2023-03-10,14.9049024707239,0,0,0.0,0.0,0
2023-03-11,14.5656016030916,0,0,0.0,0.0,0
2023-03-12,16.2724604014609,0,0,0.0,0.0,0
2023-03-13,16.4730535684365,0,0,0.0,0.0,0
2023-03-14,17.1772893611449,0,0,0.0,0.0,0
2023-03-15,15.5976235082968,0,0,0.0,0.0,0
2023-03-16,15.872494801595,0,0,0.0,0.0,0
2023-03-17,17.6389353877049,0,0,0.0,0.0,0
2023-03-18,17.0051591057013,0,0,0.0,0.0,0
2023-03-19,17.6843525945065,0,0,0.0,0.0,0
2023-03-20,16.7088237637689,0,0,0.0,0.0,0
2023-03-21,17.4677047760913,0,0,0.0,0.0,0
2023-03-22,16.7807087038945,0,0,0.0,0.0,0
2023-03-23,17.5828819920737,0,0,0.0,0.0,0
2023-03-24,17.0185284239277,0,0,0.0,0.0,0
2023-03-25,16.8307167661619,0,0,0.0,0.0,0
2023-03-26,17.1505567757177,0,0,0.0,0.0,0
2023-03-27,16.4992050305663,0,0,0.0,0.0,0
2023-03-28,16.7345840937106,0,0,0.0,0.0,0
2023-03-29,17.3121388803835,0,0,0.0,0.0,0
2023-03-30,17.235135102257,0,0,0.0,0.0,0
2023-03-31,17.7222144353183,0,0,0.0,0.0,0
2023-04-01,17.8077816838249,0,0,0.0,0.0,0
2023-04-02,17.2582172097841,0,0,0.0,0.0,0
2023-04-03,17.1257251465695,0,0,0.0,0.0,0
2023-04-04,17.6166893137007,0,0,0.0,0.0,0
2023-04-05,18.0134388249617,0,0,0.0,0.0,0
2023-04-06,18.0176748212712,0,0,0.0,0.0,0
2023-04-07,17.6356248578329,0,0,0.0,0.0,0
2023-04-08,17.4687457300011,0,0,0.0,0.0,0
2023-04-09,17.5712493855722,0,0,0.0,0.0,0
2023-04-10,17.9430276409897,0,0,0.0,0.0,0
2023-04-11,18.1783757784242,0,0,0.0,0.0,0
2023-04-12,18.2647422301026,0,0,0.0,0.0,0
2023-04-13,18.83539799931,0,0,0.0,0.0,0
2023-04-14,19.2374988570086,0,0,0.0,0.0,0
2023-04-15,19.11609209202,0,0,0.0,0.0,0
2023-04-16,20.2221613870714,0,0,0.0,0.0,0
2023-04-17,20.5580183516324,0,0,0.0,0.0,0
2023-04-18,21.195065913161,0,0,0.0,0.0,0
2023-04-19,18.9243815663215,0,0,0.0,0.0,0
2023-04-20,18.3233738982106,0,0,0.0,0.0,0
2023-04-21,16.9512717743698,0,0,0.0,0.0,0
2023-04-22,17.2448541009852,0,0,0.0,0.0,0
2023-04-23,16.8720727053708,0,0,0.0,0.0,0
2023-04-24,16.9453166508261,0,0,0.0,0.0,0
2023-04-25,17.6318427100185,110335,110218,12220.0,48637.0,316
2023-04-26,17.1848478422338,634,110297,12176.0,48405.0,952
2023-04-27,17.7221345577597,499,110289,12272.0,48740.0,890
2023-04-28,17.5467654804403,313,110307,12247.0,48658.0,718
2023-04-29,17.4654316174573,342,110301,12213.0,48587.0,721
2023-04-30,17.1973898527142,407,110303,12166.0,48388.0,484
2023-05-01,16.6552168040672,462,110275,11920.0,47787.0,713
2023-05-02,16.8583741168455,312,110291,12073.0,48067.0,620
2023-05-03,17.2267692579273,263,110284,12155.0,48368.0,584
2023-05-04,16.9212871413036,262,110294,12083.0,48101.0,545
2023-05-05,17.3902346200145,370,110283,12194.0,48500.0,867
2023-05-06,16.6207133172823,297,110270,11919.0,47752.0,702
2023-05-07,16.5362669139448,317,110228,11857.0,47664.0,583
2023-05-08,15.4383729108489,448,110250,11596.0,46908.0,821
2023-05-09,15.3454242283967,304,110248,11562.0,46827.0,705
2023-05-10,15.5527270404448,398,110256,11617.0,46985.0,867
2023-05-11,14.9656605152239,350,110268,11491.0,46600.0,707
2023-05-12,15.1853125827169,324,110286,11540.0,46735.0,831
2023-05-13,14.9471480491768,347,110196,11410.0,46495.0,709
2023-05-14,15.0233858989927,242,110199,11431.0,46557.0,479
2023-05-15,15.1236151096926,305,110216,11446.0,46607.0,717
2023-05-16,14.8971089708048,368,110192,11371.0,46433.0,798
2023-05-17,15.1658006376655,347,110220,11447.0,46623.0,855
2023-05-18,14.7088409777994,458,110204,11319.0,46293.0,956
2023-05-19,14.6881619685705,353,110214,11317.0,46283.0,922
2023-05-20,14.6238178163811,296,110237,11304.0,46251.0,661
2023-05-21,14.3316604734927,375,110245,11233.0,45912.0,783
2023-05-22,14.6800142197909,340,110242,11311.0,46276.0,756
2023-05-23,14.7093233903187,410,110264,11319.0,46314.0,948
2023-05-24,14.149233509064,477,110278,11107.0,45704.0,1133
2023-05-25,14.0934655548206,331,110301,11101.0,45680.0,786
2023-05-26,14.3618067742386,604,110428,11292.0,46079.0,954
2023-05-27,14.5452449416912,415,110455,11369.0,46307.0,828
2023-05-28,14.9381390289645,370,110444,11471.0,46606.0,574
2023-05-29,14.4782921879009,366,110432,11352.0,46159.0,743
2023-05-30,14.4440696787683,541,110333,11320.0,46068.0,968
2023-05-31,14.1173080092836,508,110305,11139.0,45695.0,948
2023-06-01,14.1119123974229,440,110316,11143.0,45702.0,765
2023-06-02,14.4856659078681,428,110295,11305.0,46052.0,908
2023-06-03,14.5759074409099,343,110269,11308.0,46165.0,613
2023-06-04,14.8044655195596,401,110319,11395.0,46404.0,705
2023-06-05,13.8892609641393,626,110386,11113.0,45521.0,1048
2023-06-06,14.6315554002445,497,110455,11429.0,46380.0,951
2023-06-07,14.0243701288306,625,110486,11222.0,45772.0,1378
2023-06-08,13.936390596701,468,110488,11204.0,45689.0,885
2023-06-09,13.7428170668933,524,110566,11198.0,45515.0,1025
2023-06-10,11.6760154784715,827,110681,10577.0,43532.0,1329
2023-06-11,11.55840011114,288,110681,10530.0,43391.0,534
2023-06-12,11.5263172592337,485,110735,10543.0,43398.0,886
2023-06-13,11.7720098796095,568,110770,10661.0,43685.0,969
2023-06-14,11.3628633445585,429,110801,10547.0,43225.0,831
2023-06-15,11.3903219639813,573,110790,10542.0,43289.0,1016
2023-06-16,11.5376302988762,476,110843,10610.0,43513.0,961
2023-06-17,11.6214562713092,363,110898,10662.0,43638.0,701
2023-06-18,11.3406285984548,471,110912,10579.0,43278.0,813
2023-06-19,11.4426646382402,561,110927,10621.0,43454.0,1120
2023-06-20,12.0900790846009,727,110820,10727.0,44048.0,1317
2023-06-21,12.943697352326,566,110854,11100.0,45049.0,1328
2023-06-22,12.6705263176577,620,110878,11033.0,44761.0,1298
2023-06-23,13.2655953638434,401,110901,11224.0,45361.0,1050
2023-06-24,13.015626062091,453,110932,11169.0,45191.0,1041
2023-06-25,13.4273403051297,433,110947,11306.0,45552.0,856
2023-06-26,13.1282066418567,439,110950,11202.0,45280.0,991
2023-06-27,13.1865018991136,490,110926,11213.0,45310.0,883
2023-06-28,12.3524557301706,459,110940,10874.0,44416.0,1039
2023-06-29,12.6878492114067,551,110822,10955.0,44731.0,1027
2023-06-30,13.0170114075088,656,110883,11093.0,45126.0,1348
2023-07-01,12.9826834565122,571,110870,11059.0,45065.0,1004
2023-07-02,13.1078852345536,534,110904,11119.0,45221.0,842
2023-07-03,13.2081683859201,448,110914,11143.0,45299.0,800
2023-07-04,13.0697687633378,476,110933,11134.0,45213.0,891
2023-07-05,12.6857911870801,381,110949,11023.0,44837.0,1026
2023-07-06,12.441181618881,529,110959,10843.0,44479.0,1086
2023-07-07,12.7378925234513,426,110971,11034.0,44907.0,1022
2023-07-08,13.6286729900117,534,110999,11310.0,45730.0,1460
2023-07-09,13.5966996128014,832,111075,11340.0,45783.0,1330
2023-07-10,13.387043006194,495,111083,11266.0,45602.0,1033
2023-07-11,13.2542273159175,541,111119,11229.0,45498.0,1274
2023-07-12,13.0242966582735,506,111138,11184.0,45328.0,1097
2023-07-13,14.0575981368556,531,111143,11471.0,46278.0,1084
2023-07-14,14.6052903113874,770,111065,11694.0,46857.0,1804
2023-07-15,14.8204322292851,374,111075,11752.0,47054.0,814
2023-07-16,14.2850893194109,452,111072,11553.0,46459.0,765
2023-07-17,14.4183484733288,513,111092,11656.0,46662.0,926
2023-07-18,13.7742744763906,336,111121,11430.0,46023.0,831
2023-07-19,14.0017814012355,402,111144,11482.0,46286.0,1018
2023-07-20,13.8555596847088,412,111169,11467.0,46109.0,940
2023-07-21,13.9872788415015,395,111163,11489.0,46287.0,942
2023-07-22,13.4768484586629,291,111178,11364.0,45790.0,771
2023-07-23,13.5644370325159,315,111188,11392.0,45868.0,656
2023-07-24,13.1075541012292,358,111186,11249.0,45474.0,930
2023-07-25,13.3393758850118,368,111208,11331.0,45689.0,946
2023-07-26,13.2582317645128,418,111183,11299.0,45596.0,918
2023-07-27,13.1381351641727,399,111201,11285.0,45514.0,803
2023-07-28,13.2374017549098,344,111209,11301.0,45607.0,896
2023-07-29,13.2473511475397,258,111230,11312.0,45641.0,545
2023-07-30,13.1255245804705,297,111237,11282.0,45545.0,490
2023-07-31,12.8232049698202,391,111259,11195.0,45281.0,685
2023-08-01,12.838517313547,414,111256,11196.0,45291.0,807
2023-08-02,12.5227356230925,376,111272,11083.0,44914.0,967
2023-08-03,12.4462755257577,368,111310,11004.0,44826.0,818
2023-08-04,12.3892077370185,358,111340,10998.0,44795.0,915
2023-08-05,12.4273524371996,335,111327,11000.0,44828.0,728
2023-08-06,12.5647192280887,253,111362,11150.0,45051.0,551
2023-08-07,12.4378642035434,604,111107,10878.0,44611.0,881
2023-08-08,12.6856365237996,536,111143,11054.0,45004.0,786
2023-08-09,12.627924501966,334,111158,11036.0,44919.0,839
2023-08-10,12.4709683830058,361,111130,10892.0,44658.0,681
2023-08-11,12.4331593249989,312,111125,10858.0,44611.0,784
2023-08-12,12.3814213768448,269,111122,10842.0,44556.0,588
2023-08-13,12.2566313025391,300,111104,10783.0,44430.0,475
2023-08-14,12.3483802030403,295,111137,10830.0,44540.0,647
2023-08-15,11.80035550992,332,111143,10662.0,43940.0,732
2023-08-16,11.3460363625372,405,111148,10522.0,43410.0,1042
2023-08-17,10.5939839910516,461,111181,10210.0,42113.0,988
2023-08-18,10.7979312244573,497,111219,10293.0,42407.0,1135
2023-08-19,10.793662017589,376,111259,10295.0,42399.0,1042
2023-08-20,10.8783910123199,369,111284,10329.0,42504.0,661
2023-08-21,10.3669055497657,360,111292,10135.0,41781.0,882
2023-08-22,10.1181487169375,547,111333,10052.0,40891.0,1011
2023-08-23,10.3371130248777,318,111373,10168.0,41778.0,762
2023-08-24,10.0950053213761,282,111407,10078.0,39557.0,701
2023-08-25,10.0469919857087,335,111435,10063.0,38631.0,827
2023-08-26,10.0886973431475,293,111479,10114.0,39550.0,719
2023-08-27,10.1937109974151,282,111503,10185.0,41436.0,565
2023-08-28,10.3587117194055,377,111530,10257.0,41928.0,789
2023-08-29,10.802702922644,465,111583,10445.0,42628.0,1102
2023-08-30,10.4090791990045,351,111599,10294.0,42044.0,973
2023-08-31,9.9866188312354,456,111582,9659.0,33981.0,818
2023-09-01,9.9160645482571,470,111570,9601.0,33580.0,988
2023-09-02,9.9111212736436,329,111580,9591.0,33577.0,844
2023-09-03,9.87869347364044,276,111562,9552.0,33389.0,498
2023-09-04,9.77993371734706,274,111578,9497.0,33117.0,706
2023-09-05,9.91829561849218,321,111607,9623.0,33630.0,677
2023-09-06,9.93523199481448,304,111609,9652.0,33735.0,725
2023-09-07,10.0688059902748,558,111638,10157.0,39398.0,796
2023-09-08,9.91855533739505,258,111649,9650.0,33678.0,687
2023-09-09,9.83901032851862,229,111672,9593.0,33391.0,620
2023-09-10,9.46233609542104,316,111667,9413.0,32326.0,628
2023-09-11,9.21659069456219,410,111696,9313.0,31760.0,741
2023-09-12,9.21471358394713,297,111702,9308.0,31751.0,706
2023-09-13,9.30108074253023,275,111731,9360.0,31997.0,788
2023-09-14,9.40126602492441,226,111755,9430.0,32248.0,635
2023-09-15,9.4380193534487,334,111741,9440.0,32316.0,795
2023-09-16,9.37829729014965,256,111722,9410.0,32163.0,743
2023-09-17,9.09255129857965,274,111739,9231.0,31317.0,611
2023-09-18,9.11320488840592,389,111752,9282.0,31417.0,934
2023-09-19,9.21944514619059,290,111766,9338.0,31820.0,674
2023-09-20,9.04093064811958,290,111782,9217.0,31181.0,887
2023-09-21,8.8260411580628,553,111847,9145.0,30754.0,886
2023-09-22,8.86215966970328,373,111873,9165.0,30841.0,844
2023-09-23,8.89336818505557,296,111890,9181.0,30925.0,682
2023-09-24,8.79407111129796,229,111895,9156.0,30708.0,490
2023-09-25,8.94118605435115,312,111918,9227.0,31038.0,652
2023-09-26,9.03778689142931,313,111920,9288.0,31286.0,772
2023-09-27,8.91709176969876,378,111978,9251.0,31045.0,973
2023-09-28,9.26305857660985,405,111958,9473.0,32094.0,905
2023-09-29,9.17480656303235,327,111999,9421.0,31860.0,877
2023-09-30,9.24247479611693,318,112007,9470.0,32072.0,785
2023-10-01,9.74682342671285,393,112030,9723.0,33409.0,639
2023-10-02,9.32807770064036,437,112051,9545.0,32308.0,867
2023-10-03,9.40379194199433,279,112066,9595.0,32506.0,666
2023-10-04,10.1232636885709,333,112066,10436.0,41584.0,846
2023-10-05,10.1477450349971,355,112081,10455.0,41714.0,888
2023-10-06,10.6537533172977,385,112054,10639.0,42832.0,953
2023-10-07,10.3614310632556,760,111613,10288.0,41935.0,1031
2023-10-08,10.0969345527606,365,111557,10153.0,39598.0,582
2023-10-09,9.52554263100838,319,111571,9374.0,32339.0,677
2023-10-10,9.5431517591101,281,111569,9396.0,32391.0,707
2023-10-11,9.29276998883631,264,111572,9265.0,31790.0,869
2023-10-12,9.11787515393747,381,111601,9197.0,31291.0,878
2023-10-13,9.14915453897173,279,111597,9196.0,31380.0,727
2023-10-14,9.14560901308428,234,111577,9181.0,31357.0,622
2023-10-15,9.16816349717291,274,111609,9198.0,31420.0,523
2023-10-16,9.41939138225591,446,111632,9352.0,32126.0,981
2023-10-17,9.11221816308378,283,111642,9194.0,31265.0,678
2023-10-18,8.91415547350223,291,111664,9069.0,30720.0,771
2023-10-19,9.06515626023691,372,111689,9154.0,31095.0,848
2023-10-20,9.23025493412847,453,111724,9288.0,31748.0,937
2023-10-21,9.63442255800348,316,111746,9501.0,32780.0,763
2023-10-22,10.0543742512241,389,111732,10205.0,39295.0,774
2023-10-23,10.5316251875495,457,111732,10415.0,42316.0,958
2023-10-24,10.3168235227244,517,111783,10340.0,41987.0,1118
2023-10-25,10.489113691923,469,111769,10407.0,42238.0,1097
2023-10-26,11.0940455408379,470,111768,10634.0,43017.0,1230
2023-10-27,10.5791886045992,400,111784,10469.0,42445.0,998
2023-10-28,10.9573149131182,368,111789,10605.0,42903.0,1003
2023-10-29,11.3719495953187,354,111807,10831.0,43845.0,600
2023-10-30,11.4440848540857,446,111840,10872.0,43992.0,666
2023-10-31,11.2958825968464,433,111877,10823.0,43792.0,811
2023-11-01,12.1820887133829,468,111906,11118.0,44838.0,1026
2023-11-02,11.8646408985104,598,111924,11068.0,44509.0,1192
2023-11-03,12.1021919753617,639,111896,11148.0,44743.0,1649
2023-11-04,12.2443815905626,344,111895,11193.0,44905.0,718
2023-11-05,12.3839905220513,428,111904,11261.0,45036.0,830
2023-11-06,13.0499761801853,460,111861,11531.0,45768.0,963
2023-11-07,12.8096772880464,424,111836,11426.0,45497.0,973
2023-11-08,13.0429116433893,364,111823,11485.0,45719.0,805
2023-11-09,12.9256516208756,503,111792,11401.0,45575.0,1122
2023-11-10,14.7781948356392,560,111773,11963.0,47308.0,1156
2023-11-11,16.6939173309156,582,111766,12476.0,48660.0,1389
2023-11-12,18.8942688397585,803,111772,13012.0,50331.0,1425
2023-11-13,16.2775878643551,583,111767,12305.0,48348.0,1232
2023-11-14,17.144529406546,504,111776,12623.0,49082.0,1169
2023-11-15,20.6889904318046,685,111799,13883.0,52841.0,1726
2023-11-16,21.5392654810335,849,111772,13980.0,53318.0,2132
2023-11-17,22.1170946682344,623,111830,14093.0,53628.0,1830
2023-11-18,22.0152354581701,510,111842,14062.0,53597.0,1259
2023-11-19,22.7954766431741,638,111838,14206.0,53969.0,1187
2023-11-20,20.8674747637661,577,111856,13895.0,53009.0,1330
2023-11-21,19.1170291528752,848,112025,13142.0,50612.0,1789
2023-11-22,20.8091031280536,1018,112253,14141.0,53291.0,1835
2023-11-23,20.6851339060793,638,112399,14185.0,53342.0,1273
2023-11-24,20.8819235170665,670,112474,14269.0,53569.0,1304
2023-11-25,21.2601649165377,553,112493,14323.0,53792.0,1166
2023-11-26,21.0949955730627,521,112533,14309.0,53731.0,895
2023-11-27,20.3562059367002,563,112558,14166.0,52756.0,1018
2023-11-28,20.6675882239907,463,112606,14260.0,53481.0,1039
2023-11-29,21.0834512889383,549,112642,14343.0,53799.0,1306
2023-11-30,21.3761320715599,626,112656,14382.0,53946.0,1176
2023-12-01,21.8375609592228,601,112648,14427.0,54168.0,1438
2023-12-02,22.2049515013073,405,112719,14517.0,54374.0,980
2023-12-03,21.9904670313367,521,112774,14516.0,54347.0,1057
2023-12-04,22.473084941974,973,112938,14705.0,54713.0,1539
2023-12-05,24.3600605804464,1777,111892,14367.0,54529.0,2166
2023-12-06,26.2672185422616,808,111855,14823.0,55474.0,1887
2023-12-07,26.2446043879615,668,111810,14789.0,55423.0,1445
2023-12-08,30.5709532255556,850,111820,15367.0,56714.0,1708
2023-12-09,31.8119615746717,1202,111729,15496.0,56993.0,2125
2023-12-10,37.0212797998256,939,111710,16381.0,58635.0,1574
2023-12-11,38.379772685614,1312,111520,16299.0,58727.0,2185
2023-12-12,37.4618684546806,1120,111547,16216.0,58564.0,2182
2023-12-13,39.1338741940769,867,111681,16435.0,59005.0,1923
2023-12-14,39.5153685267982,772,111800,16541.0,59156.0,1523
2023-12-15,40.0721141945998,1071,111950,16662.0,59581.0,2357
2023-12-16,42.0144334835445,1146,112053,16890.0,60108.0,2235
2023-12-17,40.6215218890701,816,112066,16773.0,59818.0,1433
2023-12-18,40.951836499004,1151,111748,16571.0,59573.0,1929
2023-12-19,39.7097737773918,773,111791,16421.0,59090.0,1475
2023-12-20,43.3609905666647,1222,111972,16853.0,60211.0,2102
2023-12-21,46.0376184187922,869,112031,17107.0,60680.0,1653
2023-12-22,45.4299795606138,769,112098,17068.0,60593.0,1471
2023-12-23,47.908496234033,696,112181,17349.0,61096.0,1364
2023-12-24,47.8023936899955,808,112193,17316.0,61085.0,1447
2023-12-25,48.3265983491669,599,112218,17395.0,61203.0,1130
2023-12-26,44.3175394188498,1141,112760,17016.0,60595.0,1809
2023-12-27,42.4263742220702,1246,112270,16850.0,60275.0,2034
2023-12-28,40.0058289245423,868,112524,16740.0,59961.0,1467
2023-12-29,40.1677743281137,701,112642,16829.0,60108.0,1335
2023-12-30,39.411165310296,565,112759,16812.0,59850.0,982
2023-12-31,38.5054205476717,674,112866,16794.0,59777.0,1086
2024-01-01,41.7925940978045,744,112849,17100.0,60647.0,1143
2024-01-02,40.6861214854173,861,112865,16977.0,60400.0,1292
2024-01-03,36.7016172671813,737,112932,16600.0,59412.0,1350
2024-01-04,38.7072279771058,630,112968,16802.0,59878.0,1191
2024-01-05,36.4063588559101,671,112912,16543.0,59314.0,1099
2024-01-06,34.3305447592323,479,112938,16327.0,58651.0,809
2024-01-07,33.4956109882601,469,112954,16196.0,58336.0,796
2024-01-08,36.0681628054465,657,112989,16512.0,59284.0,1059
2024-01-09,34.6036103711402,561,113002,16343.0,58859.0,930
2024-01-10,38.7887365646967,540,113045,16740.0,59940.0,1106
2024-01-11,39.3888911269227,570,113044,16771.0,60024.0,1228
2024-01-12,35.8863763521921,424,113040,16454.0,59259.0,857
2024-01-13,36.4483217531196,397,113070,16503.0,59409.0,639
2024-01-14,35.5108249158204,354,113097,16430.0,59181.0,561
2024-01-15,35.5990574821737,391,113115,16441.0,59204.0,618
2024-01-16,35.6834878103087,362,113143,16455.0,59246.0,649
2024-01-17,35.9305311925105,398,113146,16475.0,59334.0,755
2024-01-18,33.5648509805241,414,113158,16190.0,58504.0,913
2024-01-19,32.6404381051395,511,113203,15760.0,58090.0,1010
2024-01-20,32.8025777696821,317,113214,15800.0,58131.0,722
2024-01-21,32.5653099376314,349,113204,15740.0,58065.0,584
2024-01-22,29.5338510861352,468,113191,15281.0,57281.0,832
2024-01-23,30.4416926399242,477,113211,15394.0,57504.0,1009
2024-01-24,31.1119656287088,385,113210,15477.0,57666.0,915
2024-01-25,30.4427978752703,318,113237,15396.0,57509.0,720
2024-01-26,32.2513943671713,422,113258,15661.0,57980.0,901
2024-01-27,33.1827808484938,301,113264,15824.0,58214.0,486
2024-01-28,34.7880807577604,425,113273,16320.0,59050.0,916
2024-01-29,36.0562669147753,1587,112040,15691.0,58228.0,1341
2024-01-30,35.2339600065269,400,112038,15608.0,57998.0,704
2024-01-31,33.2557718331029,360,112025,15094.0,57027.0,701
2024-02-01,33.8004229073003,397,112032,15444.0,57455.0,807
2024-02-02,36.6801136948469,396,112053,15721.0,58369.0,994
2024-02-03,35.9715786566381,329,112063,15668.0,58202.0,653
2024-02-04,34.8701069834925,342,112079,15580.0,57905.0,548
2024-02-05,34.4851339270756,377,112104,15538.0,57753.0,635
2024-02-06,34.1793161931528,345,112125,15501.0,57613.0,655
2024-02-07,35.2896249146892,391,112129,15611.0,58031.0,788
2024-02-08,35.4538138705321,356,112148,15623.0,58076.0,715
2024-02-09,38.1542152867176,385,112164,15861.0,58724.0,962
2024-02-10,40.2635106863121,437,112156,16054.0,59349.0,933
2024-02-11,39.6963397974646,398,112172,15963.0,58998.0,623
2024-02-12,40.9707945924162,403,112186,16130.0,59533.0,811
2024-02-13,39.6954074684409,398,112180,15962.0,59001.0,802
2024-02-14,42.3022330717118,446,112192,16225.0,59795.0,946
2024-02-15,41.6128411537664,477,112186,16128.0,59601.0,892
2024-02-16,40.2820959712276,411,112211,16018.0,59334.0,893
2024-02-17,39.7241877501913,437,112198,15909.0,58957.0,715
2024-02-18,40.3496117512078,377,112220,16012.0,59350.0,640
2024-02-19,39.5528416975183,391,112225,15892.0,58950.0,816
2024-02-20,38.5650872972497,427,112224,15814.0,58760.0,915
2024-02-21,37.5602659759555,371,112226,15711.0,58553.0,808
2024-02-22,36.8084037534591,377,112247,15655.0,58384.0,727
2024-02-23,35.8824858227069,291,112268,15585.0,58172.0,488
2024-02-24,36.783368539669,347,112270,15654.0,58389.0,485
2024-02-25,37.4188202418825,380,112307,15746.0,58569.0,559
2024-02-26,39.2613891401264,447,112307,15876.0,58948.0,767
2024-02-27,39.2588414518476,475,112285,15843.0,58919.0,902
2024-02-28,40.194822747025,601,112315,15962.0,59329.0,1104
2024-02-29,40.8903502381354,780,112318,16025.0,59499.0,1390
2024-03-01,42.7243223224834,530,112335,16173.0,59866.0,1090
2024-03-02,44.0788926667011,582,112304,16260.0,60074.0,1061
2024-03-03,42.5889994477692,487,112293,16129.0,59805.0,894
2024-03-04,42.9486627585272,685,112319,16172.0,59867.0,1174
2024-03-05,39.4405418450829,720,112333,15830.0,58915.0,1441
2024-03-06,41.566778510415,533,112360,16030.0,59587.0,1132
2024-03-07,43.4505398188696,593,112397,16151.0,59921.0,1184
2024-03-08,42.7500626579342,524,112444,16086.0,59805.0,883
2024-03-09,43.0498760361059,465,112457,16086.0,59827.0,769
2024-03-10,41.8611161478189,423,112466,15958.0,59583.0,700
2024-03-11,48.8641830743812,664,112501,16577.0,60732.0,1611
2024-03-12,55.3322742549155,750,112586,20778.0,62997.0,1699
2024-03-13,54.6216519559887,919,112402,20512.0,62842.0,1373
2024-03-14,54.2050082424826,744,112371,20314.0,62687.0,1486
2024-03-15,58.1137397115859,622,112414,21549.0,63290.0,1646
2024-03-16,53.3662407551101,659,112465,20017.0,62519.0,1606
2024-03-17,57.931901756733,615,112497,21463.0,63263.0,1365
2024-03-18,60.788352499318,760,112559,22297.0,63658.0,1852
2024-03-19,53.719679837759,584,112610,20075.0,62573.0,1499
2024-03-20,57.1050734334386,538,112650,21172.0,63157.0,1609
2024-03-21,53.8387517501909,473,112693,20100.0,62628.0,1088
2024-03-22,53.0060224177566,416,112774,19841.0,62437.0,932
2024-03-23,53.5932096222473,300,112841,20100.0,62677.0,593
2024-03-24,55.6308796225112,460,112804,20668.0,62983.0,913
2024-03-25,57.781404715705,512,112870,21377.0,63326.0,970
2024-03-26,55.909668257657,854,113104,20971.0,63259.0,1090
2024-03-27,54.0420864357797,752,113197,20357.0,62987.0,1118
2024-03-28,54.6997160882824,477,113245,20557.0,63136.0,730
2024-03-29,53.45181253774,1672,111944,19212.0,61632.0,1353
2024-03-30,52.9762855267858,395,112028,19088.0,61542.0,634
2024-03-31,54.011558220864,386,112064,19469.0,61815.0,649
2024-04-01,51.4913770547294,455,112074,18507.0,60954.0,785
2024-04-02,47.0060791190066,493,112128,15440.0,59452.0,879
2024-04-03,46.0538933849603,483,112200,15435.0,59368.0,718
2024-04-04,46.4396204495746,435,112276,15525.0,59485.0,635
2024-04-05,45.379345510085,373,112343,15487.0,59349.0,591
2024-04-06,48.2531125763633,238,112349,15752.0,59856.0,371
