time,Price,Active_Users,Total_Users,Total_Users_USD100,Total_Users_USD_10,SER,Transactions,Velocity
2017-07-15,0.0767791157006139,52,1310,1177.0,1276.0,5.04425e-07,58,0.678884488254182
2017-07-16,0.0748068998775405,28,1326,1190.0,1291.0,4.51096e-07,29,0.680417627909182
2017-07-17,0.0905459064765366,27,1342,1221.0,1308.0,4.04494e-07,23,0.6834398969146821
2017-07-18,0.0931018345592477,29,1357,1242.0,1324.0,4.0527e-07,30,0.6851997568148321
2017-07-19,0.107892467214453,41,1379,1277.0,1346.0,4.07673e-07,53,0.6903579215461249
2017-07-20,0.117712887816686,18,1386,1288.0,1352.0,4.68984e-07,13,0.6923588379311248
2017-07-21,0.111229256337883,32,1408,1304.0,1374.0,4.0957e-07,33,0.7079415447086248
2017-07-22,0.118295476786714,16,1417,1315.0,1383.0,4.64856e-07,14,0.7082671510386248
2017-07-23,0.119610302038168,14,1428,1323.0,1394.0,4.64976e-07,12,0.7084787506986249
2017-07-24,0.116067795261206,30,1444,1341.0,1410.0,4.7164e-07,30,0.7100122755236249
2017-07-25,0.105959495326113,21,1454,1344.0,1419.0,4.10787e-07,29,0.7118254113186248
2017-07-26,0.105023201797681,11,1461,1349.0,1425.0,5.07166e-07,9,0.7121020382756248
2017-07-27,0.108058008512914,22,1471,1355.0,1429.0,5.15502e-07,17,0.7128741794401248
2017-07-28,0.10469272618222,19,1476,1357.0,1436.0,5.10059e-07,14,0.7133171807269431
2017-07-29,0.107387331714876,6,1477,1359.0,1436.0,5.1186e-07,3,0.714490508541943
2017-07-30,0.107187146057675,6,1478,1361.0,1438.0,5.05733e-07,3,0.7145587179919429
2017-07-31,0.104481944240807,9,1485,1364.0,1445.0,5.05908e-07,8,0.7195975936419429
2017-08-01,0.0998116030478161,12,1489,1359.0,1447.0,5.08718e-07,10,0.7301745757719429
2017-08-02,0.100226835914047,17,1497,1368.0,1453.0,5.13632e-07,13,0.730756464948093
2017-08-03,0.106779190151802,10,1501,1377.0,1458.0,5.12098e-07,9,0.7310827932980929
2017-08-04,0.107628972781117,19,1507,1382.0,1462.0,6.42027e-07,15,0.7316124381695929
2017-08-05,0.128035726997257,27,1513,1407.0,1474.0,5.77445e-07,22,0.7474366987745928
2017-08-06,0.131355002925659,10,1517,1411.0,1478.0,5.77447e-07,11,0.748038865274593
2017-08-07,0.149458875362106,28,1531,1424.0,1491.0,6.89036e-07,28,0.7502179117562496
2017-08-08,0.224924464783898,35,1552,1472.0,1512.0,6.45882e-07,37,0.7525312229512496
2017-08-09,0.243489750346407,43,1580,1502.0,1540.0,6.50381e-07,54,0.7640419077517496
2017-08-10,0.349746311546081,51,1617,1539.0,1575.0,8.16329e-07,55,0.7665973858222497
2017-08-11,0.399895315058952,55,1655,1585.0,1613.0,7.45328e-07,67,0.7768310802727496
2017-08-12,0.446133480251272,71,1690,1610.0,1644.0,8.60412e-07,81,0.7825593163189866
2017-08-13,0.885544677037747,94,1751,1677.0,1703.0,9.93007e-07,100,0.7991973840144865
2017-08-14,1.29961108016914,199,1875,1786.0,1825.0,1.222538e-06,266,0.8095594082992374
2017-08-15,1.12328621983544,137,1954,1844.0,1894.0,1.646774e-06,201,0.8137786291525146
2017-08-16,1.43242694735856,120,2016,1895.0,1952.0,2.036505e-06,149,0.8166177832146351
2017-08-17,1.98695416995694,166,2121,1982.0,2050.0,2.324045e-06,234,0.8221161088961713
2017-08-18,2.30702705019933,285,2239,2068.0,2146.0,3.474392e-06,391,0.8377137807777284
2017-08-19,2.15388556197966,158,2316,2129.0,2217.0,3.780721e-06,202,0.8393822119009783
2017-08-20,2.58597470315812,168,2406,2220.0,2311.0,4.100404e-06,230,0.8410149873544803
2017-08-21,2.70366320592101,283,2557,2342.0,2452.0,4.56601e-06,369,0.8433464790374815
2017-08-22,2.52423907140027,204,2677,2430.0,2559.0,5.014655e-06,276,0.8456555570529595
2017-08-23,2.5798214280938,284,2826,2555.0,2701.0,5.82648e-06,351,0.8482712615480335
2017-08-24,2.37175997933067,233,2931,2628.0,2781.0,6.225907e-06,274,0.8497971963638619
2017-08-25,2.50551018443714,235,2952,2649.0,2810.0,6.248698e-06,269,0.890155429790721
2017-08-26,2.16321399581821,136,2997,2662.0,2838.0,6.669762e-06,154,0.8916573928721226
2017-08-27,2.02926183765034,144,3041,2671.0,2875.0,7.256953e-06,144,0.8926137533534267
2017-08-28,2.05874234854815,135,3078,2704.0,2909.0,7.344537e-06,137,0.8934669530478219
2017-08-29,2.24378372456554,161,3125,2747.0,2948.0,7.59599e-06,146,0.8949831687713189
2017-08-30,2.32508144328345,136,3175,2787.0,2988.0,7.851189e-06,146,0.8963358635531544
2017-08-31,2.20584364760539,143,3218,2825.0,3030.0,7.831526e-06,139,0.8976143220045778
2017-09-01,2.32302168840466,108,3249,2854.0,3059.0,8.102769e-06,100,0.898432447736128
2017-09-02,1.91239039891382,146,3299,2835.0,3086.0,8.540118e-06,162,0.8996676913346724
2017-09-03,1.57256509635979,153,3343,2830.0,3117.0,9.212664e-06,172,0.9117665371795246
2017-09-04,1.0881190722892,306,3479,2880.0,3217.0,9.412853e-06,379,0.918119414340508
2017-09-05,0.981143261504752,183,3569,2904.0,3285.0,9.727424e-06,205,0.9200800296730816
2017-09-06,1.05081042453731,204,3647,2999.0,3364.0,9.85058e-06,214,0.923836328459394
2017-09-07,1.34836583693012,159,3715,3101.0,3447.0,9.782207e-06,175,0.9257240843139568
2017-09-08,1.02070411026695,202,3817,3117.0,3518.0,1.036871e-05,220,0.9319890118205468
2017-09-09,0.999501042698436,142,3882,3115.0,3559.0,1.0518698e-05,150,0.9347387660949614
2017-09-10,0.946065764072606,101,3934,3136.0,3596.0,1.1113078e-05,103,0.9368694492303928
2017-09-11,1.02417865405463,96,3969,3217.0,3641.0,1.1254887e-05,89,0.9383057861497652
2017-09-12,1.02430536296079,128,4009,3243.0,3677.0,1.136947e-05,115,0.940388844739936
2017-09-13,0.940222852243454,86,4042,3201.0,3688.0,1.1610803e-05,76,0.9414087640567512
2017-09-14,0.694180259770432,89,4075,3121.0,3684.0,1.1822855e-05,87,0.9433877530500054
2017-09-15,0.803083429892951,92,4087,3164.0,3712.0,1.1812944e-05,80,0.952386664780142
2017-09-16,0.805982916842176,72,4104,3174.0,3727.0,1.2050942e-05,63,0.9550417688745654
2017-09-17,0.789694109139838,50,4129,3179.0,3746.0,1.22955e-05,47,0.9569379267300612
2017-09-18,0.898443610978095,52,4139,3241.0,3765.0,1.2267457e-05,43,0.9582426199856008
2017-09-19,0.796902090049434,50,4149,3191.0,3763.0,1.2497408e-05,40,0.9587789851308084
2017-09-20,0.75468791368169,52,4166,3184.0,3771.0,1.2590023e-05,41,0.9595174405564336
2017-09-21,0.694988619570132,47,4184,3173.0,3776.0,1.2808696e-05,45,0.9602805510226652
2017-09-22,0.718046853061765,48,4198,3190.0,3798.0,1.2815637e-05,47,0.9616687220449758
2017-09-23,0.766876774776168,48,4209,3220.0,3812.0,1.2774515e-05,47,0.9618252203317568
2017-09-24,0.783102939498572,30,4217,3234.0,3824.0,1.2803215e-05,26,0.962014238443564
2017-09-25,0.917941949115554,47,4235,3313.0,3855.0,1.2803805e-05,43,0.972022309827104
2017-09-26,0.865193090930621,96,4253,3301.0,3858.0,1.3010703e-05,90,0.983778111327526
2017-09-27,1.14112637599561,83,4282,3453.0,3945.0,1.3184833e-05,73,0.985572298966626
2017-09-28,1.37006702681767,152,4350,3536.0,3983.0,1.4095117e-05,137,1.0113723153276744
2017-09-29,1.26639849607148,72,4373,3520.0,3997.0,1.4246206e-05,61,1.012010040847828
2017-09-30,1.28537618240372,297,4592,3537.0,4025.0,1.5645566e-05,301,1.0152748543800814
2017-10-01,1.52140964994979,1146,5645,3606.0,4075.0,1.7916759e-05,1262,1.0160002528891643
2017-10-02,1.96579086697007,1737,7225,3704.0,4145.0,2.035204e-05,1912,1.0183106028490727
2017-10-03,1.78828219981027,1408,8486,3699.0,4184.0,2.2809433e-05,1486,1.0189783727295652
2017-10-04,1.61326492081245,2364,10694,3678.0,4196.0,2.5873593e-05,2508,1.0192450085163272
2017-10-05,1.68131178639527,2677,13153,3704.0,4235.0,2.8073966e-05,2979,1.019677003156635
2017-10-06,1.58233029049233,48,13171,3698.0,4236.0,2.8132215e-05,39,1.0204701788917565
2017-10-07,1.5732812396476,64,13191,3710.0,4251.0,2.8365129e-05,55,1.021048007893752
2017-10-08,1.26014525377218,48,13206,3654.0,4244.0,2.8329709e-05,41,1.0216157665679553
2017-10-09,1.39763345152377,75,13213,3689.0,4250.0,2.8651304e-05,59,1.0219671041615743
2017-10-10,1.39596380947734,80,13232,3701.0,4266.0,2.8749508e-05,65,1.0223480741696114
2017-10-11,1.43111538355651,62,13244,3718.0,4286.0,2.8859468e-05,51,1.0226945781787082
2017-10-12,1.34782814041346,54,13254,3702.0,4282.0,2.8965814e-05,43,1.022985019271145
2017-10-13,1.43976157737272,79,13262,3725.0,4299.0,2.9072436e-05,53,1.0235114107746937
2017-10-14,1.49725107531645,79,13286,3750.0,4323.0,2.9194897e-05,65,1.0238786933537836
2017-10-15,1.5500844153201,63,13306,3766.0,4340.0,2.9518635e-05,69,1.0243367820509213
2017-10-16,1.42999399815943,63,13324,3759.0,4345.0,2.9542555e-05,56,1.024658527111837
2017-10-17,1.37014152085536,47,13340,3757.0,4352.0,2.9745447e-05,42,1.025042641111188
2017-10-18,1.31784912714856,60,13356,3751.0,4364.0,2.9327564e-05,59,1.0472471072990486
2017-10-19,1.28648832572055,54,13376,3762.0,4385.0,2.9283603e-05,52,1.0476674611706889
2017-10-20,1.24068202185958,51,13383,3747.0,4381.0,2.9221749e-05,41,1.0477492080744912
2017-10-21,1.2330706754888,49,13392,3749.0,4391.0,2.9328257e-05,34,1.0480286025866037
2017-10-22,1.21562338891478,35,13405,3756.0,4406.0,2.9281507e-05,32,1.0482065293248604
2017-10-23,1.18188136761241,47,13418,3757.0,4417.0,2.9309403e-05,47,1.0513164148435723
2017-10-24,1.24641729951414,77,13434,3788.0,4434.0,2.923383e-05,69,1.0583860134315677
2017-10-25,1.25405029238117,33,13440,3796.0,4448.0,2.957918e-05,30,1.0586370173036026
2017-10-26,1.20559395073526,32,13449,3792.0,4447.0,2.9510239e-05,28,1.058847306370635
2017-10-27,1.17242411857215,59,13469,3795.0,4462.0,2.9865934e-05,54,1.0592333592801373
2017-10-28,1.1660707353644,39,13474,3794.0,4461.0,2.9871452e-05,32,1.0596500678270646
2017-10-29,1.23543408771633,39,13491,3817.0,4479.0,2.9961342e-05,32,1.0597221348453292
2017-10-30,1.30892963128327,44,13507,3851.0,4504.0,3.0017882e-05,40,1.0598986083507038
2017-10-31,1.31091348391396,1000,14402,3872.0,4541.0,3.193492e-05,1065,1.0607582283888228
2017-11-01,1.26033594748916,2435,16646,3868.0,4581.0,3.583599e-05,2662,1.0612908117261577
2017-11-02,1.29829281956595,2265,18725,3898.0,4615.0,3.7689633e-05,2308,1.061542995958254
2017-11-03,1.46783872768792,2765,21297,3954.0,4651.0,3.9359113e-05,2824,1.06231525856678
2017-11-04,1.63056482086523,4509,25401,4001.0,4677.0,4.2287393e-05,4691,1.062826907601652
2017-11-05,1.52686468335601,3607,28837,3997.0,4700.0,4.460856e-05,3870,1.063372221891178
2017-11-06,1.57058160361297,85,28858,4020.0,4717.0,4.4694222e-05,71,1.063613161466819
2017-11-07,1.80049564158233,82,28876,4086.0,4761.0,4.4618113e-05,66,1.0639327842123243
2017-11-08,1.9988640081648,143,28922,4156.0,4813.0,4.4835986e-05,164,1.0656047505477186
2017-11-09,1.98912991022209,128,28952,4170.0,4834.0,4.5132543e-05,108,1.0661191082269428
2017-11-10,1.80032427875818,79,28975,4160.0,4846.0,4.507714e-05,79,1.066933407716901
2017-11-11,1.68223609960026,58,28990,4149.0,4856.0,4.5141634e-05,56,1.0680431042517406
2017-11-12,1.51087332978417,78,29020,4125.0,4856.0,4.5485814e-05,72,1.0686293548581065
2017-11-13,1.69513287654951,65,29033,4170.0,4884.0,4.5799371e-05,59,1.0772063835946586
2017-11-14,1.5805907870673,62,29045,4150.0,4877.0,4.5829446e-05,54,1.077713764472846
2017-11-15,1.53310250575002,243,29080,4155.0,4893.0,4.5959156e-05,234,1.0789034567154878
2017-11-16,1.5797712786153,178,29112,4177.0,4912.0,4.6277844e-05,159,1.0794854633586537
2017-11-17,1.5121960586732,69,29129,4178.0,4931.0,4.6634474e-05,67,1.0807116344394083
2017-11-18,1.66726435832079,62,29147,4230.0,4964.0,4.6773896e-05,53,1.081000196431227
2017-11-19,1.60318699858379,107,29191,4232.0,4974.0,4.7382848e-05,105,1.082008292449421
2017-11-20,1.63233115730382,110,29214,4253.0,4996.0,4.753938e-05,99,1.0823599725247126
2017-11-21,1.57381088093706,154,29241,4255.0,5016.0,4.7535351e-05,151,1.0831153326266945
2017-11-22,1.6117802206714,283,29350,4276.0,5037.0,4.786521e-05,277,1.0836459560931166
2017-11-23,1.55516899287872,489,29778,4271.0,5060.0,4.8936768e-05,495,1.08394295440028
2017-11-24,1.7169034493032,657,30168,4326.0,5098.0,4.9290081e-05,650,1.0841825791360895
2017-11-25,1.86407811340404,445,30461,4374.0,5125.0,4.9804255e-05,430,1.0843181512847293
2017-11-26,1.85351171349193,711,31111,4382.0,5139.0,5.0380656e-05,699,1.084917018265947
2017-11-27,1.94032308757754,205,31249,4403.0,5153.0,5.0503259e-05,189,1.0850611309819722
2017-11-28,1.92698202628234,136,31316,4426.0,5179.0,5.0739971e-05,111,1.085974203293921
2017-11-29,1.78232604465858,224,31467,4523.0,5316.0,5.130733e-05,259,1.087137313084363
2017-11-30,1.94494053531031,362,31740,4789.0,5579.0,5.1907817e-05,452,1.0884990513514143
2017-12-01,2.06478700834769,155,31827,4929.0,5732.0,5.2263313e-05,194,1.0893285350441186
2017-12-02,2.0734052698567,122,31895,4999.0,5804.0,5.2073066e-05,129,1.0897798185357357
2017-12-03,2.25332536145052,236,31852,4979.0,5766.0,5.1574352e-05,234,1.1907123762274932
2017-12-04,2.53137016644151,201,31865,5033.0,5851.0,5.1673693e-05,209,1.2064796341026616
2017-12-05,2.58598604157111,140,31939,5092.0,5915.0,5.243988e-05,128,1.2102116080064742
2017-12-06,2.62022294490809,105,32001,5145.0,5980.0,5.3186978e-05,109,1.2104978662700074
2017-12-07,2.78615066076153,156,32078,5234.0,6072.0,5.351053e-05,177,1.2115047843734488
2017-12-08,2.86161742446191,1474,30737,3897.0,4738.0,5.142844e-05,1489,1.328427212301587
2017-12-09,2.60832848666627,1874,28993,2113.0,2972.0,5.0358433e-05,1885,1.4505591994343037
2017-12-10,2.50205378282984,103,29023,2114.0,2995.0,5.0706163e-05,106,1.4521303626445896
2017-12-11,2.71502184270426,108,29040,2153.0,3025.0,5.0877233e-05,113,1.460585177534686
2017-12-12,2.73394438574572,107,29071,2169.0,3052.0,5.1272776e-05,126,1.4705984772270142
2017-12-13,2.80579960761367,140,29111,2205.0,3095.0,5.1436465e-05,166,1.472417596234897
2017-12-14,3.16616511978477,217,29164,2275.0,3154.0,5.2045648e-05,301,1.4748574455695078
2017-12-15,4.02338134596915,184,29251,2441.0,3284.0,5.2637053e-05,200,1.477166202700834
2017-12-16,4.69495712578,187,29329,2550.0,3381.0,5.3833671e-05,216,1.479212152697157
2017-12-17,5.96816727053206,289,29458,2752.0,3642.0,5.5460868e-05,337,1.4814745257849162
2017-12-18,5.77775190206843,287,29557,2810.0,3733.0,5.7205015e-05,334,1.4829225591145847
2017-12-19,5.72737201588408,654,29704,2934.0,3872.0,5.8133236e-05,1068,1.4873746508548047
2017-12-20,5.15785646457777,224,29796,2942.0,3933.0,5.8975672e-05,286,1.489985965994502
2017-12-21,5.23246695612486,270,29851,2958.0,3987.0,6.047987e-05,293,1.4913631323993857
2017-12-22,4.59696689714819,225,29915,2902.0,3913.0,6.1366606e-05,250,1.4924395858395003
2017-12-23,5.05346543917834,163,29990,3028.0,4107.0,6.2570939e-05,169,1.4931500224520775
2017-12-24,5.36517626242397,170,30074,3113.0,4191.0,6.4072977e-05,182,1.4944111515737055
2017-12-25,6.67902851275717,158,30158,3268.0,4320.0,6.4964189e-05,171,1.4953713184972577
2017-12-26,9.05648022050131,389,30332,3437.0,4455.0,6.6017448e-05,416,1.497358054698337
2017-12-27,9.81383673752472,370,30530,3573.0,4673.0,6.7742211e-05,404,1.4991604600333297
2017-12-28,9.22189507402319,289,30708,3660.0,4778.0,6.9308581e-05,320,1.499828729922834
2017-12-29,8.80008843230699,278,30871,3741.0,4842.0,7.0842507e-05,297,1.5003090253431643
2017-12-30,7.94253173331784,452,31098,3785.0,4928.0,7.258211e-05,482,1.5010162820012969
2017-12-31,8.6565799321348,1774,32737,3914.0,5141.0,7.7029545e-05,2038,1.505670143678191
2018-01-01,8.42506327622504,1192,33720,3995.0,5296.0,8.0770751e-05,1320,1.5076815845518996
2018-01-02,8.81816992760996,1383,34916,4127.0,5479.0,8.4272092e-05,1469,1.510042086736009
2018-01-03,9.42142942216275,1426,36159,4297.0,5780.0,8.810005e-05,1581,1.5149609419734746
2018-01-04,9.1622897416316,784,36794,4463.0,6031.0,9.2430675e-05,864,1.516351125568011
2018-01-05,15.2817405576597,558,37081,5066.0,7773.0,9.5668568e-05,557,1.517656978349698
2018-01-06,22.3524159887281,659,37424,5628.0,8219.0,9.9492163e-05,735,1.5214465482806867
2018-01-07,18.478912095765,538,37668,5655.0,8376.0,0.000103206636,553,1.532268831124215
2018-01-08,18.1978955995509,447,37918,5855.0,8621.0,0.000107236618,469,1.5371060172360729
2018-01-09,17.0468156612624,531,38235,6088.0,8934.0,0.000114089056,558,1.5381936169573711
2018-01-10,17.1054390753699,451,38526,6308.0,9224.0,0.000118888299,460,1.5389965014319236
2018-01-11,20.8338200070637,575,38851,6764.0,9620.0,0.000123757901,583,1.540509417960671
2018-01-12,22.193079461001,610,39188,7073.0,9955.0,0.000128880655,611,1.5413402769503464
2018-01-13,22.0738566632309,500,39480,7301.0,10243.0,0.000133737405,508,1.5423846969909631
2018-01-14,20.9074312886947,436,39766,7496.0,10520.0,0.000137784606,412,1.5428237397870392
2018-01-15,19.4565613989899,535,40095,7575.0,10770.0,0.000142200977,524,1.5890914942868497
2018-01-16,13.8407713032583,618,40392,7505.0,10999.0,0.000147786219,622,1.5924996687350716
2018-01-17,14.3063587782454,529,40599,7713.0,11212.0,0.000151593634,536,1.5946122915591718
2018-01-18,14.260583632305,642,40778,7769.0,11378.0,0.000155888824,656,1.5965657792241863
2018-01-19,14.9293271855192,450,41017,8025.0,11631.0,0.000160694505,433,1.6036525708701774
2018-01-20,16.2266587576682,445,41265,8266.0,11888.0,0.000165220615,443,1.6046519231845602
2018-01-21,13.9947255755422,421,41392,8194.0,11973.0,0.000168616626,426,1.6060106650630084
2018-01-22,12.8371907680667,300,41562,8248.0,12126.0,0.00017165619,308,1.6065518662597065
2018-01-23,13.1578996781113,328,41722,8393.0,12281.0,0.000173571262,343,1.6077661058312316
2018-01-24,13.4943417481758,278,41876,8523.0,12436.0,0.000175863473,289,1.608714341245778
2018-01-25,13.1401003177542,261,42020,8596.0,12570.0,0.000178041993,269,1.6092873925054036
2018-01-26,13.0764625809878,264,42145,8685.0,12695.0,0.000179903342,292,1.6115577034961155
2018-01-27,13.1719944318901,290,42319,8822.0,12867.0,0.000182557578,304,1.6121901718533296
2018-01-28,13.4187757426621,270,42470,8947.0,13021.0,0.00018490255,289,1.6146837277003572
2018-01-29,12.6821171746747,231,42585,8989.0,13126.0,0.000186052041,232,1.6155722336306235
2018-01-30,11.1478535519059,258,42708,8899.0,13209.0,0.000187610933,261,1.6158672526352214
2018-01-31,10.948906046857,251,42822,8818.0,13283.0,0.000189969496,249,1.6170431046268892
2018-02-01,9.30771630779404,350,42886,8327.0,11822.0,0.000191289032,371,1.6178327445303833
2018-02-02,9.61822096416102,240,42979,8439.0,11923.0,0.000192231919,233,1.6185242609555208
2018-02-03,9.65944230342888,216,43075,8502.0,12019.0,0.000194163132,221,1.6188987369268772
2018-02-04,8.49233679911011,176,43145,8379.0,11940.0,0.000195348457,163,1.6192307488783046
2018-02-05,6.66932310428386,228,43222,8047.0,11660.0,0.000196697613,219,1.6200199154839
2018-02-06,8.32277657335599,253,43311,8433.0,12046.0,0.000197711157,250,1.6204923268136142
2018-02-07,8.11968284454422,211,43396,8461.0,12100.0,0.000198896098,204,1.6208805986600632
2018-02-08,8.23665973039808,19,43400,8481.0,12122.0,0.000198914681,12,1.6208828612680717
2018-02-09,9.76990453058412,151,43473,8805.0,12401.0,0.000199494514,170,1.62138380524598
2018-02-10,9.24893080979654,246,43608,8817.0,12499.0,0.000201286371,260,1.622192885887197
2018-02-11,8.76242952224591,196,43722,8798.0,12487.0,0.000202839844,208,1.624280735942388
2018-02-12,9.30471697941043,217,43827,8977.0,12718.0,0.000204680435,242,1.624556209365071
2018-02-13,8.94123872572609,177,43922,8960.0,12679.0,0.000206395734,187,1.62480244695504
2018-02-14,10.457168601305,141,44001,9477.0,14416.0,0.000208137451,149,1.6263124678234735
2018-02-15,10.8967941361224,180,44065,9666.0,14490.0,0.000209048622,177,1.626818677996344
2018-02-16,11.0857719818053,174,44157,9767.0,14581.0,0.000210242674,173,1.627019287472141
2018-02-17,11.7461745451704,211,44270,10070.0,14737.0,0.000212287333,197,1.62720589587199
2018-02-18,10.7166079722862,186,44362,9763.0,14779.0,0.000213854811,173,1.6279251823352925
2018-02-19,11.050924387203,164,44425,9940.0,14845.0,0.000215077284,143,1.628464809720708
2018-02-20,9.87162917345101,193,44509,9498.0,13406.0,0.000216892347,176,1.6287542045142125
2018-02-21,9.34499161684412,13126,57307,9453.0,13544.0,0.000228884874,13280,1.6291679912456485
2018-02-22,8.87913276481863,17515,73786,9452.0,13678.0,0.000246150573,19575,1.6301434028587645
2018-02-23,9.64044581082481,60949,129863,9692.0,14383.0,0.000292277383,54063,1.6312658834292977
2018-02-24,9.10542797425912,133792,260776,9775.0,14776.0,0.000374289306,126060,1.633055346465208
2018-02-25,9.36293021182883,39249,295360,9820.0,14970.0,0.000394687474,40378,1.63343145102708
2018-02-26,9.86823969098616,574,295435,9934.0,15033.0,0.00039564859,507,1.6347088706981636
2018-02-27,10.6427247861724,1987,294035,10366.0,16688.0,0.000396532071,1972,1.6360086256123312
2018-02-28,10.4220969358008,549,293805,10366.0,16744.0,0.000398111852,521,1.6369525438839023
2018-03-01,10.4865257435103,752,294343,10420.0,16834.0,0.000399983958,725,1.637419393653334
2018-03-02,10.2075462827455,249,294403,10413.0,16891.0,0.000400987394,224,1.6379388539721866
2018-03-03,10.1693803886855,200,294483,10451.0,16966.0,0.000402296286,174,1.6381570901823184
2018-03-04,10.2674845621692,185,294543,10512.0,17033.0,0.000403392691,167,1.6384450761698506
2018-03-05,10.0956628580772,206,294604,10512.0,17080.0,0.000405269265,181,1.6400805235195617
2018-03-06,9.34450728844763,250,294623,10159.0,15573.0,0.00040695375,225,1.6402757692013847
2018-03-07,9.00808181852806,293,294562,10076.0,15239.0,0.000407454614,260,1.640623022619405
2018-03-08,8.2651094113114,250,294673,10004.0,15122.0,0.000409939265,242,1.64121417243609
2018-03-09,8.18055578935189,212,294741,10035.0,15153.0,0.00041105355,204,1.6428007677873775
2018-03-10,7.66289328482438,288,294778,9890.0,14981.0,0.000412755318,274,1.643226872419863
2018-03-11,8.26206322104434,155,294844,10078.0,15283.0,0.000413440452,126,1.6437009150639077
2018-03-12,8.02340260379932,178,294919,10071.0,15266.0,0.000415056373,140,1.6438178893860678
2018-03-13,10.1614539033091,344,294988,10844.0,17616.0,0.000417185258,374,1.645233914075843
2018-03-14,8.9264499884633,304,295106,10385.0,15725.0,0.000419733062,296,1.6457807989727196
2018-03-15,9.06693266884542,216,295197,10460.0,15881.0,0.000420967393,207,1.6461608102821812
2018-03-16,9.16445150128412,176,295276,10577.0,16214.0,0.000422431603,158,1.6465404833639503
2018-03-17,8.92651078595869,189,295356,10525.0,15952.0,0.000423935908,172,1.64689211327439
2018-03-18,8.92458308696607,202,295459,10575.0,16050.0,0.000425515618,196,1.6470993783203038
2018-03-19,8.85434513964279,242,295494,10585.0,16085.0,0.000426992348,214,1.6477487843307217
2018-03-20,9.13097690062664,189,295573,10727.0,16500.0,0.0004282597,162,1.6478354222288176
2018-03-21,9.90172086104792,253,295625,10917.0,16689.0,0.000430224868,268,1.6486537163523296
2018-03-22,10.0508088126988,291,295715,11255.0,18310.0,0.000432242692,284,1.649303543760963
2018-03-23,11.5770388379523,300,295852,11977.0,18561.0,0.000434894923,314,1.6507596046223585
2018-03-24,13.3206166431783,419,296003,12383.0,18792.0,0.000437406404,493,1.652006402714259
2018-03-25,12.7211197079931,352,296139,12409.0,18903.0,0.000439358952,365,1.6541498443587654
2018-03-26,12.1086893802464,349,296253,12331.0,18978.0,0.000441372199,405,1.655633209355095
2018-03-27,11.4596786653439,205,296343,12264.0,19034.0,0.000442522608,206,1.6558877664786806
2018-03-28,11.606592506173,194,296423,12347.0,19113.0,0.00044387214,182,1.6560969713161808
2018-03-29,10.2058368498313,249,296482,11757.0,19070.0,0.000445623753,224,1.6565398148288577
2018-03-30,10.2936970647815,206,296547,11832.0,19135.0,0.000447442127,200,1.6575386829553045
2018-03-31,11.0451718373792,209,296603,12202.0,19224.0,0.00044869652,214,1.6579504201533215
2018-04-01,11.0446836074704,257,296637,12229.0,19282.0,0.000449571615,322,1.6595108412004616
2018-04-02,12.5751277580758,263,296721,12779.0,19484.0,0.000450658299,274,1.661853264290586
2018-04-03,13.2757850872895,315,296826,12925.0,19635.0,0.000452553525,317,1.6628904932117468
2018-04-04,12.1529319654917,246,296919,12764.0,19626.0,0.000454254953,289,1.663617516845176
2018-04-05,12.4492522207691,243,296994,12849.0,19712.0,0.00045525491,264,1.6645350450533387
2018-04-06,12.2758828015169,216,297066,12859.0,19767.0,0.000456576187,213,1.665553326594677
2018-04-07,12.3969776526392,193,297121,12911.0,19834.0,0.000457995213,193,1.6662199871913557
2018-04-08,12.1173614366768,206,297198,12889.0,19880.0,0.000459325542,191,1.6692102723873217
2018-04-09,11.7984451787485,217,297287,12883.0,19951.0,0.000460784753,232,1.6698443431785202
2018-04-10,11.9791397282215,197,297347,12957.0,20012.0,0.000462044563,198,1.6708839031835732
2018-04-11,12.0154074944441,221,297412,13000.0,20074.0,0.000463540711,249,1.6715572729667565
2018-04-12,12.8898694340239,260,297507,13259.0,20247.0,0.000465201678,299,1.673909697095856
2018-04-13,13.5878166459698,338,297649,13427.0,20435.0,0.000467426753,366,1.677389767962775
2018-04-14,13.2442533684905,331,297664,13438.0,20517.0,0.000469026646,327,1.6787102168834696
2018-04-15,13.0632934626353,313,297739,13474.0,20616.0,0.000472077933,333,1.7192496998088729
2018-04-16,12.2120461438336,287,297861,13346.0,20614.0,0.000474005917,310,1.7202518613915427
2018-04-17,11.7738845741809,320,297943,13304.0,20674.0,0.000476366055,339,1.7212129042802915
2018-04-18,12.2531066837375,312,298056,13469.0,20799.0,0.000478531892,453,1.7251334808532464
2018-04-19,12.36821475637,298,298173,13556.0,20923.0,0.000480862268,366,1.7258382196963753
2018-04-20,12.5666670764782,378,298303,13711.0,21077.0,0.00048309146,436,1.7276723957502638
2018-04-21,13.2633442458936,2360,296308,11794.0,19154.0,0.000484706029,2379,1.7291858835972345
2018-04-22,12.8966024159842,329,296365,11746.0,19160.0,0.000486443539,361,1.729857538889013
2018-04-23,13.61718606255,286,296447,11902.0,19308.0,0.000487887591,313,1.7301104528058424
2018-04-24,15.3865193947966,355,296589,12259.0,19581.0,0.000490834607,380,1.7305280510004852
2018-04-25,13.3081523968065,353,296735,11968.0,19523.0,0.000493376235,385,1.731566470001169
2018-04-26,14.6466015166062,306,296872,12282.0,19793.0,0.000495888652,311,1.7317605521895023
2018-04-27,14.2865594816265,325,297002,12291.0,19890.0,0.000498040051,355,1.732092105606967
2018-04-28,15.1746715725185,344,297138,12470.0,20072.0,0.000500613866,371,1.7355906202102345
2018-04-29,15.0054094936242,347,297252,12508.0,20160.0,0.000502580635,355,1.7358809090037253
2018-04-30,14.2351893746292,347,297364,12400.0,20207.0,0.000505006896,378,1.7363955570150251
2018-05-01,14.1223560653071,250,297457,12423.0,20289.0,0.000506990782,258,1.7366933571144263
2018-05-02,14.3292840588807,302,297568,12568.0,20428.0,0.000508518016,323,1.7371892247861127
2018-05-03,14.65524571808,321,297692,12661.0,20557.0,0.000510834828,348,1.7386246598869264
2018-05-04,14.3239471566466,306,297785,12685.0,20629.0,0.000512624882,308,1.7395196170949672
2018-05-05,14.332678799333,300,297865,12721.0,20704.0,0.000514412276,362,1.739938342505562
2018-05-06,13.9006934050801,230,297935,12605.0,20709.0,0.000515846644,247,1.7409600476915248
2018-05-07,13.6308971014073,201,298018,12612.0,20716.0,0.000516581848,190,1.741211269977291
2018-05-08,13.5118926404156,220,298080,12621.0,20766.0,0.000517507245,228,1.741528375751771
2018-05-09,14.6362039428506,231,298143,12897.0,20976.0,0.000518727926,232,1.742330998435118
2018-05-10,13.9012774566639,282,298219,12743.0,20970.0,0.000520616643,322,1.7430499579694496
2018-05-11,12.9245046603097,231,298287,12597.0,20867.0,0.000522032173,244,1.7435429989709863
2018-05-12,12.9676074593436,172,298347,12637.0,20923.0,0.000523056726,171,1.74364925995361
2018-05-13,13.1187893587545,186,298398,12694.0,21014.0,0.000524351111,177,1.7439291778901225
2018-05-14,12.8613708619129,210,298472,12674.0,21029.0,0.000525529957,211,1.7445924126609271
2018-05-15,12.5745204683296,1134,297619,11719.0,20132.0,0.000527482001,1146,1.7472903278191163
2018-05-16,12.2060946630266,270,297640,11559.0,20093.0,0.000528597456,283,1.761147551693807
2018-05-17,12.416886337048,194,297703,11627.0,20165.0,0.000529596284,210,1.762241150159648
2018-05-18,15.2293665713229,477,297763,12257.0,20585.0,0.000531281818,612,1.7639560485690011
2018-05-19,14.2368029576064,345,297798,12056.0,20497.0,0.000533105613,403,1.764691459920421
2018-05-20,14.0951160247998,298,297839,12019.0,20522.0,0.000534625837,370,1.765997958288893
2018-05-21,14.6698759968383,231,297903,12205.0,20653.0,0.000535858072,243,1.7665216199861282
2018-05-22,13.8900021799907,204,297916,12018.0,20576.0,0.000536056069,242,1.7674255910731205
2018-05-23,12.5203761621555,171,297960,11794.0,20422.0,0.000537206476,180,1.7685343901070572
2018-05-24,12.9944678172115,153,297989,11915.0,20517.0,0.000537871343,163,1.7690249462901866
2018-05-25,12.7972544727136,140,298023,11889.0,20508.0,0.000538278793,165,1.7699391983600088
2018-05-26,12.7371827181244,139,298056,11902.0,20536.0,0.000538815095,138,1.7703804822934393
2018-05-27,12.5995340637451,133,298087,11887.0,20549.0,0.000539314675,119,1.7706559764064536
2018-05-28,11.8329714099618,170,298108,11644.0,20480.0,0.000539897235,183,1.7712700898782496
2018-05-29,12.5627084633205,153,298135,11897.0,20600.0,0.000540733385,152,1.771624290111531
2018-05-30,12.5273428126753,144,298166,11921.0,20631.0,0.000541305928,136,1.7724096202768247
2018-05-31,14.0622624451041,213,298203,12240.0,20868.0,0.000542455248,220,1.7735006927370656
2018-06-01,14.2105857856446,185,298238,12299.0,20918.0,0.000543396685,214,1.774633144218276
2018-06-02,14.6573807865921,168,298281,12448.0,21023.0,0.000544144519,168,1.7749314539916925
2018-06-03,14.5826844323595,136,298297,12447.0,21032.0,0.000544362368,127,1.7756095847174431
2018-06-04,14.2606404074538,167,298325,12358.0,21007.0,0.000545476967,167,1.7760503309839613
2018-06-05,15.5752053580693,151,298374,12644.0,21207.0,0.000546368689,182,1.776219989236605
2018-06-06,17.172631145977,389,298402,12945.0,21403.0,0.000547988849,486,1.7784836369028163
2018-06-07,16.3249679035435,290,298480,12811.0,21390.0,0.000549395342,340,1.7803786181712211
2018-06-08,16.355415350106,210,298540,12839.0,21447.0,0.000550808166,234,1.7810974216215034
2018-06-09,16.0220951976667,162,298591,12834.0,21464.0,0.00055169113,182,1.7818802149675703
2018-06-10,14.0288997837019,189,298615,12455.0,21261.0,0.000552419273,224,1.782915934430476
2018-06-11,15.2050943750702,231,298701,12771.0,21489.0,0.000554477492,267,1.7848963634155102
2018-06-12,15.1431740329831,340,298798,12830.0,21550.0,0.000556226523,485,1.7886374406982664
2018-06-13,14.5758307714758,313,298853,12761.0,21561.0,0.00055755017,372,1.7900099553698725
2018-06-14,14.8492330809467,224,298907,12823.0,21635.0,0.000558436494,291,1.790395644071732
2018-06-15,15.0864921801385,225,298967,12911.0,21707.0,0.000559525083,272,1.7906408768178814
2018-06-16,15.7725181759294,263,299015,13039.0,21836.0,0.000560498121,331,1.792836728248003
2018-06-17,16.5254865531009,297,299077,13193.0,21972.0,0.000562410262,399,1.7945655203884732
2018-06-18,16.933254077842,542,299166,13373.0,22117.0,0.000563662823,847,1.798401292803815
2018-06-19,16.682622774695,287,299235,13368.0,22171.0,0.000564834085,388,1.7997007257423598
2018-06-20,16.1055629219446,270,299287,13257.0,22121.0,0.000565865734,327,1.8031628167630056
2018-06-21,17.0432360197126,343,299400,13560.0,22353.0,0.000567295935,558,1.8064143524676897
2018-06-22,15.5341225618996,360,299495,13304.0,22268.0,0.000568632573,494,1.8088567426059203
2018-06-23,15.6580508137673,300,299634,13382.0,22368.0,0.00057005023,342,1.8099951230520228
2018-06-24,14.412336764695,292,299708,13191.0,22306.0,0.000571587333,384,1.8125651877137987
2018-06-25,14.8539800569203,282,299791,13309.0,22413.0,0.000572997295,365,1.8145315960293225
2018-06-26,13.9983223804269,320,299682,12987.0,22191.0,0.000572745914,353,1.8162758518985649
2018-06-27,14.0612072804246,240,299738,13037.0,22244.0,0.000573837213,319,1.8184332549276017
2018-06-28,14.0176083574642,317,299829,13055.0,22317.0,0.000575434312,407,1.8212410629526348
2018-06-29,14.5425678710794,320,299902,13260.0,22473.0,0.000577396945,543,1.822999345847212
2018-06-30,14.5903027265732,240,299930,13283.0,22504.0,0.000577953501,291,1.8237985370160317
2018-07-01,14.3510924812153,214,300008,13266.0,22549.0,0.000579331292,276,1.8249679048456344
2018-07-02,14.5653744837596,257,300081,13347.0,22626.0,0.000580185915,322,1.8258431524159504
2018-07-03,14.108914427025,280,300169,13233.0,22639.0,0.000581916053,375,1.8289849327426104
2018-07-04,13.9247214127812,266,300262,13228.0,22699.0,0.000583964124,287,1.8297474120592483
2018-07-05,13.6771975130923,317,300339,13199.0,22699.0,0.000585503733,418,1.83042111791508
2018-07-06,13.4118103362981,298,300449,13210.0,22776.0,0.000587883001,353,1.8308903542151824
2018-07-07,14.0658837199018,260,300520,13389.0,22945.0,0.000589456359,292,1.723264446864459
2018-07-08,13.9153371032194,303,300596,13376.0,23006.0,0.000591472173,375,1.7230857669911457
2018-07-09,13.541977395283,285,300680,13342.0,23008.0,0.000593421882,359,1.5718445600448891
2018-07-10,12.7891648618452,283,300768,13234.0,22968.0,0.000594854868,355,1.5641436889088631
2018-07-11,12.688632021607,1005,301315,13234.0,23006.0,0.000596561074,574,1.4458742722182267
2018-07-12,11.9802624258524,245,301404,13000.0,22935.0,0.000597902403,278,1.379545696506607
2018-07-13,12.0733281334666,255,301474,13051.0,22999.0,0.000599639582,330,1.2676663768621883
2018-07-14,12.0625896028856,191,301525,13060.0,23033.0,0.000599986765,210,1.147994976343049
2018-07-15,12.2752607687622,206,301610,13165.0,23136.0,0.000601062037,249,1.141308180664135
2018-07-16,13.2293541389881,250,301704,13518.0,23439.0,0.000602568434,322,1.140233421395308
2018-07-17,13.7126233700966,329,301805,13662.0,23586.0,0.00060464987,373,1.1382889274225962
2018-07-18,12.8543630459523,386,301912,13529.0,23553.0,0.00060654963,429,1.1813329508774453
2018-07-19,12.8757809835688,307,302003,13567.0,23625.0,0.000608183332,399,1.176906255714662
2018-07-20,11.9495881992122,296,302088,13275.0,23507.0,0.000609291066,362,1.1763990040406798
2018-07-21,12.2037314598083,230,302145,13369.0,23579.0,0.000610397577,405,1.1606005093337166
2018-07-22,12.0681603387638,270,302211,13345.0,23608.0,0.000612208571,344,1.1607513933209934
2018-07-23,12.0282152859508,298,302273,13360.0,23648.0,0.000613560707,377,1.1622443519292107
2018-07-24,12.1548796627143,369,302331,13412.0,23699.0,0.00061548011,401,1.1616111583564943
2018-07-25,12.8714400417738,410,302431,13734.0,23973.0,0.000617449589,554,1.1615425838797342
2018-07-26,13.3377907871759,827,302548,13883.0,24174.0,0.000619522898,1589,1.16630236019627
2018-07-27,13.9730389123261,1107,302854,14353.0,24598.0,0.000618733904,1535,1.1707598478003518
2018-07-28,14.6190374080819,1772,302794,14421.0,24613.0,0.000620463464,2848,1.1801411983588446
2018-07-29,14.0000699101192,1660,303188,14576.0,24905.0,0.00062218475,2473,1.190325703614997
2018-07-30,13.2082641809579,758,302766,13923.0,24342.0,0.000623241978,908,1.1928268229031385
2018-07-31,13.8072713114438,381,302852,14088.0,24489.0,0.000624164285,769,1.1915343306083472
2018-08-01,13.5729397115034,313,302947,14088.0,24542.0,0.000625374648,811,1.1829238725690865
2018-08-02,14.0389953386172,8292,294949,7125.0,16615.0,0.000373356364,8931,1.1868692532405858
2018-08-03,14.0645210819271,481,294930,7057.0,16562.0,0.000371406794,1005,1.189216297798068
2018-08-04,13.8339589308786,262,294982,7049.0,16547.0,0.000371836195,358,1.1894743957626734
2018-08-05,13.6309122960337,218,295028,7038.0,16546.0,0.000372188677,292,1.173283258625242
2018-08-06,13.6567446626367,265,295084,7040.0,16579.0,0.000372697216,747,1.1747541483466857
2018-08-07,13.111432262527,281,295136,7008.0,16534.0,0.000373178476,765,1.1751624393370423
2018-08-08,12.0990420627856,262,295156,6903.0,16257.0,0.000373404997,874,1.1760366855772593
2018-08-09,12.8089973414446,251,295194,6981.0,16472.0,0.000373731263,356,1.1691204949448164
2018-08-10,11.926021227654,294,295262,6901.0,16308.0,0.000374452533,364,1.1686361586694916
2018-08-11,11.6756796300432,321,295320,6898.0,16309.0,0.000375633163,448,1.1617948600120185
2018-08-12,11.7097942068741,212,295370,6910.0,16351.0,0.000376384854,270,1.158208495319699
2018-08-13,10.19690541992,347,295391,6630.0,16094.0,0.00037591498,540,1.1429056390263437
2018-08-14,9.29682891348306,368,295439,6388.0,14187.0,0.000376581732,540,1.1352192641310566
2018-08-15,9.42623250197501,234,295490,6410.0,14248.0,0.000377559794,372,1.1314921489988696
2018-08-16,9.69598678669546,218,295543,6454.0,14354.0,0.000378315304,292,1.1291328992007226
2018-08-17,10.7631956966993,269,295598,6778.0,16311.0,0.000379652002,356,1.123880227668321
2018-08-18,9.88758564694712,224,295624,6515.0,14438.0,0.000380563058,277,1.109364582649021
2018-08-19,10.1354479895683,198,295656,6668.0,16253.0,0.000380939901,289,1.1165996276999626
2018-08-20,9.64453733993715,245,295715,6480.0,14457.0,0.00038157499,360,1.1154806708968206
2018-08-21,9.71603044957926,255,295726,6473.0,14465.0,0.000382053384,337,1.1150933695886778
2018-08-22,9.47414686715431,313,295765,6442.0,14424.0,0.000382424281,403,1.1133730104982336
2018-08-23,9.67862041894655,204,295792,6468.0,14490.0,0.000382724135,254,1.1108697650940238
2018-08-24,10.2012041017837,214,295828,6689.0,16362.0,0.00038305165,263,1.110195683965654
2018-08-25,10.1139833661492,187,295861,6673.0,16372.0,0.000383757233,226,1.069336114212205
2018-08-26,10.1971930707276,187,295907,6705.0,16411.0,0.000384118246,209,1.068289974601757
2018-08-27,11.1625328046676,254,295957,6937.0,16629.0,0.000385085641,370,1.0678188204006522
2018-08-28,11.4636118969882,274,296020,6973.0,16707.0,0.000385448171,330,1.0675554889894991
2018-08-29,11.1581957212882,236,296049,6931.0,16676.0,0.00038572357,292,1.0679555455430527
2018-08-30,10.7162805652755,203,296096,6824.0,16596.0,0.000386669139,257,1.0687655321277352
2018-08-31,10.9684140719427,209,296136,6869.0,16661.0,0.000386997409,289,1.0684352171413538
2018-09-01,11.40899437319,258,296191,6975.0,16804.0,0.000387604479,316,1.0685737377325637
2018-09-02,11.2494879838481,180,296224,6962.0,16789.0,0.000387913396,214,1.0674047349605746
2018-09-03,11.2598250931578,202,296263,6965.0,16817.0,0.000387995478,315,1.054962490502497
2018-09-04,11.3634001324503,245,296291,6987.0,16856.0,0.000388683623,365,1.0487537964964186
2018-09-05,10.0658204317867,300,296354,6732.0,16643.0,0.000389406226,371,1.0469483268442965
2018-09-06,10.2324716482255,271,296404,6782.0,16700.0,0.000389768798,405,1.0438824156030229
2018-09-07,9.93888923110308,231,296445,6607.0,14915.0,0.000390306789,290,1.0423545836508532
2018-09-08,9.47634671473268,202,296479,6520.0,14810.0,0.000390512951,265,1.036924094292948
2018-09-09,9.45929586761451,194,296510,6521.0,14826.0,0.000391080083,276,1.035846470697505
2018-09-10,9.4767310138282,271,296590,6530.0,14865.0,0.000391456237,347,1.035176666846266
2018-09-11,9.33583210173875,209,296630,6523.0,14856.0,0.000391848844,296,1.0349061781891895
2018-09-12,9.17634935277348,262,296677,6504.0,14822.0,0.000392175671,382,1.034151301819059
2018-09-13,9.61882644408267,286,296739,6561.0,14992.0,0.000392985155,404,1.0336161312312917
2018-09-14,9.94298110276494,256,296790,6650.0,15110.0,0.000393980009,340,1.032571757803487
2018-09-15,10.0963462748307,321,296700,6678.0,16794.0,0.000392719112,408,1.025936712009931
2018-09-16,9.92639074941305,185,296727,6549.0,15010.0,0.000392975281,231,1.0277477421663144
2018-09-17,9.37693900754987,215,296748,6433.0,14870.0,0.000393110447,283,1.0272182017303904
2018-09-18,9.52751952403303,202,296790,6453.0,14942.0,0.000393203882,257,1.026486068523164
2018-09-19,9.60036836878365,205,296832,6462.0,14976.0,0.000393937045,249,1.026244786090915
2018-09-20,10.0362893095021,270,296870,6674.0,16870.0,0.000394206358,380,1.3652708739029296
2018-09-21,10.3975719540476,293,296921,6771.0,16980.0,0.000394740385,391,1.3647816912478854
2018-09-22,10.2437041598811,219,296969,6727.0,16965.0,0.000394955408,259,1.363590874286893
2018-09-23,10.2880544000697,195,297023,6747.0,17009.0,0.000395210056,240,1.3635940346747346
2018-09-24,10.0041479220871,286,297089,6684.0,16963.0,0.000395598046,370,1.363513154917656
2018-09-25,9.73516449723633,263,297132,6518.0,15154.0,0.000396032939,336,1.35505452931881
2018-09-26,9.72496276085966,226,297173,6517.0,15170.0,0.000396533751,268,1.3434766584200266
2018-09-27,10.0257649359086,215,297214,6695.0,17042.0,0.000397006468,276,1.34225649135806
2018-09-28,9.94570959839227,243,297256,6588.0,15290.0,0.000397798458,285,1.323253759815716
2018-09-29,9.98706701561767,186,297297,6601.0,15321.0,0.000398382828,242,1.3353799047098405
2018-09-30,9.98605725477434,207,297335,6607.0,15342.0,0.000398651119,247,1.3327819528647726
2018-10-01,9.90263084239201,216,297399,6596.0,15376.0,0.000399889797,273,1.3322086645591176
2018-10-02,10.3459544865455,319,297511,6831.0,17323.0,0.000401108071,452,1.3300971649943183
2018-10-03,10.2417127460248,298,297557,6808.0,17322.0,0.000401502682,383,1.330313972568721
2018-10-04,10.2075080551267,267,297634,6806.0,17364.0,0.00040220528,322,1.3303358717666884
2018-10-05,10.5958619034835,239,297701,6907.0,17490.0,0.000402782848,312,1.330161543416261
2018-10-06,10.346981299532,246,297771,6878.0,17503.0,0.00040383696,289,1.329525489707774
2018-10-07,10.4860075502462,198,297822,6921.0,17556.0,0.000404405192,236,1.3292692337802223
2018-10-08,10.4436950293273,303,297890,6936.0,17594.0,0.000405303193,335,1.3530820960192629
2018-10-09,10.3128163117234,224,297948,6912.0,17607.0,0.000405824685,269,1.4888511977413583
2018-10-10,10.2335050134378,274,298023,6912.0,17627.0,0.000406763722,371,1.4892463804146585
2018-10-11,9.20958665046518,282,298079,6591.0,15566.0,0.000406935435,389,1.4940547953077945
2018-10-12,9.42921901353538,268,298125,6627.0,15680.0,0.000407606547,328,1.4951396022778485
2018-10-13,9.44251621019595,217,298162,6626.0,15717.0,0.000408051178,268,1.4962815795970166
2018-10-14,9.3836122380212,190,298207,6617.0,15714.0,0.000408539172,208,1.4975929582413092
2018-10-15,10.05428970982,340,298256,6879.0,17720.0,0.000409285083,525,1.4994786575271584
2018-10-16,9.81205942248733,389,298186,6605.0,15767.0,0.000408501945,468,1.5007570123034724
2018-10-17,9.77363486218366,318,298245,6609.0,15781.0,0.000411449972,426,1.5235024109546131
2018-10-18,9.59041595651325,263,298299,6577.0,15779.0,0.000411965617,305,1.5066038861295614
2018-10-19,9.66902326491239,214,298341,6597.0,15824.0,0.000412532977,261,1.507567393054036
2018-10-20,9.66115901302387,202,298390,6598.0,15849.0,0.000412960444,255,1.5076169011202851
2018-10-21,9.63419810561217,228,298428,6604.0,15873.0,0.000413737849,262,1.5078073749924443
2018-10-22,9.62547557507658,278,298500,6612.0,15913.0,0.000415262694,386,1.5083488712070547
2018-10-23,9.68512944191474,248,298549,6631.0,15947.0,0.000415510877,345,1.5068539214745698
2018-10-24,9.64475769217312,268,298609,6637.0,15978.0,0.000416828022,369,1.5002620130031783
2018-10-25,9.62245951929662,253,298667,6640.0,16000.0,0.000417260964,344,1.5001365142289764
2018-10-26,9.60925746835598,265,298729,6643.0,16015.0,0.000417793573,316,1.5010970245386197
2018-10-27,9.58249475227896,211,298778,6657.0,16044.0,0.000418407943,258,1.5008695149076616
2018-10-28,9.56842815623967,230,298837,6668.0,16088.0,0.000419236057,273,1.500797991268398
2018-10-29,9.32188003926101,216,298854,6626.0,16016.0,0.00041925212,282,1.5018953476599903
2018-10-30,9.33607626488129,250,298902,6645.0,16055.0,0.000420177783,333,1.5032106834256262
2018-10-31,9.38548447166429,239,298968,6660.0,16093.0,0.000420627169,285,1.5027015598324596
2018-11-01,9.50538597197987,246,299007,6677.0,16149.0,0.000420937307,287,1.5023203450762763
2018-11-02,9.52824942607155,264,299065,6685.0,16194.0,0.000421280388,306,1.502778382219713
2018-11-03,9.5041232861816,188,299108,6686.0,16195.0,0.000422054629,211,1.502136307665176
2018-11-04,9.7139581827726,219,299152,6731.0,16285.0,0.000422634731,256,1.5017308052723288
2018-11-05,9.64408380102901,242,299204,6740.0,16312.0,0.000423082032,282,1.5015553194522129
2018-11-06,9.74278775350182,300,299263,6777.0,16375.0,0.000424048671,356,1.5016464819315978
2018-11-07,9.76333612313479,311,299310,6801.0,16417.0,0.000424588383,374,1.502245198520185
2018-11-08,9.56997318619265,291,299344,6760.0,16401.0,0.000425128196,318,1.5022593558144737
2018-11-09,9.4671136299865,238,299386,6739.0,16393.0,0.00042594218,264,1.5026456171447478
2018-11-10,9.46033385075502,233,299438,6749.0,16436.0,0.000426872864,247,1.502327025867087
2018-11-11,9.36217674261651,204,299453,6746.0,16430.0,0.000427756511,243,1.5017224027400522
2018-11-12,9.26265538870786,264,299511,6734.0,16416.0,0.000428041451,306,1.50177332255819
2018-11-13,9.11124218133262,263,299567,6732.0,16331.0,0.000428931569,303,1.4932550864274503
2018-11-14,8.18261808245623,376,299606,6586.0,15600.0,0.00042963736,462,1.4950912560244352
2018-11-15,8.03688552366165,279,299653,6578.0,15536.0,0.000430257509,345,1.4953675800667827
2018-11-16,7.77797093515172,325,299732,6554.0,15413.0,0.000431250857,371,1.495948231108211
2018-11-17,7.65096569577409,240,299774,6539.0,15327.0,0.000431537869,289,1.497136713144148
2018-11-18,7.91493300339276,228,299831,6585.0,15528.0,0.00043229886,278,1.4978355557620482
2018-11-19,6.548123309949,353,299872,6308.0,14739.0,0.000432830704,493,1.4995729382938168
2018-11-20,5.6156985394592,388,299942,6128.0,14122.0,0.000433638173,547,1.5012521447736626
2018-11-21,6.11765395798284,296,299995,6226.0,14574.0,0.00043457846,357,1.501239718421293
2018-11-22,5.67925412738615,272,300027,6138.0,14212.0,0.000434497333,325,1.501041031346249
2018-11-23,5.49504060524311,250,300087,6102.0,14055.0,0.000435560032,324,1.5023124320807515
2018-11-24,4.99918004701101,228,300123,5864.0,13273.0,0.000436793548,300,1.5028098189326515
2018-11-25,5.06409404846059,299,300174,5963.0,13766.0,0.000436935679,400,1.5035284317036093
2018-11-26,4.81845011190422,219,300216,5802.0,13172.0,0.000437672666,264,1.5034298153530692
2018-11-27,4.8572676132598,295,300239,5816.0,13193.0,0.000436896631,353,1.5052039070067076
2018-11-28,5.25169273715949,379,300371,6063.0,13963.0,0.000438925254,500,1.5077989053606695
2018-11-29,5.29260199644744,467,300597,6127.0,14144.0,0.000442442376,640,2.025911980484416
2018-11-30,5.02381860701744,419,300764,6036.0,14029.0,0.000444561906,494,2.025921396395698
2018-12-01,5.21047567801052,275,300856,6123.0,14211.0,0.000445909491,339,2.025548459177739
2018-12-02,5.1859168454303,236,300934,6131.0,14237.0,0.00044677178,271,2.0254022688911073
2018-12-03,5.05038481508583,275,300993,6074.0,14154.0,0.0004472803,312,1.921593822159558
2018-12-04,5.78165432143067,387,301098,6313.0,14873.0,0.000449521447,563,1.9061430952086695
2018-12-05,5.96283092798943,555,301227,6392.0,15162.0,0.000451212578,915,1.904254509327203
2018-12-06,4.90178597560685,459,301340,5991.0,13783.0,0.000452472739,615,1.9066161404420296
2018-12-07,4.46138778216064,461,301435,5839.0,13437.0,0.000453865566,659,1.907209739016468
2018-12-08,4.6383141761164,307,301494,5908.0,13638.0,0.000454730823,407,1.7858002870601
2018-12-09,4.76347483841569,269,301554,5963.0,13800.0,0.000455632786,355,1.658612343047603
2018-12-10,4.60471260253737,345,301659,5907.0,13670.0,0.000456435575,473,1.657529562126098
2018-12-11,4.80557825996606,266,301715,6004.0,13886.0,0.00045736327,333,1.6494388363087782
2018-12-12,4.9405512599143,298,301770,6070.0,14035.0,0.000458005248,393,1.640387229847381
2018-12-13,4.57032325844508,318,301824,5939.0,13736.0,0.000458715868,443,1.6440879482547084
2018-12-14,4.49036469086916,308,301896,5917.0,13684.0,0.000459626729,397,1.6440416190271665
2018-12-15,4.48495344121668,258,301935,5925.0,13694.0,0.000459580218,311,1.641983002865529
2018-12-16,4.58339096732939,252,301990,5967.0,13821.0,0.000460393619,319,1.6400025651810324
2018-12-17,5.02742783584508,304,302065,6245.0,14683.0,0.000460755777,413,1.637917486262011
2018-12-18,5.50736851143457,347,302144,6443.0,15149.0,0.000461609149,466,1.6374122358862604
2018-12-19,5.41124526618924,350,302208,6433.0,15112.0,0.000462101192,464,1.633415542743636
2018-12-20,5.70005755123111,351,302266,6534.0,15449.0,0.000462457369,456,1.6315029090093385
2018-12-21,5.47178542002832,328,302339,6480.0,15233.0,0.000463514863,410,1.6303295162654727
2018-12-22,5.86397048761981,306,302390,6595.0,15644.0,0.000464259047,456,1.629556085566072
2018-12-23,5.98322060309538,313,302431,6618.0,15806.0,0.000465075777,415,1.6292952580348152
2018-12-24,6.12033333996342,373,302498,6658.0,15944.0,0.000465266051,526,1.6297623986219207
2018-12-25,5.4654181850811,239,302563,6517.0,15354.0,0.00046652584,298,1.629516418294389
2018-12-26,5.64128603995204,258,302579,6574.0,15561.0,0.000466618372,300,1.6278974827311017
2018-12-27,5.18092836277891,245,302626,6428.0,15101.0,0.00046741893,285,1.626484902182175
2018-12-28,5.9270981187243,279,302671,6660.0,15909.0,0.000467601882,362,1.6266732103827712
2018-12-29,5.84133576214201,247,302712,6639.0,15794.0,0.000468183954,296,1.626734871178315
2018-12-30,5.92305234549729,260,302754,6666.0,15949.0,0.000468906716,295,1.62643197584636
2018-12-31,6.06636695275,310,302799,6688.0,16085.0,0.000470148668,415,1.6227885077863384
2019-01-01,5.99805483105218,208,302850,6684.0,16053.0,0.00047098038,253,1.6209346752792095
2019-01-02,6.11677531029106,336,302930,6732.0,16203.0,0.000471850171,420,1.619763743163308
2019-01-03,5.82543549986301,459,302827,6608.0,15800.0,0.000469185951,542,1.6156793274933727
2019-01-04,6.01003492664956,345,302892,6650.0,16011.0,0.000469748108,407,1.6146668938094726
2019-01-05,5.99191644449489,315,302953,6648.0,16027.0,0.000470562503,378,1.6134705951757582
2019-01-06,6.33228184688168,280,302998,6732.0,16307.0,0.000471258147,348,1.6096988196035098
2019-01-07,6.2359256700826,302,303068,6710.0,16277.0,0.000471715703,387,1.598847724756574
2019-01-08,6.61045591995872,374,303130,6812.0,16526.0,0.00047326963,517,1.5947351197892128
2019-01-09,6.513150422606,327,303200,6791.0,16510.0,0.000474423048,462,1.5947844861864684
2019-01-10,5.85061119964156,355,303260,6649.0,16054.0,0.000475041553,486,1.5949290455715563
2019-01-11,5.95933961745081,488,303148,6630.0,16097.0,0.000472429132,659,1.5939837501951126
2019-01-12,5.91163511536836,260,303212,6631.0,16100.0,0.000473180966,333,1.5938271640420123
2019-01-13,5.50870718331299,218,303252,6532.0,15653.0,0.000473809544,288,1.5929808237645706
2019-01-14,6.03132624905884,288,303336,6704.0,16278.0,0.000474815808,307,1.5928283386545827
2019-01-15,5.82844767873574,314,303333,6635.0,16037.0,0.000474809887,403,1.5614238468936623
2019-01-16,6.10709778440581,356,303424,6701.0,16367.0,0.000477581957,506,1.581929303956764
2019-01-17,6.33499882572525,333,303494,6775.0,16567.0,0.000478286515,491,1.5807041241979205
2019-01-18,6.47752935755977,343,303562,6822.0,16679.0,0.00047925928,481,1.5797793854204645
2019-01-19,6.54287376334405,287,303632,6848.0,16758.0,0.000480915071,434,1.57458004448903
2019-01-20,6.40475235833091,308,303691,6830.0,16719.0,0.000481458218,406,1.5739958215472858
2019-01-21,6.49327086244087,333,303780,6869.0,16825.0,0.000482382898,445,1.574959642413872
2019-01-22,6.46644391847793,402,303858,6876.0,16861.0,0.000483305443,751,1.5757354024891204
2019-01-23,6.47125621467708,317,303926,6890.0,16907.0,0.000483936927,509,1.575194878841501
2019-01-24,6.43601984498859,369,303998,6888.0,16921.0,0.000484795251,509,1.5751926682114226
2019-01-25,6.65673563227967,684,303936,6887.0,16948.0,0.000482206582,1053,1.57989343498118
2019-01-26,6.91986162119681,458,304015,7025.0,17246.0,0.000483372891,772,1.5796620561011474
2019-01-27,7.00544651718238,686,304095,7065.0,17369.0,0.00048472872,1161,1.5845998863548736
2019-01-28,6.1845662226895,1312,304141,6833.0,16852.0,0.000486353212,2700,1.5970383887359796
2019-01-29,6.09474512216301,553,304203,6827.0,16815.0,0.000486854039,807,1.5985801210599522
2019-01-30,6.09015304495434,472,304271,6847.0,16853.0,0.0004872666,675,1.6002257355936045
2019-01-31,6.19994420374905,533,304367,6898.0,16989.0,0.000488342516,796,1.6013085165562342
2019-02-01,6.48028361570394,392,304437,6976.0,17197.0,0.000489254068,505,1.6016529159964847
2019-02-02,6.78082479206554,333,304528,7112.0,17513.0,0.000490992038,426,1.6013815997364775
2019-02-03,6.64671981661595,353,304585,7043.0,17370.0,0.000491675887,487,1.6024994200460485
2019-02-04,7.0156220637341,443,304680,7202.0,17735.0,0.00049252959,596,1.617977713246223
2019-02-05,7.66681648689456,500,304757,7365.0,18182.0,0.000493084845,730,1.6181603822338446
2019-02-06,7.9644648200423,689,304871,7434.0,18481.0,0.000494633404,1168,1.6196958402714223
2019-02-07,7.6747629049375,469,304963,7395.0,18307.0,0.000496106198,666,1.6207035465932544
2019-02-08,8.49361822070201,489,305054,7615.0,19058.0,0.00049766786,677,1.622057791811881
2019-02-09,8.72334518083105,443,305155,7682.0,19249.0,0.0004988812,591,1.622312461613289
2019-02-10,9.06046826225957,580,305323,7792.0,19595.0,0.00050198553,798,1.6241735740435757
2019-02-11,9.41108755872906,731,305491,7960.0,20185.0,0.000504680072,1006,1.623747581095822
2019-02-12,9.15819475763275,773,305646,7925.0,20099.0,0.000506496629,1197,1.62438916037477
2019-02-13,8.72347773861595,595,305760,7847.0,19649.0,0.000508492212,822,1.6247954994478286
2019-02-14,8.66313215545118,510,305845,7850.0,19668.0,0.000509738286,715,1.6253046743638262
2019-02-15,9.16866772401317,607,305965,7987.0,20266.0,0.000511197531,858,1.6261772100676954
2019-02-16,8.9992398102093,551,306090,7966.0,20012.0,0.000512603497,731,1.628132606338619
2019-02-17,9.09527544879234,600,306200,8018.0,20377.0,0.000513272296,767,1.628566886361068
2019-02-18,9.51380348593377,733,306340,8139.0,20711.0,0.000513859477,1084,1.6287558158558928
2019-02-19,10.4431807240899,933,306508,8689.0,23263.0,0.000515815399,1480,1.631612970913256
2019-02-20,10.8008687686656,980,306704,8848.0,23519.0,0.00051754527,1605,1.633584153201978
2019-02-21,10.3292134654334,796,306876,8771.0,23501.0,0.000519683426,1191,1.6356985564141733
2019-02-22,10.7089403876533,741,307003,8916.0,23709.0,0.000520861634,1093,1.6362642903893891
2019-02-23,10.7005408197614,998,307396,9150.0,24053.0,0.000525368781,1322,1.6370038207646818
2019-02-24,10.0084462478096,1813,308273,9594.0,24586.0,0.000531003187,2485,1.6398269936751686
2019-02-25,9.68618226485466,6222,311518,12613.0,25779.0,0.000540536772,9775,1.6736683816718383
2019-02-26,9.39115276872226,1545,311384,12318.0,25478.0,0.000541532709,2283,1.680381899105122
2019-02-27,9.78777894319946,3186,309205,10256.0,23441.0,0.000532922154,3598,1.7219580754722452
2019-02-28,10.2225061632461,2654,307812,9103.0,24264.0,0.000532320905,3459,1.725810423268014
2019-03-01,11.299135437672,996,307967,9474.0,24928.0,0.000535522489,1565,1.73058517711074
2019-03-02,11.7202025814959,848,308187,9632.0,25383.0,0.000539350108,1221,1.7316648461504034
2019-03-03,11.3216780775873,676,308313,9596.0,25207.0,0.000541703844,933,1.7328031939401682
2019-03-04,11.3218057570521,609,308460,9649.0,25315.0,0.000543043622,778,1.7333389240236996
2019-03-05,13.6330554443867,1594,308880,10163.0,26720.0,0.000547607211,2548,1.7378340142286828
2019-03-06,14.4195659227988,1973,308600,10065.0,26675.0,0.000537841586,2620,1.741260431257107
2019-03-07,14.9891684951632,2055,309012,10214.0,27148.0,0.000543092949,3052,1.7456034147625634
2019-03-08,13.9964985370113,1487,309313,10143.0,27097.0,0.000546409172,2205,1.7475171377722365
2019-03-09,14.3660342747901,1170,309452,10218.0,27290.0,0.000547248619,1659,1.7480521714016883
2019-03-10,14.3204743725747,992,309709,10289.0,27474.0,0.000550679042,1250,1.748840435018972
2019-03-11,14.320660719918,1190,309851,10322.0,27560.0,0.000552018429,1632,1.7497797649962414
2019-03-12,15.2439040325659,1086,310019,10457.0,27919.0,0.000553323079,1500,1.7514804402248243
2019-03-13,14.9300364029846,1053,310297,10469.0,28040.0,0.000555370226,1427,1.7510537202815726
2019-03-14,14.8044056919982,1044,310552,10532.0,28223.0,0.000558535413,1450,1.7521806460093012
2019-03-15,14.8555755949286,1494,310379,10442.0,28087.0,0.000554138212,1989,1.7535728132601165
2019-03-16,15.9176980755731,1210,310581,10647.0,28522.0,0.00055585638,1862,1.7559277063325442
2019-03-17,15.5621815968385,1453,310748,10633.0,28587.0,0.000558153939,2299,1.758021647331835
2019-03-18,15.4462338746942,3790,311223,10703.0,29012.0,0.000561650367,6611,1.7637394348184472
2019-03-19,15.3789374937928,13867,311839,11152.0,29797.0,0.00056838344,29408,1.78562785650701
2019-03-20,15.1068124573439,2257,312177,11110.0,30027.0,0.000570552745,4644,1.7910668923841202
2019-03-21,14.3192395299478,1391,312399,11037.0,29998.0,0.000572328113,2259,1.7933608736667652
2019-03-22,15.1492843821787,1110,312496,11122.0,30262.0,0.000574818417,1616,1.7953421353545036
2019-03-23,15.0399950718717,804,312606,11144.0,30325.0,0.000576118994,1139,1.7944693636755291
2019-03-24,17.0804280806327,2815,312849,11364.0,31010.0,0.000580089343,5065,1.8020592058195557
2019-03-25,16.6315623957069,4258,315216,11398.0,31085.0,0.000588998994,5940,1.806028003512831
2019-03-26,16.073566864304,1392,315365,11379.0,31095.0,0.000591945409,2164,1.8081501019590551
2019-03-27,16.5019589779781,1492,315409,11478.0,31321.0,0.000594472006,2350,1.812551762193715
2019-03-28,16.533599779761,1505,315175,11476.0,31380.0,0.000594116597,2095,1.814351308094384
2019-03-29,16.4421162334224,1344,314953,11517.0,31511.0,0.000595083833,1842,1.815324314255086
2019-03-30,16.8777696228429,1497,314776,11596.0,31689.0,0.000595620165,2240,1.816991549046198
2019-03-31,17.4365021704195,1439,314723,11733.0,31947.0,0.000597741289,2050,1.8202442230477975
2019-04-01,17.8551870632019,1777,314915,11858.0,32886.0,0.000599655411,2962,1.822390528758075
2019-04-02,19.8793275463622,2304,315068,12180.0,33419.0,0.000601063284,3789,1.825414875386316
2019-04-03,18.6200433294911,2980,315259,12029.0,33271.0,0.000603775022,5005,1.8300463892598804
2019-04-04,19.1911153763556,4320,315278,12026.0,33315.0,0.000604758914,8325,1.8392755689418905
2019-04-05,19.4164983316335,1540,315455,12122.0,33496.0,0.000607011027,2302,1.8434726771920569
2019-04-06,19.0621660430118,1289,315458,12094.0,33396.0,0.000607219137,1881,1.8476669425209225
2019-04-07,19.0728682760562,1195,315640,12224.0,33531.0,0.000609260103,1696,1.8503457013784403
2019-04-08,18.1496578895742,1614,316014,12338.0,33612.0,0.00061194211,2357,1.8562924777284664
2019-04-09,18.4343660724859,1574,316232,12529.0,33879.0,0.000614172556,2550,1.8605647973633113
2019-04-10,18.2237797325358,4260,317531,11897.0,35102.0,0.000624450794,3813,1.8731721585482677
2019-04-11,17.592403937604,5153,316901,11638.0,33409.0,0.00061511347,8270,1.8809297335547048
2019-04-12,18.4350713381414,1730,317292,11808.0,33991.0,0.000616543212,3569,1.8844031527125844
2019-04-13,18.6519324427219,2060,317758,11865.0,34150.0,0.000617848166,5402,1.8874804391830369
2019-04-14,19.4454050991736,1659,318066,11970.0,34477.0,0.000619283191,3163,1.8969629063833184
2019-04-15,19.3500523064158,1364,318092,11994.0,34398.0,0.000620729071,2117,1.8793467194505105
2019-04-16,19.7532633318582,1212,318265,12076.0,34586.0,0.00062391284,1911,1.8935704554760444
2019-04-17,19.5698757655729,1976,318586,12151.0,34773.0,0.000625594651,3131,1.896069247289238
2019-04-18,21.9676726915151,2753,318591,13762.0,35399.0,0.000628458417,4376,1.9023350417561211
2019-04-19,24.3258423038039,3902,318834,14499.0,36332.0,0.00063122848,5318,1.9125407874352396
2019-04-20,24.9342707313896,3612,318596,14444.0,36352.0,0.000633623913,5061,1.9200662091392584
2019-04-21,24.1977757346217,2991,318563,14033.0,35893.0,0.00063240219,4539,1.92872583643032
