time,Price,Active_Users,Transactions
2018-06-09,14.299436303232,163931.0,25103.0
2018-06-10,11.5864366075041,57.0,12975.0
2018-06-11,11.7652364605707,197.0,14362.0
2018-06-12,9.98362295629155,254.0,10237.0
2018-06-13,10.0416899376121,233.0,8200.0
2018-06-14,11.2341922552721,245.0,8898.0
2018-06-15,10.6616424055291,459.0,117776.0
2018-06-16,10.5601463999906,282.0,14462.0
2018-06-17,10.3171050097807,346.0,60225.0
2018-06-18,10.6214028340409,522.0,62825.0
2018-06-19,10.6536021114756,791.0,52127.0
2018-06-20,10.3992833329534,1506.0,46448.0
2018-06-21,10.3894438854897,1169.0,22361.0
2018-06-22,8.57049522788253,1065.0,115952.0
2018-06-23,8.4538679422624,1089.0,13605.0
2018-06-24,8.0493010381314,1215.0,11904.0
2018-06-25,8.33272040224216,1428.0,112692.0
2018-06-26,7.61636403304761,1339.0,66819.0
2018-06-27,8.0118181280105,1726.0,280735.0
2018-06-28,7.36590155823498,2230.0,144743.0
2018-06-29,7.78448561184296,1855.0,215778.0
2018-06-30,8.10318431373998,1723.0,115583.0
2018-07-01,8.13370636453328,2125.0,137605.0
2018-07-02,8.92975189610913,3598.0,136374.0
2018-07-03,8.79571340251051,6494.0,154333.0
2018-07-04,8.88666231394189,4290.0,121374.0
2018-07-05,8.83232967616004,4318.0,132905.0
2018-07-06,8.60610565166656,4503.0,164584.0
2018-07-07,8.77785012852123,3404.0,132157.0
2018-07-08,8.68861438969391,2577.0,148823.0
2018-07-09,7.74340705641391,2860.0,124233.0
2018-07-10,7.1629052073846,2551.0,607517.0
2018-07-11,7.13082491681989,2646.0,676522.0
2018-07-12,6.73614420213072,2952.0,353894.0
2018-07-13,6.83315930546062,66767.0,936260.0
2018-07-14,6.94888000012581,3850.0,2262260.0
2018-07-15,7.36865944932268,5083.0,3235266.0
2018-07-16,8.05366913165146,5848.0,2207672.0
2018-07-17,8.80913118703178,7013.0,6321607.0
2018-07-18,8.61425350139786,12274.0,6742780.0
2018-07-19,8.38617319592851,5011.0,8307321.0
2018-07-20,7.85400481510998,9506.0,5766224.0
2018-07-21,8.04566789527693,6806.0,7026314.0
2018-07-22,7.84191823298928,5393.0,7545183.0
2018-07-23,7.92467288708985,19247.0,7167206.0
2018-07-24,8.57966594012537,13417.0,6941143.0
2018-07-25,8.57476143126815,9636.0,7274454.0
2018-07-26,8.29733811609825,31975.0,7078502.0
2018-07-27,8.43386147886521,86938.0,3698247.0
2018-07-28,8.29546141767658,71140.0,5653877.0
2018-07-29,8.35547008439263,7279.0,8416822.0
2018-07-30,7.74922123845591,4171.0,8083188.0
2018-07-31,7.30716948702556,14167.0,7271422.0
2018-08-01,7.22953954360492,10794.0,7661173.0
2018-08-02,7.03446670288858,28842.0,8216221.0
2018-08-03,7.17924399965258,28266.0,8362106.0
2018-08-04,6.96414240993799,67023.0,7215390.0
2018-08-05,7.03903908378621,64403.0,3364069.0
2018-08-06,7.05142711738,40912.0,5985614.0
2018-08-07,6.56808070950237,12502.0,7390761.0
2018-08-08,5.55207134820721,9792.0,6763672.0
2018-08-09,5.82321580009223,5016.0,7358344.0
2018-08-10,5.22897246040611,58701.0,6806954.0
2018-08-11,5.04049929083099,33862.0,7337851.0
2018-08-12,4.99863904422361,74238.0,7667153.0
2018-08-13,4.59792219603228,3658.0,8690801.0
2018-08-14,4.49681934217048,6558.0,8476219.0
2018-08-15,4.615197314226,12016.0,7608512.0
2018-08-16,4.4929522039703,2175.0,3237242.0
2018-08-17,5.48797083723707,2592.0,2915955.0
2018-08-18,5.09599001321047,83271.0,4696460.0
2018-08-19,5.28690499120208,7255.0,7962129.0
2018-08-20,4.72917367675627,5185.0,7622643.0
2018-08-21,4.90401213398007,116991.0,6517695.0
2018-08-22,4.71092733739938,78708.0,2436247.0
2018-08-23,4.89617671362791,22113.0,6802495.0
2018-08-24,5.05120389757314,11183.0,6909744.0
2018-08-25,5.04202204207152,16675.0,6723165.0
2018-08-26,4.93392182513806,13957.0,2606981.0
2018-08-27,5.33725694249804,4633.0,5774012.0
2018-08-28,5.93586741747524,4317.0,5647034.0
2018-08-29,6.14795922710919,7007.0,5336604.0
2018-08-30,6.05225980487799,18456.0,4498186.0
2018-08-31,6.43030297285485,16175.0,3452908.0
2018-09-01,6.64885622679701,4854.0,4347626.0
2018-09-02,6.59598122302163,4101.0,4210544.0
2018-09-03,6.46641623177258,4382.0,4380459.0
2018-09-04,6.46899024117134,25923.0,4775080.0
2018-09-05,5.28099958454868,58163.0,5048300.0
2018-09-06,5.19471680175138,69932.0,904322.0
2018-09-07,5.03623359912447,54314.0,5077672.0
2018-09-08,4.73416924684609,33265.0,3157711.0
2018-09-09,4.93911999326126,16822.0,5914093.0
2018-09-10,5.01383739605904,6520.0,4810318.0
2018-09-11,4.95989180683583,7148.0,1208067.0
2018-09-12,4.92920058214193,5762.0,734139.0
2018-09-13,5.44702593776242,10251.0,622998.0
2018-09-14,5.25838331432015,47347.0,617577.0
2018-09-15,5.40067117324324,7803.0,803841.0
2018-09-16,5.41222755594389,25881.0,714053.0
2018-09-17,4.86327616214861,39668.0,824651.0
2018-09-18,5.07892189439617,45050.0,966723.0
2018-09-19,5.21893168763078,19222.0,991483.0
2018-09-20,5.7416147993341,25517.0,970800.0
2018-09-21,6.1518578698373,97594.0,1107356.0
2018-09-22,5.93633459012748,93543.0,1129405.0
2018-09-23,6.04257596393363,16627.0,1152990.0
2018-09-24,5.654392318471,36773.0,1052415.0
2018-09-25,5.37816995857409,87588.0,1197181.0
2018-09-26,5.5535120393926,20347.0,1130722.0
2018-09-27,5.81664108035429,17113.0,903256.0
2018-09-28,5.74344201105778,19688.0,909954.0
2018-09-29,5.74874960909171,13534.0,1131483.0
2018-09-30,5.70476428988596,26250.0,1288261.0
2018-10-01,5.69448250498867,36941.0,1416553.0
2018-10-02,5.60888362116545,75942.0,1883906.0
2018-10-03,5.57746568880478,99740.0,1377687.0
2018-10-04,5.75781356749108,72552.0,1472286.0
2018-10-05,5.77529335873396,135788.0,1461415.0
2018-10-06,5.69977849324118,210673.0,1668270.0
2018-10-07,5.71755649423564,50542.0,2118262.0
2018-10-08,5.87305381055621,19101.0,1876713.0
2018-10-09,5.86914179323642,96135.0,2210216.0
2018-10-10,5.83264088497869,83511.0,2020740.0
2018-10-11,5.04685306942291,52655.0,1978872.0
2018-10-12,5.11837378796843,56901.0,2330505.0
2018-10-13,5.18498566471815,21361.0,2503599.0
2018-10-14,5.07505291044898,13648.0,1986076.0
2018-10-15,5.34763856860902,18317.0,1177049.0
2018-10-16,5.33056659059653,8000.0,1814330.0
2018-10-17,5.32858674665464,20643.0,2593686.0
2018-10-18,5.27416262345829,45919.0,3525586.0
2018-10-19,5.27560779129348,45509.0,4329377.0
2018-10-20,5.30836219387321,129272.0,3739962.0
2018-10-21,5.36292430927353,99424.0,3708061.0
2018-10-22,5.32365187712209,30217.0,3535491.0
2018-10-23,5.35376996216417,35834.0,3611763.0
2018-10-24,5.31033792604843,36189.0,4709812.0
2018-10-25,5.32147858898705,36789.0,3771304.0
2018-10-26,5.33611608218788,29090.0,4684851.0
2018-10-27,5.33943052823057,19060.0,4521588.0
2018-10-28,5.36677637228277,22375.0,4113607.0
2018-10-29,5.08447940073467,29679.0,4019134.0
2018-10-30,5.09275184173415,33093.0,3836278.0
2018-10-31,5.19831103668634,37856.0,4486620.0
2018-11-01,5.23418604639243,43684.0,4690299.0
2018-11-02,5.32482806257498,42014.0,4898804.0
2018-11-03,5.27978007855468,46973.0,4328081.0
2018-11-04,5.48823279123286,81692.0,3996033.0
2018-11-05,5.43892915984087,32934.0,4395419.0
2018-11-06,5.70055846803174,30044.0,4240665.0
2018-11-07,5.61373757996304,30158.0,4047880.0
2018-11-08,5.46568120370581,26256.0,4527130.0
2018-11-09,5.33016490885033,94466.0,7101135.0
2018-11-10,5.36323557225639,46480.0,7305228.0
2018-11-11,5.35003163502024,31069.0,7995091.0
2018-11-12,5.34176325220288,38384.0,7319436.0
2018-11-13,5.1374504777551,65103.0,7018913.0
2018-11-14,4.50769529905067,40274.0,5404547.0
2018-11-15,4.59931699258785,18851.0,4450301.0
2018-11-16,4.4804904474946,41465.0,5220412.0
2018-11-17,4.52658083338275,44605.0,5616736.0
2018-11-18,4.5342430398579,38208.0,5161205.0
2018-11-19,4.0089962348965,63320.0,6287736.0
2018-11-20,3.61262381407136,37701.0,7747554.0
2018-11-21,3.76595059477111,25905.0,7784264.0
2018-11-22,3.52269948830328,26440.0,8130661.0
2018-11-23,3.54938142645662,24590.0,7235145.0
2018-11-24,3.18543118426989,92937.0,7107528.0
2018-11-25,3.29196200121995,80832.0,7031162.0
2018-11-26,3.09786818583861,51477.0,7138212.0
2018-11-27,2.96051232972866,81177.0,6245134.0
2018-11-28,3.22747423185961,241763.0,6456131.0
2018-11-29,2.98273590688973,102253.0,6933771.0
2018-11-30,2.84434952076461,86466.0,6156265.0
2018-12-01,2.91013094455251,62280.0,5821806.0
2018-12-02,2.80952108253592,35058.0,6436589.0
2018-12-03,2.56078836964475,63768.0,6439910.0
2018-12-04,2.41012168679874,96894.0,6631478.0
2018-12-05,2.1680370353784,32579.0,6975645.0
2018-12-06,1.85089890077669,147751.0,6600769.0
2018-12-07,1.71531698690479,30371.0,6442157.0
2018-12-08,1.80777614708579,43566.0,6621969.0
2018-12-09,1.99040801495397,39303.0,7227552.0
2018-12-10,1.89584525053548,25431.0,6571730.0
2018-12-11,1.81168067114688,23573.0,6491261.0
2018-12-12,1.94606272652523,21568.0,6218645.0
2018-12-13,1.81744360530501,19527.0,6726936.0
2018-12-14,1.80369833467803,19869.0,5858419.0
2018-12-15,1.86426983385145,22789.0,6120170.0
2018-12-16,1.88661770679192,35435.0,4735056.0
2018-12-17,2.3855561179834,18803.0,3596917.0
2018-12-18,2.62487019899711,60457.0,4274601.0
2018-12-19,2.4684084372728,168197.0,6390915.0
2018-12-20,2.69199462793931,101077.0,5590763.0
2018-12-21,2.57296169974022,34407.0,5615823.0
2018-12-22,2.58208028378115,34214.0,5359207.0
2018-12-23,2.78370149602573,38769.0,5016091.0
2018-12-24,2.78107540717255,45531.0,5832797.0
2018-12-25,2.4866255523572,73012.0,6225441.0
2018-12-26,2.56547253126518,165063.0,6186930.0
2018-12-27,2.27694317398464,192931.0,5835971.0
2018-12-28,2.62660879064896,61180.0,5476461.0
2018-12-29,2.6563716656916,58906.0,5630450.0
2018-12-30,2.64985098865007,70608.0,5685662.0
2018-12-31,2.51939835396091,48614.0,5566999.0
2019-01-01,2.62879680378072,54242.0,5802132.0
2019-01-02,2.85734448566544,51187.0,5377137.0
2019-01-03,2.64183374169771,139830.0,5812178.0
2019-01-04,2.6974572896706,175963.0,5643870.0
2019-01-05,2.67106761683633,106370.0,6766712.0
2019-01-06,2.85489122603626,55172.0,7174275.0
2019-01-07,2.74135710525061,102766.0,7326410.0
2019-01-08,2.77385369301425,166179.0,6841224.0
2019-01-09,2.89321394039033,121437.0,5904370.0
2019-01-10,2.39829722159361,162636.0,5795248.0
2019-01-11,2.37573661841881,34880.0,5691535.0
2019-01-12,2.3969440196702,51776.0,5710175.0
2019-01-13,2.23038607524872,58236.0,5413284.0
2019-01-14,2.4547872849427,173347.0,5357905.0
2019-01-15,2.36880907517086,167265.0,5367320.0
2019-01-16,2.41600897044403,31430.0,5331866.0
2019-01-17,2.49012687889437,37621.0,5866799.0
2019-01-18,2.4386539123829,32131.0,5816697.0
2019-01-19,2.45916387566383,33589.0,5587437.0
2019-01-20,2.327935843506,81538.0,4690585.0
2019-01-21,2.33085510053739,59473.0,4953262.0
2019-01-22,2.43030716554108,87605.0,5019651.0
2019-01-23,2.41236575368745,122286.0,5631968.0
2019-01-24,2.43051332640365,54641.0,5518593.0
2019-01-25,2.42612899498259,89942.0,6015649.0
2019-01-26,2.4036486157303,31808.0,6027251.0
2019-01-27,2.35000527640945,74154.0,6191302.0
2019-01-28,2.22681138555844,91318.0,6336534.0
2019-01-29,2.25236849267898,55655.0,6117863.0
2019-01-30,2.31172391532772,40754.0,6184354.0
2019-01-31,2.29072161243491,39279.0,6382021.0
2019-02-01,2.31473313718656,36356.0,5852127.0
2019-02-02,2.39115180653758,42915.0,5970364.0
2019-02-03,2.34534719853619,41557.0,5363373.0
2019-02-04,2.36282579065474,38748.0,5290268.0
2019-02-05,2.36042566133341,40764.0,4838584.0
2019-02-06,2.31678957586819,38411.0,4814211.0
2019-02-07,2.31507496817042,39726.0,5193626.0
2019-02-08,2.68090720106626,37814.0,4802863.0
2019-02-09,2.74373831911797,39483.0,4737997.0
2019-02-10,2.77657768856347,35953.0,4348230.0
2019-02-11,2.72095988931263,100351.0,4392491.0
2019-02-12,2.91237651288612,130585.0,4643305.0
2019-02-13,2.8308442025188,131945.0,5004493.0
2019-02-14,2.72535171328733,139076.0,5141407.0
2019-02-15,2.76019321914599,76243.0,4878958.0
2019-02-16,2.78285797489537,37690.0,5484851.0
2019-02-17,2.84348504688745,91562.0,4930436.0
2019-02-18,3.4261475777269,46264.0,4621347.0
2019-02-19,3.53102039340347,43226.0,5056510.0
2019-02-20,3.84684409755676,99708.0,4775765.0
2019-02-21,3.73840513286903,44394.0,4435940.0
2019-02-22,3.84579343441121,78747.0,4665507.0
2019-02-23,4.23039213771894,87686.0,4621876.0
2019-02-24,3.56096249599272,75342.0,4088193.0
2019-02-25,3.53484225243213,79788.0,4557499.0
2019-02-26,3.39373996126827,83456.0,4524447.0
2019-02-27,3.4769554856911,81444.0,4286573.0
2019-02-28,3.4868133680818,44611.0,4286625.0
2019-03-01,3.5135901979363,42456.0,4179879.0
2019-03-02,3.46996836107217,35065.0,4114884.0
2019-03-03,3.49477349558129,71757.0,4264659.0
2019-03-04,3.21606788699871,100463.0,4342931.0
2019-03-05,3.7227226905802,96491.0,4132272.0
2019-03-06,3.73111547443959,71841.0,4134411.0
2019-03-07,3.73443260887902,76324.0,4172909.0
2019-03-08,3.5779563673471,187721.0,4313543.0
2019-03-09,3.72364541261623,45628.0,3842924.0
2019-03-10,3.69565357940531,85228.0,4131609.0
2019-03-11,3.55140128578754,79073.0,4311099.0
2019-03-12,3.61477366094014,38502.0,4047689.0
2019-03-13,3.55751164048985,49595.0,4052143.0
2019-03-14,3.54164454565792,46954.0,4471043.0
2019-03-15,3.66248181080939,89705.0,4645805.0
2019-03-16,3.77876959169877,99527.0,4032771.0
2019-03-17,3.7244911686043,73434.0,3869180.0
2019-03-18,3.6915098207825,48261.0,4144488.0
2019-03-19,3.70796890267504,41133.0,4192890.0
2019-03-20,3.69574584393188,53678.0,4060061.0
2019-03-21,3.61304808587941,40162.0,4381426.0
2019-03-22,3.6170263241912,258280.0,4803151.0
2019-03-23,3.64402363114333,70902.0,4749111.0
2019-03-24,3.61199172507408,83372.0,4579325.0
2019-03-25,3.6302138819662,68073.0,5473141.0
2019-03-26,3.66834257856888,47702.0,5110994.0
2019-03-27,4.28672331420789,50225.0,5732425.0
2019-03-28,4.23248767784094,54283.0,5278931.0
2019-03-29,4.29259091906345,74288.0,5442540.0
2019-03-30,4.13320944737027,50678.0,5643712.0
2019-03-31,4.19081277816258,44118.0,5664489.0
2019-04-01,4.20326299510344,56139.0,5273011.0
2019-04-02,5.07052414701223,94380.0,5627873.0
2019-04-03,5.18718313338445,77122.0,5293439.0
2019-04-04,5.07396582887167,93140.0,5350515.0
2019-04-05,5.33900938594787,62197.0,4983243.0
2019-04-06,5.3313381353088,67231.0,5499396.0
2019-04-07,5.44220600705536,43987.0,4722060.0
2019-04-08,5.54352711135183,60357.0,5374650.0
2019-04-09,5.56167841334159,57171.0,5498514.0
2019-04-10,5.8470270531236,110109.0,5482015.0
2019-04-11,5.32866436262885,119687.0,5425272.0
2019-04-12,5.38183259356583,58179.0,5470702.0
2019-04-13,5.32099467998795,48211.0,5088175.0
2019-04-14,5.55140431364965,45576.0,5279225.0
2019-04-15,5.35305144912305,51028.0,5694528.0
2019-04-16,5.51853444405416,49680.0,5246057.0
2019-04-17,5.44069925660253,49701.0,5393934.0
2019-04-18,5.48442756704392,85652.0,5679894.0
2019-04-19,5.47712930330355,51962.0,5018033.0
2019-04-20,5.4429318340846,50592.0,4644984.0
2019-04-21,5.22324073719298,47837.0,4698471.0
2019-04-22,5.2409198031624,54559.0,5201596.0
2019-04-23,5.16733020215856,59511.0,5291919.0
2019-04-24,4.76431824645591,74232.0,5490741.0
2019-04-25,4.52553446860763,76717.0,5367466.0
2019-04-26,4.63890139670479,76463.0,5333723.0
2019-04-27,4.6309480237059,77652.0,5277825.0
2019-04-28,4.5954572562805,88049.0,5160814.0
2019-04-29,4.43220692551542,84021.0,5257374.0
2019-04-30,4.76633696179313,68708.0,5218435.0
2019-05-01,4.7034845716231,59000.0,4508793.0
2019-05-02,4.69890027195111,52082.0,4314735.0
2019-05-03,4.99051402295714,59265.0,4468292.0
2019-05-04,4.90017602022744,66065.0,4253422.0
2019-05-05,4.82988152345928,49805.0,5129962.0
2019-05-06,4.85086468085331,53945.0,5133135.0
2019-05-07,4.8108171570314,55887.0,5786685.0
2019-05-08,4.85274224476707,50651.0,5422652.0
2019-05-09,4.81038728664548,49422.0,5193503.0
2019-05-10,4.79851533842726,62798.0,5165513.0
2019-05-11,5.68239475032511,57400.0,5108717.0
2019-05-12,5.32645169079551,47369.0,5086530.0
2019-05-13,5.53804282908938,46087.0,4805953.0
2019-05-14,6.03553390576635,60329.0,4998091.0
2019-05-15,6.51411954464425,49540.0,4961553.0
2019-05-16,6.48810615149612,45977.0,5243000.0
2019-05-17,6.01555454987354,46232.0,5117729.0
2019-05-18,5.90421984906723,41255.0,4927787.0
2019-05-19,6.52579286148146,40254.0,5021426.0
2019-05-20,6.25789086574932,44597.0,5116787.0
2019-05-21,6.30866049523085,40118.0,5347092.0
2019-05-22,5.95563628649807,44384.0,5091165.0
2019-05-23,6.05098670248845,50052.0,5080030.0
2019-05-24,6.40007972997952,41103.0,4760000.0
2019-05-25,6.39611125812992,39576.0,4709314.0
2019-05-26,6.93473180525151,72771.0,4804066.0
2019-05-27,8.08233855080345,78056.0,5483488.0
2019-05-28,8.03782437911248,67231.0,5086664.0
2019-05-29,7.98489764346964,46774.0,5172885.0
2019-05-30,7.33041491545008,77806.0,5159796.0
2019-05-31,8.55847883721945,115834.0,5205541.0
2019-06-01,7.82144822260309,45532.0,5202585.0
2019-06-02,7.74816469963115,81144.0,4864157.0
2019-06-03,6.71553538355415,43200.0,5096815.0
2019-06-04,6.23188617607877,66284.0,5603629.0
2019-06-05,6.43395276570822,73074.0,5827642.0
2019-06-06,6.35133291837534,40089.0,5658361.0
2019-06-07,6.65943049779334,64017.0,5537268.0
2019-06-08,6.39004789518039,63273.0,5520864.0
2019-06-09,6.13246785289602,38697.0,5334606.0
2019-06-10,6.42355179906678,64362.0,5365628.0
2019-06-11,6.34230725524142,64585.0,5793926.0
2019-06-12,6.41691349058203,37969.0,5554180.0
2019-06-13,6.47076524019746,64452.0,5573213.0
2019-06-14,6.56241730214307,63344.0,5314705.0
2019-06-15,6.91806415801832,38805.0,5331132.0
2019-06-16,7.02262392792963,61720.0,5323042.0
2019-06-17,7.13094790630076,56983.0,5759862.0
2019-06-18,6.75098169340512,39960.0,6203142.0
2019-06-19,6.87696583434997,83275.0,6205714.0
2019-06-20,6.84342999000084,96878.0,6443681.0
2019-06-21,7.05063924469543,44388.0,6621105.0
2019-06-22,7.42341070727057,44400.0,6047776.0
2019-06-23,7.20003706581539,42143.0,6163201.0
2019-06-24,7.20042286755851,75663.0,5934995.0
2019-06-25,7.13288733764435,72624.0,6301396.0
2019-06-26,6.71086640849578,92998.0,6335618.0
2019-06-27,5.86403416062741,93865.0,6071408.0
2019-06-28,6.16765093223543,51274.0,5797399.0
2019-06-29,6.32349886463673,39406.0,5942852.0
2019-06-30,5.73983240082636,40805.0,5894569.0
2019-07-01,5.99639172357646,62908.0,5345126.0
2019-07-02,5.8586466472369,148774.0,5733906.0
2019-07-03,6.05675336273062,61508.0,6046160.0
2019-07-04,5.71445661924099,41383.0,6441256.0
2019-07-05,5.74344358813285,38414.0,5413532.0
2019-07-06,5.75168765171145,35434.0,6491294.0
2019-07-07,5.95504158385589,36972.0,6760752.0
2019-07-08,5.97146536654992,38860.0,6447119.0
2019-07-09,5.8928552654576,210877.0,6665527.0
2019-07-10,5.26452494198433,52997.0,5307317.0
2019-07-11,4.67170378574425,37777.0,5396791.0
2019-07-12,4.80652389120102,239061.0,6545373.0
2019-07-13,4.7426815304121,36292.0,5978299.0
2019-07-14,4.13683882251345,41495.0,6962898.0
2019-07-15,4.32008142069391,52832.0,7569610.0
2019-07-16,3.66737241738566,85634.0,7314208.0
2019-07-17,3.8477678673577,73193.0,7914514.0
2019-07-18,4.12473104922819,79543.0,5909587.0
2019-07-19,4.04336760883738,35809.0,6472677.0
2019-07-20,4.34673458455778,34474.0,5938605.0
2019-07-21,4.33150383415021,27419.0,5398554.0
2019-07-22,4.11846513753924,50898.0,6031040.0
2019-07-23,4.14464539315677,53078.0,6141361.0
2019-07-24,4.55458387147255,51024.0,5124627.0
2019-07-25,4.5748375946655,56522.0,5993169.0
2019-07-26,4.61945203046029,55494.0,5785234.0
2019-07-27,4.25275114204146,26592.0,5458421.0
2019-07-28,4.23345674549694,27149.0,5460206.0
2019-07-29,4.20501831310496,81694.0,5734030.0
2019-07-30,4.20271470076046,51598.0,5516635.0
2019-07-31,4.42081028610188,51266.0,5795869.0
2019-08-01,4.31121924594244,37913.0,5817102.0
2019-08-02,4.1772172859706,244128.0,5321771.0
2019-08-03,4.2766426699336,32638.0,4950683.0
2019-08-04,4.23629668084273,30308.0,4638321.0
2019-08-05,4.45627294409406,60779.0,5350007.0
2019-08-06,4.17989479713067,54643.0,4528097.0
2019-08-07,4.22241551277234,56419.0,4949861.0
2019-08-08,4.17185882745251,35290.0,5139148.0
2019-08-09,3.89423356895053,30796.0,5322539.0
2019-08-10,4.05911834392625,30071.0,4883450.0
2019-08-11,4.19630952879026,35103.0,4578852.0
2019-08-12,4.12780546230959,57304.0,4493044.0
2019-08-13,4.06940585567356,59889.0,5521601.0
2019-08-14,3.65133165045944,61882.0,5257629.0
2019-08-15,3.62581084423452,29180.0,5249437.0
2019-08-16,3.59576290093497,61871.0,5268786.0
2019-08-17,3.55630074604107,30761.0,4969391.0
2019-08-18,3.69975491923664,31454.0,4749366.0
2019-08-19,3.71868582039956,87483.0,5388191.0
2019-08-20,3.68023116626768,56530.0,5121865.0
2019-08-21,3.50330080481602,68651.0,5569694.0
2019-08-22,3.64392347313535,95020.0,5486088.0
2019-08-23,3.6826660816767,84745.0,5472853.0
2019-08-24,3.66733912653124,59494.0,4928837.0
2019-08-25,3.54717006223307,50699.0,4997492.0
2019-08-26,3.58156424448648,68008.0,5496906.0
2019-08-27,3.54458656331679,50654.0,5735620.0
2019-08-28,3.25805696734507,115165.0,5932942.0
2019-08-29,3.19466843113347,69323.0,5977936.0
2019-08-30,3.21053840505644,68091.0,5453075.0
2019-08-31,3.32807314432779,31600.0,5392956.0
2019-09-01,3.27070041201111,31576.0,5408383.0
2019-09-02,3.33152889251527,65362.0,5767174.0
2019-09-03,3.35489797458628,108790.0,6191815.0
2019-09-04,3.30441240039556,61265.0,6117979.0
2019-09-05,3.27672988899121,74453.0,5630504.0
2019-09-06,3.215517583196,77696.0,5812950.0
2019-09-07,3.58462754543822,35884.0,6051555.0
2019-09-08,3.77123287855308,34838.0,5531012.0
2019-09-09,3.90951397770508,77688.0,5831126.0
2019-09-10,3.76598796820067,79234.0,6393366.0
2019-09-11,3.73895198430459,77732.0,6178492.0
2019-09-12,3.7389451686945,101984.0,5635679.0
2019-09-13,3.72979199394771,32100.0,5553639.0
2019-09-14,4.04101165921875,95331.0,5681313.0
2019-09-15,4.06983442663116,99739.0,5668198.0
2019-09-16,4.07603138256338,101876.0,5575534.0
2019-09-17,4.08854532044135,130926.0,5672552.0
2019-09-18,4.08631838005676,97463.0,6070150.0
2019-09-19,3.96559753633232,161982.0,5440474.0
2019-09-20,4.00597434582752,72015.0,6795842.0
2019-09-21,4.01158198645094,33210.0,6808333.0
2019-09-22,3.81217540481267,43219.0,7174203.0
2019-09-23,3.69253450800687,122822.0,7717736.0
2019-09-24,2.84330829239929,75282.0,6048653.0
2019-09-25,2.86711288769426,76018.0,5579845.0
2019-09-26,2.78616646307294,70929.0,5348270.0
2019-09-27,2.83652919058381,64880.0,5948450.0
2019-09-28,2.83381276837656,58600.0,5470134.0
2019-09-29,2.78718157725669,58703.0,5509773.0
2019-09-30,2.95757791781925,58065.0,5852960.0
2019-10-01,2.94490048226267,97186.0,5641509.0
2019-10-02,3.00917845794846,51245.0,3992812.0
2019-10-03,2.9358616433561,35066.0,3650154.0
2019-10-04,3.01708757255264,53147.0,6215789.0
2019-10-05,2.99162607719976,87952.0,4121148.0
2019-10-06,2.9078831837536,53812.0,3491170.0
2019-10-07,3.20123444147288,35995.0,3767118.0
2019-10-08,3.16042928176004,106115.0,4200609.0
2019-10-09,3.24830979007159,255589.0,4778653.0
2019-10-10,3.11467281980874,252447.0,5677034.0
2019-10-11,3.0700514495555,271167.0,5964837.0
2019-10-12,3.07557571278233,351550.0,6051172.0
2019-10-13,3.10904707178773,129246.0,5570442.0
2019-10-14,3.15967526047741,354742.0,5962085.0
2019-10-15,2.96104455117018,150948.0,5701971.0
2019-10-16,2.93154734819556,422258.0,5574924.0
2019-10-17,2.9498973706428,441073.0,7413730.0
2019-10-18,2.88286420097113,116789.0,5679507.0
2019-10-19,2.86408170959423,32809.0,5606921.0
2019-10-20,2.92180998931661,21494.0,5196213.0
2019-10-21,2.92571428754563,122342.0,5506166.0
2019-10-22,2.89052398203986,132836.0,6140228.0
2019-10-23,2.70424793164595,447070.0,6122989.0
2019-10-24,2.74326837681729,72016.0,4529831.0
2019-10-25,3.17727856919442,77488.0,4369231.0
2019-10-26,3.13714433493689,28177.0,4579757.0
2019-10-27,3.3402604733703,32868.0,4438077.0
2019-10-28,3.31651765653996,405499.0,5116193.0
2019-10-29,3.40341984740335,92366.0,4958648.0
2019-10-30,3.27285725662183,118659.0,6666420.0
2019-10-31,3.26161698241218,103961.0,5863443.0
2019-11-01,3.3512373573208,39557.0,8130507.0
2019-11-02,3.31998183932019,19301.0,10596145.0
2019-11-03,3.27607665982535,18421.0,8306462.0
2019-11-04,3.43970657408737,18965.0,5085306.0
2019-11-05,3.62650901708462,18906.0,4650268.0
2019-11-06,3.61691555073659,17349.0,4853047.0
2019-11-07,3.47269497219716,16040.0,4128970.0
2019-11-08,3.41443427832245,17020.0,4374242.0
2019-11-09,3.4900187265713,16926.0,4286313.0
2019-11-10,3.58174352470486,17521.0,4048478.0
2019-11-11,3.43414457932319,18504.0,3767445.0
2019-11-12,3.47147558709685,16996.0,4011126.0
2019-11-13,3.46835388378118,16762.0,4298056.0
2019-11-14,3.39826143984347,19009.0,4286104.0
2019-11-15,3.33155838385429,17642.0,4300714.0
2019-11-16,3.3722716356584,17232.0,4284299.0
2019-11-17,3.39206387616408,16073.0,4146113.0
2019-11-18,3.18035156697024,16334.0,3938970.0
2019-11-19,3.11109350772982,14937.0,3970330.0
2019-11-20,3.0751437186024,16087.0,3768130.0
2019-11-21,2.81500077439349,14518.0,3712567.0
2019-11-22,2.61961622859693,14188.0,3736462.0
2019-11-23,2.68929544485637,13753.0,3767722.0
2019-11-24,2.44318900376324,13655.0,3560571.0
2019-11-25,2.53920921329822,14304.0,3649235.0
2019-11-26,2.61659913992791,15180.0,3596830.0
2019-11-27,2.68521968592881,14723.0,3675182.0
2019-11-28,2.62637386999751,13966.0,3647627.0
2019-11-29,2.7909760307639,14538.0,3623822.0
2019-11-30,2.75485391716252,16534.0,3441002.0
2019-12-01,2.78669563646894,14639.0,3061171.0
2019-12-02,2.6846025127697,15060.0,2700778.0
2019-12-03,2.69756906409505,15152.0,2243819.0
2019-12-04,2.63449650803613,13664.0,2258544.0
2019-12-05,2.68548236913409,41488.0,2122866.0
2019-12-06,2.72444763136977,25300.0,2092394.0
2019-12-07,2.72640461784176,13892.0,2181196.0
2019-12-08,2.74630400792725,13557.0,2138542.0
2019-12-09,2.65321374041349,16564.0,2152769.0
2019-12-10,2.60312520508239,17988.0,2163491.0
2019-12-11,2.57298641954111,34445.0,2058433.0
2019-12-12,2.57965006123113,33623.0,2134852.0
2019-12-13,2.61731870707202,53154.0,2100229.0
2019-12-14,2.56822814538226,20037.0,2075183.0
2019-12-15,2.56186081850113,15226.0,2167793.0
2019-12-16,2.36311775528074,31719.0,2215119.0
2019-12-17,2.18855817534604,53118.0,2353848.0
2019-12-18,2.46191948869389,15897.0,2374895.0
2019-12-19,2.45232680331838,34675.0,2294914.0
2019-12-20,2.48578185888789,16214.0,2272349.0
2019-12-21,2.44124719031026,36087.0,2305601.0
2019-12-22,2.53379002743313,15766.0,2135648.0
2019-12-23,2.51137404756665,38911.0,2131138.0
2019-12-24,2.53542821467571,19178.0,2084108.0
2019-12-25,2.47689895693573,18666.0,2059002.0
2019-12-26,2.51315037679067,16978.0,2163810.0
2019-12-27,2.56680947035978,18881.0,2083654.0
2019-12-28,2.63386476463871,32852.0,2130803.0
2019-12-29,2.68784636980455,13185.0,2073457.0
2019-12-30,2.61927049735891,14655.0,2084803.0
2019-12-31,2.57542629810478,30585.0,2081903.0
2020-01-01,2.59077426812875,18862.0,2162795.0
2020-01-02,2.45205454773104,27831.0,2185941.0
2020-01-03,2.63682853530896,43251.0,2072261.0
2020-01-04,2.64495260666003,32022.0,2091851.0
2020-01-05,2.67989896667692,15144.0,2068701.0
2020-01-06,2.8507787526782,13559.0,2150278.0
2020-01-07,2.85169992036167,12729.0,2257853.0
2020-01-08,2.77999271144614,32528.0,2212395.0
2020-01-09,2.74678201032402,27111.0,2224137.0
2020-01-10,2.96004093142968,33868.0,2205720.0
2020-01-11,2.99725218054567,31423.0,2091292.0
2020-01-12,3.19181591645639,16381.0,1975301.0
2020-01-13,3.11087736645134,48111.0,1852664.0
2020-01-14,3.83265226821104,25211.0,1842166.0
2020-01-15,3.759897469365,39844.0,1802706.0
2020-01-16,3.83899430366905,20992.0,1639945.0
2020-01-17,3.9411001165655,13229.0,1544739.0
2020-01-18,3.81500955320399,12260.0,1516709.0
2020-01-19,3.59798201730042,36253.0,1449167.0
2020-01-20,3.62177948134219,21464.0,1518372.0
2020-01-21,3.64693210144332,12982.0,1457077.0
2020-01-22,3.63665109299518,13303.0,1327922.0
2020-01-23,3.55332309090447,12931.0,1425218.0
2020-01-24,3.62460714286326,12626.0,1426316.0
2020-01-25,3.53259409320047,12729.0,1555483.0
2020-01-26,3.63362045123685,12880.0,1475391.0
2020-01-27,3.95628985585867,14074.0,1637059.0
2020-01-28,4.02805304863084,13908.0,1608421.0
2020-01-29,3.98124356833125,13122.0,1481284.0
2020-01-30,4.33872404291828,43384.0,1688495.0
2020-01-31,4.12579813724926,17821.0,1566674.0
2020-02-01,4.14977033351664,57282.0,1541467.0
2020-02-02,4.21169754193675,11270.0,1600220.0
2020-02-03,4.19065423949304,12087.0,1561186.0
2020-02-04,4.21551861406606,11234.0,1707463.0
2020-02-05,4.52059713118898,21129.0,1703707.0
2020-02-06,4.58389712304813,25413.0,1788799.0
2020-02-07,4.59327915756993,15620.0,1619530.0
2020-02-08,4.77996907887013,12692.0,1546890.0
2020-02-09,4.99853176913722,88665.0,1537332.0
2020-02-10,4.9186895044626,20525.0,1581483.0
2020-02-11,5.27367651880788,48279.0,1635126.0
2020-02-12,5.35020917151853,13585.0,1559144.0
2020-02-13,5.329110918392,35232.0,1668024.0
2020-02-14,5.37147936299943,50250.0,1808677.0
2020-02-15,4.73241106235062,13510.0,1695059.0
2020-02-16,4.3964246211111,47690.0,1797057.0
2020-02-17,4.34489221213081,16384.0,1736508.0
2020-02-18,4.60368418317687,15370.0,1681497.0
2020-02-19,4.00665015332235,16931.0,1747260.0
2020-02-20,4.004596387567,21520.0,1784009.0
2020-02-21,4.06729689373069,17827.0,1795997.0
2020-02-22,4.09690773088198,21157.0,1752617.0
2020-02-23,4.38125373139707,21663.0,1761773.0
2020-02-24,4.09215456103128,50955.0,1764383.0
2020-02-25,4.10696133678734,19637.0,1828792.0
2020-02-26,3.54373261238413,22170.0,1903000.0
2020-02-27,3.59285727717856,20992.0,1801353.0
2020-02-28,3.54293481293465,20986.0,1917428.0
2020-02-29,3.52905954743241,21284.0,1945148.0
2020-03-01,3.512666370376,31986.0,1848603.0
2020-03-02,3.69548145349352,91430.0,1844568.0
2020-03-03,3.63451022941552,72116.0,1966493.0
2020-03-04,3.591895799865,79242.0,1948878.0
2020-03-05,3.74956722089652,74289.0,2322224.0
2020-03-06,3.83005237404983,77524.0,2140714.0
2020-03-07,3.65163006462919,76115.0,2201123.0
2020-03-08,3.06437965083276,70172.0,2185801.0
2020-03-09,3.0398472528246,113017.0,2257529.0
2020-03-10,3.07805766784098,64755.0,2120094.0
2020-03-11,3.06930437289494,67805.0,2094476.0
2020-03-12,1.89879119997571,68220.0,2118698.0
2020-03-13,2.12733024785616,123544.0,2195784.0
2020-03-14,1.94801799771177,96362.0,2299091.0
2020-03-15,2.0425022967219,30192.0,2223005.0
2020-03-16,1.88371442074727,49328.0,2294213.0
2020-03-17,1.99785984278963,62285.0,2353294.0
2020-03-18,1.99446824880732,61176.0,2472460.0
2020-03-19,2.29564599086454,60404.0,2669126.0
2020-03-20,2.18668706802201,66952.0,2554248.0
2020-03-21,2.27433518023003,27110.0,2636091.0
2020-03-22,2.14054843633855,27015.0,2753259.0
2020-03-23,2.29078903183762,28875.0,2845895.0
2020-03-24,2.3558993046813,54247.0,2808608.0
2020-03-25,2.29594790788598,69261.0,2703494.0
2020-03-26,2.32571355965768,34114.0,2757279.0
2020-03-27,2.24743870671126,82384.0,2855210.0
2020-03-28,2.20518429621857,36316.0,2757633.0
2020-03-29,2.12366306020753,31972.0,2780028.0
2020-03-30,2.23727762046825,27405.0,2757713.0
2020-03-31,2.22011432572408,23213.0,2890703.0
2020-04-01,2.26091581827446,25964.0,2760049.0
2020-04-02,2.29277599412442,25908.0,2714149.0
2020-04-03,2.33575232603212,22690.0,2783650.0
2020-04-04,2.35780616040639,25206.0,2745713.0
2020-04-05,2.35588271223193,22046.0,2664866.0
2020-04-06,2.75214243880275,26165.0,2585182.0
2020-04-07,2.62663294004576,24171.0,2624158.0
2020-04-08,2.75098412951531,27610.0,2664416.0
2020-04-09,2.7325658804441,26876.0,2642634.0
2020-04-10,2.48914644743207,35934.0,2710748.0
2020-04-11,2.50231354999664,40023.0,2684189.0
2020-04-12,2.52633719155008,39770.0,2647734.0
2020-04-13,2.45007908906517,40373.0,2707563.0
2020-04-14,2.46861866096752,40309.0,2701655.0
2020-04-15,2.40289244471448,61940.0,2726851.0
2020-04-16,2.67258652626104,80706.0,2848383.0
2020-04-17,2.63621378466301,67338.0,2716074.0
2020-04-18,2.73421323804519,37120.0,2611771.0
2020-04-19,2.61368883547417,38357.0,2647286.0
2020-04-20,2.51387744640741,26905.0,2577131.0
2020-04-21,2.53325032278347,39311.0,2797280.0
2020-04-22,2.62117300888771,35784.0,3101576.0
2020-04-23,2.67873755508314,36759.0,3063938.0
2020-04-24,2.70604533435898,39128.0,2977458.0
2020-04-25,2.70267241600585,36950.0,3042471.0
2020-04-26,2.73638695066446,39276.0,3106909.0
2020-04-27,2.74029854368664,37912.0,3095893.0
2020-04-28,2.76906177681591,112480.0,3177603.0
2020-04-29,3.00115719546695,30361.0,3207117.0
2020-04-30,2.83715430321568,39610.0,3265507.0
2020-05-01,2.87627873926446,45149.0,3282787.0
2020-05-02,2.94140821095868,46958.0,3223686.0
2020-05-03,2.83814944071328,47124.0,3357763.0
2020-05-04,2.7745085515491,45961.0,3294751.0
2020-05-05,2.76611459603924,44893.0,3273497.0
2020-05-06,2.726604929059,44684.0,3396585.0
2020-05-07,2.76551528898464,13389.0,3287180.0
2020-05-08,2.76459938961919,65519.0,3374189.0
2020-05-09,2.75923552720877,41800.0,3350015.0
2020-05-10,2.44165991999985,46318.0,3443073.0
2020-05-11,2.40405665867983,48251.0,3296152.0
2020-05-12,2.44231177336226,66687.0,3494490.0
2020-05-13,2.52860448035122,47043.0,3610330.0
2020-05-14,2.62966138285979,46679.0,3541097.0
2020-05-15,2.59095403950917,45522.0,3508278.0
2020-05-16,2.63789649586415,44894.0,3455445.0
2020-05-17,2.61964828669117,47779.0,3372015.0
2020-05-18,2.66087555948914,47826.0,3384303.0
2020-05-19,2.64818238083307,44852.0,3365046.0
2020-05-20,2.59510627115231,15467.0,3423752.0
2020-05-21,2.46330708005859,48335.0,3545581.0
2020-05-22,2.5906371971224,49049.0,3599608.0
2020-05-23,2.5674911724904,48376.0,3663464.0
2020-05-24,2.50876344585314,48453.0,3579332.0
2020-05-25,2.52846818464971,49352.0,3480991.0
2020-05-26,2.50100433666813,48650.0,3486894.0
2020-05-27,2.56548546809374,48360.0,3471231.0
2020-05-28,2.60912359169988,45799.0,3527314.0
2020-05-29,2.61429843910989,48848.0,3440463.0
2020-05-30,2.76722617326652,49083.0,3482548.0
2020-05-31,2.66966837042373,48596.0,3267857.0
2020-06-01,2.81322213794498,48806.0,3431618.0
2020-06-02,2.66923916027089,46929.0,3538913.0
2020-06-03,2.69484144079216,57378.0,3454757.0
2020-06-04,2.72564133310389,48962.0,3537613.0
2020-06-05,2.81961241391511,54982.0,3645020.0
2020-06-06,2.79963259292156,11916.0,3414310.0
2020-06-07,2.80465309392932,54667.0,3625414.0
2020-06-08,2.78527072914797,12159.0,3562276.0
2020-06-09,2.75580171667626,55196.0,3610404.0
2020-06-10,2.76010731057058,36476.0,3509879.0
2020-06-11,2.51496173521385,51304.0,3646874.0
2020-06-12,2.58905814375897,55279.0,3908212.0
2020-06-13,2.60269211695823,55853.0,3867093.0
2020-06-14,2.56635619876019,57429.0,3725336.0
2020-06-15,2.53587838872925,52225.0,3751659.0
2020-06-16,2.55256155623102,56323.0,3779479.0
2020-06-17,2.56771701898379,51525.0,3720033.0
2020-06-18,2.53674084765353,44543.0,3917352.0
2020-06-19,2.5221360195065,55615.0,4531436.0
2020-06-20,2.53445864354553,55433.0,5085911.0
2020-06-21,2.51055236170211,55369.0,4903987.0
2020-06-22,2.58606943418315,55325.0,4281021.0
2020-06-23,2.56692820390274,54299.0,4435676.0
2020-06-24,2.49874753309376,54852.0,4540693.0
2020-06-25,2.47877467421361,53233.0,4369644.0
2020-06-26,2.47980284418485,10631.0,4418297.0
2020-06-27,2.33147300689572,54646.0,4402426.0
2020-06-28,2.36537174791824,34129.0,4481003.0
2020-06-29,2.38289109706445,53970.0,4256922.0
2020-06-30,2.36759947284089,43017.0,4391682.0
2020-07-01,2.38067542263802,55131.0,4208957.0
2020-07-02,2.3586549517474,55454.0,4141303.0
2020-07-03,2.41312844174184,55574.0,4079312.0
2020-07-04,2.45658763579354,55249.0,4004546.0
2020-07-05,2.40513390836523,55068.0,4171398.0
2020-07-06,2.61082357415604,51942.0,4119875.0
2020-07-07,2.55812140260577,11071.0,3627446.0
2020-07-08,2.67687942373685,55336.0,4257661.0
2020-07-09,2.64216452892452,11234.0,4037248.0
2020-07-10,2.6218134748401,55452.0,4008763.0
2020-07-11,2.62011217468127,55506.0,4102830.0
2020-07-12,2.61276288546323,54947.0,4001144.0
2020-07-13,2.55013122833602,55504.0,4330693.0
2020-07-14,2.56125199182913,53466.0,4216723.0
2020-07-15,2.53445312985285,10108.0,4307380.0
2020-07-16,2.50002999739989,55256.0,4344132.0
2020-07-17,2.49708908910184,54889.0,4224397.0
2020-07-18,2.50424051432392,55518.0,4274635.0
2020-07-19,2.58664586187602,55146.0,3610131.0
2020-07-20,2.56483982833316,57755.0,3413637.0
2020-07-21,2.61947893327057,57594.0,3359148.0
2020-07-22,2.66142569002742,58131.0,3433276.0
2020-07-23,2.65748978892804,31355.0,3322925.0
2020-07-24,2.59739101187987,11703.0,3334808.0
2020-07-25,2.72956519082024,11758.0,3346222.0
2020-07-26,2.7138564937909,26976.0,3037785.0
2020-07-27,2.85612873553963,10919.0,3247044.0
2020-07-28,3.0121733685911,10604.0,3540852.0
2020-07-29,3.02819684211222,10123.0,3472186.0
2020-07-30,3.0604757808799,10721.0,3349798.0
2020-07-31,3.08944505411267,11075.0,3272040.0
2020-08-01,3.30457284193283,10150.0,2974688.0
2020-08-02,2.94335387090929,10295.0,3198852.0
2020-08-03,3.04375453940259,18702.0,3496134.0
2020-08-04,3.03889490470449,47908.0,3769843.0
2020-08-05,3.05126241000159,12698.0,3654054.0
2020-08-06,3.09141753326225,94517.0,3613956.0
2020-08-07,3.01209143646418,10837.0,3480104.0
2020-08-08,3.04252522739987,18155.0,3412452.0
2020-08-09,3.02201297373196,79218.0,3468436.0
2020-08-10,3.24213894604595,93181.0,3650627.0
2020-08-11,3.01108606656492,10906.0,3674185.0
2020-08-12,3.02895193048686,117574.0,3713452.0
2020-08-13,3.13479179250651,10003.0,3628108.0
2020-08-14,3.25911029074376,10040.0,3801934.0
2020-08-15,3.73361913575357,10902.0,3813197.0
2020-08-16,3.85617852179402,10110.0,3572427.0
2020-08-17,3.79275901258691,10160.0,3590281.0
2020-08-18,3.58883659446876,127477.0,3661536.0
2020-08-19,3.3495966805259,130521.0,4024439.0
2020-08-20,3.43804028169288,32920.0,4246503.0
2020-08-21,3.26156902663626,9820.0,4389781.0
2020-08-22,3.36987543383616,22212.0,4698794.0
2020-08-23,3.32869334973357,19097.0,4266654.0
2020-08-24,3.38990880227534,25202.0,4133373.0
2020-08-25,3.1360799785814,25770.0,3851643.0
2020-08-26,3.1245302037364,13415.0,4212958.0
2020-08-27,2.97290157578948,127893.0,4471852.0
2020-08-28,3.11499600347875,112522.0,4502839.0
2020-08-29,3.13715112908829,26377.0,4393478.0
2020-08-30,3.25062631893142,23437.0,4669689.0
2020-08-31,3.22639046284018,25806.0,4650591.0
2020-09-01,3.50427692468843,23237.0,4750708.0
2020-09-02,3.11456581503799,11599.0,4860831.0
2020-09-03,2.6630702178622,21798.0,4742140.0
2020-09-04,2.99753413081366,22445.0,4936802.0
2020-09-05,2.91858847319934,15393.0,4921186.0
2020-09-06,2.90144208562323,19944.0,5100728.0
2020-09-07,2.84851302771388,20098.0,5321754.0
2020-09-08,2.74310471560122,21325.0,5219313.0
2020-09-09,2.75668497796222,16305.0,5139001.0
2020-09-10,2.77313712370279,32118.0,5119239.0
2020-09-11,2.78505175721271,19360.0,5088068.0
2020-09-12,2.80224412560323,11277.0,5495973.0
2020-09-13,2.72071442682511,18063.0,5374264.0
2020-09-14,2.7290659642812,23677.0,5155419.0
2020-09-15,2.7042308443964,24949.0,5307284.0
2020-09-16,2.71586327923439,25582.0,5574934.0
2020-09-17,2.74009944251687,18174.0,5594252.0
2020-09-18,2.68554297467461,12085.0,5729842.0
2020-09-19,2.70250550704626,17326.0,5610686.0
2020-09-20,2.67051305300144,20473.0,5908339.0
2020-09-21,2.51671044793115,13929.0,5354602.0
2020-09-22,2.56630294189804,27744.0,5807511.0
2020-09-23,2.43876801071403,25839.0,6185612.0
2020-09-24,2.53463822740815,32186.0,6212741.0
2020-09-25,2.54348455609926,28659.0,6336067.0
2020-09-26,2.57130129071802,28193.0,6485417.0
2020-09-27,2.5828979940346,25274.0,6260898.0
2020-09-28,2.56715500492313,24248.0,6554706.0
2020-09-29,2.59952450941747,24401.0,6243344.0
2020-09-30,2.57957002292453,41653.0,5989270.0
2020-10-01,2.54235735503223,31988.0,5771986.0
2020-10-02,2.48025825289126,12077.0,5818576.0
2020-10-03,2.4823410933502,10153.0,5611285.0
2020-10-04,2.51876507639945,9963.0,4820381.0
2020-10-05,2.52485332215589,10543.0,4911246.0
2020-10-06,2.68345007741784,10731.0,5555358.0
2020-10-07,2.64277895199681,35348.0,5524911.0
2020-10-08,2.60923400363465,34255.0,5637964.0
2020-10-09,2.64476990099132,38585.0,5449134.0
2020-10-10,2.64685889210017,35745.0,5792425.0
2020-10-11,2.65859226085806,41252.0,5895563.0
2020-10-12,2.64681012793969,37678.0,5785780.0
2020-10-13,2.63992338169182,32413.0,5699161.0
2020-10-14,2.60705962518457,35184.0,5609654.0
2020-10-15,2.59753325742209,37395.0,5397917.0
2020-10-16,2.53794873864561,40127.0,5402637.0
2020-10-17,2.52425167875065,32374.0,5448214.0
2020-10-18,2.5465650097468,24864.0,5339314.0
2020-10-19,2.58066062876506,30721.0,4245454.0
2020-10-20,2.52717624674674,25464.0,4184293.0
2020-10-21,2.61444882117557,30813.0,5008637.0
2020-10-22,2.6710514953681,10620.0,5381394.0
2020-10-23,2.64402962154451,29483.0,5236776.0
2020-10-24,2.65960962352828,27296.0,5440006.0
2020-10-25,2.7159796791071,27891.0,5618856.0
2020-10-26,2.63472012852082,26699.0,5667567.0
2020-10-27,2.67374422615932,27087.0,5826852.0
2020-10-28,2.65707063533521,27144.0,5727438.0
2020-10-29,2.63798669925772,27280.0,5765114.0
2020-10-30,2.5125071093887,34041.0,5741323.0
2020-10-31,2.52994408063727,9524.0,5701383.0
2020-11-01,2.51797973840351,9407.0,5272734.0
2020-11-02,2.43574715237937,10990.0,5635385.0
2020-11-03,2.3695256557612385,10764.0,5524749.0
2020-11-04,2.3495256952240067,10374.0,5514138.0
2020-11-05,2.449465671253552,11256.0,5653819.0
2020-11-06,2.5403264686867937,15564.0,5524950.0
2020-11-07,2.50274123683673,9665.0,5322377.0
2020-11-08,2.541859904567243,9422.0,5666568.0
2020-11-09,2.498517123987337,23948.0,5251123.0
2020-11-10,2.5014286065711104,28934.0,5249921.0
2020-11-11,2.50429128307058,24049.0,5418025.0
2020-11-12,2.464648781871689,28124.0,5058006.0
2020-11-13,2.602227669279628,41505.0,5310657.0
2020-11-14,2.5419360115746747,9904.0,4916819.0
2020-11-15,2.499170718094656,31007.0,5036509.0
2020-11-16,2.5858657873576845,9707.0,5069737.0
2020-11-17,2.7136249446697382,31138.0,5138572.0
2020-11-18,2.635139808055877,31167.0,5172049.0
2020-11-19,2.6349624568995487,10173.0,5040560.0
2020-11-20,2.7746083675969415,15127.0,4953788.0
2020-11-21,3.224566241890154,10208.0,4464901.0
2020-11-22,3.0753936587184127,10173.0,4314606.0
2020-11-23,3.3663250524353643,25419.0,4503110.0
2020-11-24,3.604086137885229,11201.0,4503708.0
2020-11-25,3.433831695272768,23650.0,4733164.0
2020-11-26,2.928568971843019,23344.0,4914187.0
2020-11-27,2.866466463047802,26068.0,4976232.0
2020-11-28,3.008460655100004,9305.0,5034644.0
2020-11-29,3.038794526207411,20932.0,4842094.0
2020-11-30,3.258921578280078,21904.0,4744197.0
2020-12-01,3.001783796176858,10347.0,4646744.0
2020-12-02,3.064278542162505,21753.0,4691299.0
2020-12-03,3.083455727365834,21687.0,4310522.0
2020-12-04,2.8669107936840548,28116.0,4531323.0
2020-12-05,2.9978467462078915,13383.0,4319767.0
2020-12-06,2.996056395496151,25396.0,4665987.0
2020-12-07,2.949778739357738,11165.0,4373626.0
2020-12-08,2.7918627954860074,23092.0,4544720.0
2020-12-09,2.8129995547124342,20396.0,4598607.0
2020-12-10,2.745988297103115,16514.0,4232517.0
2020-12-11,2.70059824860673,25761.0,4518962.0
2020-12-12,2.77090364760723,21595.0,4440322.0
2020-12-13,2.84723636759443,21923.0,4615535.0
2020-12-14,2.8456068845431,20306.0,4228841.0
2020-12-15,2.86299139386793,8918.0,4347829.0
2020-12-16,3.08385740639882,20783.0,4675817.0
2020-12-17,3.0450409333349,9518.0,4420703.0
2020-12-18,3.0540040074422,9750.0,4495802.0
2020-12-19,3.05984173597809,9769.0,4489211.0
2020-12-20,3.13463825765131,10462.0,4330832.0
2020-12-21,2.95543428312594,13568.0,4403893.0
2020-12-22,2.89485046554623,15579.0,4332907.0
2020-12-23,2.32658753722157,9970.0,4421315.0
2020-12-24,2.65158481999021,16313.0,4294009.0
2020-12-25,2.65787698798899,15599.0,4354791.0
2020-12-26,2.60482040501162,10402.0,4267558.0
2020-12-27,2.73214196695921,10225.0,4444998.0
2020-12-28,2.76395918352379,17443.0,4237603.0
2020-12-29,2.62432451344149,10249.0,4242181.0
2020-12-30,2.60693641997451,10429.0,4394734.0
2020-12-31,2.59805334582131,9142.0,4308641.0
2021-01-01,2.63236950028942,14315.0,4247062.0
2021-01-02,2.61663357594109,9505.0,4402263.0
2021-01-03,2.81870122503644,11146.0,4282740.0
2021-01-04,2.79899883739897,11293.0,3961067.0
2021-01-05,2.89908207688402,10642.0,3968687.0
2021-01-06,3.40076450936173,11013.0,4092789.0
2021-01-07,3.19200359718307,10771.0,4009154.0
2021-01-08,3.10954160610971,17500.0,3540204.0
2021-01-09,3.62276651688092,11124.0,3615454.0
2021-01-10,3.08345585832399,12611.0,3718313.0
2021-01-11,2.65660819193552,14240.0,3611796.0
2021-01-12,2.57917731750787,16774.0,3521875.0
2021-01-13,2.77071462139619,13895.0,3283998.0
2021-01-14,2.78748359033269,9911.0,3309532.0
2021-01-15,2.75318136396303,17420.0,3294083.0
2021-01-16,2.7851897833746,9428.0,3203915.0
2021-01-17,2.7760314428697,8687.0,3178549.0
2021-01-18,2.80337482236071,9840.0,3059055.0
2021-01-19,2.81220161875643,9730.0,3167495.0
2021-01-20,2.77370931692307,9886.0,3228641.0
2021-01-21,2.54881894055994,9452.0,3137189.0
2021-01-22,2.62857829282369,21035.0,3173713.0
2021-01-23,2.70265944681847,8983.0,3170399.0
2021-01-24,2.71456777343222,8254.0,3018645.0
2021-01-25,2.6572278142569,9125.0,3023257.0
2021-01-26,2.63082545368159,8212.0,3036216.0
2021-01-27,2.5045013006465,8157.0,3208227.0
2021-01-28,2.73005373792659,8100.0,3531143.0
2021-01-29,2.73022683131235,16680.0,3331752.0
2021-01-30,2.93710416777166,7899.0,3080291.0
2021-01-31,2.91534617153628,8260.0,3141999.0
2021-02-01,3.04957632764494,11417.0,3185143.0
2021-02-02,3.00887158635231,7957.0,2985207.0
2021-02-03,3.07361846313339,8431.0,3017759.0
2021-02-04,3.05109371106474,6808.0,3365126.0
2021-02-05,3.32243707053433,17096.0,3369127.0
2021-02-06,3.21882939088976,8359.0,3086243.0
2021-02-07,3.45869538310993,8148.0,2920159.0
2021-02-08,3.57767227106685,8712.0,3111754.0
2021-02-09,4.15170443897578,9086.0,3082839.0
2021-02-10,4.15484717163209,9771.0,3229967.0
2021-02-11,4.55100828782213,9180.0,3090347.0
2021-02-12,4.74822165750533,17737.0,2861441.0
2021-02-13,5.46431691113559,9387.0,2474755.0
2021-02-14,5.13702694115349,8719.0,2426289.0
2021-02-15,4.73037022266653,8515.0,2438195.0
2021-02-16,4.64004979380974,7325.0,2491589.0
2021-02-17,4.82675774582749,7930.0,2446458.0
2021-02-18,4.83365411133642,8081.0,2402819.0
2021-02-19,5.22915897213008,16749.0,2383596.0
2021-02-20,4.82927968349133,9047.0,2385379.0
2021-02-21,5.12810019850451,8677.0,2408449.0
2021-02-22,4.68414398757723,9394.0,2547876.0
2021-02-23,3.816464416945,8384.0,2499046.0
2021-02-24,3.88777375467561,8188.0,2552196.0
2021-02-25,3.72142274776142,7925.0,2599281.0
2021-02-26,3.54175451122593,16391.0,2439024.0
2021-02-27,3.66123759521091,7754.0,2185266.0
2021-02-28,3.48453176513013,6773.0,2193116.0
2021-03-01,3.70187695212113,7869.0,2369681.0
2021-03-02,3.66210654743908,7538.0,2212030.0
2021-03-03,3.85539325426102,7648.0,2225496.0
2021-03-04,3.74517592539381,8260.0,2199074.0
2021-03-05,3.69702977893727,15747.0,2174508.0
2021-03-06,3.72990350036761,7600.0,2152338.0
2021-03-07,3.81306033353547,7734.0,2223556.0
2021-03-08,3.89071942071608,7590.0,2205827.0
2021-03-09,4.15453976349462,8773.0,2258993.0
2021-03-10,4.00551503376167,8476.0,2492979.0
2021-03-11,3.96189459002314,8479.0,2900800.0
2021-03-12,3.78009961654289,15821.0,2560128.0
2021-03-13,4.29077839551503,8282.0,3015494.0
2021-03-14,4.03075988930345,7620.0,2611757.0
2021-03-15,3.84627335403559,8017.0,2913847.0
2021-03-16,4.05090173035976,8092.0,2547464.0
2021-03-17,4.0718715656989,8296.0,2486433.0
2021-03-18,4.16771118618899,8999.0,2558813.0
2021-03-19,4.15353425868414,15958.0,2571252.0
2021-03-20,4.36492811876618,8697.0,2835607.0
2021-03-21,4.16324289053117,7859.0,2652855.0
2021-03-22,4.11314408932957,8767.0,2717615.0
2021-03-23,4.10779484485588,8924.0,2719711.0
2021-03-24,3.7021164498115,10613.0,2485888.0
2021-03-25,3.68161973534063,8956.0,2927039.0
2021-03-26,4.16624779931737,17297.0,2849746.0
2021-03-27,4.10443641150649,7883.0,2709123.0
2021-03-28,4.10218407397306,7043.0,2890189.0
2021-03-29,4.26677874140812,7645.0,2753511.0
2021-03-30,4.34003242354758,7823.0,2743815.0
2021-03-31,4.79225449717824,8460.0,2779370.0
2021-04-01,5.56528980892059,9715.0,2658426.0
2021-04-02,6.22406048405566,8229.0,2934151.0
2021-04-03,5.44084556563323,7931.0,2414437.0
2021-04-04,6.24410293913675,7171.0,2488876.0
2021-04-05,6.6343971024088,9953.0,2557570.0
2021-04-06,6.65742704492317,7936.0,2274146.0
2021-04-07,5.95405625670151,7436.0,1865345.0
2021-04-08,6.42591892270088,6973.0,2679141.0
2021-04-09,6.20977820424576,15343.0,2665594.0
2021-04-10,6.5867331503357,6978.0,3073758.0
2021-04-11,6.73128960081453,5988.0,2544155.0
2021-04-12,6.49680232359274,6743.0,2591761.0
2021-04-13,7.40080380453451,7463.0,3451678.0
2021-04-14,7.69298949566856,7784.0,2890958.0
2021-04-15,7.86228865753006,6979.0,1897315.0
2021-04-16,8.59102399412912,16674.0,3114446.0
2021-04-17,7.87097344342311,7271.0,3482290.0
2021-04-18,7.21047174881024,6240.0,2891799.0
2021-04-19,6.66653888419075,7228.0,3237925.0
2021-04-20,6.70297458450798,6137.0,3388533.0
2021-04-21,6.36269192816476,6079.0,3204881.0
2021-04-22,5.91522927233589,6554.0,3774354.0
2021-04-23,5.52975194897976,17522.0,3448757.0
2021-04-24,5.13323869239245,6408.0,3039939.0
2021-04-25,4.97205855708391,6288.0,3109104.0
2021-04-26,5.82749590504637,6464.0,3241058.0
2021-04-27,6.04671191561012,6192.0,3346103.0
2021-04-28,5.95088151919292,6079.0,3295047.0
2021-04-29,5.88570501897695,6029.0,3700667.0
2021-04-30,6.44339121231683,17272.0,2853947.0
2021-05-01,6.62367876179595,6394.0,2950135.0
2021-05-02,6.53502033832928,5433.0,3161564.0
2021-05-03,6.8235609054337,10777.0,3301979.0
2021-05-04,6.45289138214604,8642.0,3225799.0
2021-05-05,8.67043874809663,6934.0,3466468.0
2021-05-06,11.4074654121484,8906.0,3207596.0
2021-05-07,10.3249619436441,21420.0,4347426.0
2021-05-08,10.2904028890673,6931.0,4446335.0
2021-05-09,10.3717188381292,6904.0,5141489.0
2021-05-10,9.34516253840664,8187.0,3997539.0
2021-05-11,14.0412550934222,8711.0,3815792.0
2021-05-12,10.9503278199824,9025.0,3493565.0
2021-05-13,10.4383215772948,9969.0,3221281.0
2021-05-14,11.2428758391504,19659.0,3728596.0
2021-05-15,10.256448220184,7559.0,2510373.0
2021-05-16,10.0708709314649,6446.0,3220652.0
2021-05-17,9.11445968993065,6553.0,3767620.0
2021-05-18,9.27513707281688,6197.0,3670145.0
2021-05-19,5.93447730243647,6825.0,3965695.0
2021-05-20,6.6650782409914,6070.0,4227507.0
2021-05-21,5.4969155312836,18862.0,3845861.0
2021-05-22,5.15855960217995,5383.0,3228947.0
2021-05-23,4.30647912837249,5604.0,3615685.0
2021-05-24,5.54470739157567,5838.0,3595372.0
2021-05-25,5.65885579067684,5672.0,3607434.0
2021-05-26,6.39062716706405,6049.0,3714260.0
2021-05-27,6.98855915517252,5809.0,3546349.0
2021-05-28,6.10343045251101,16686.0,3383368.0
2021-05-29,6.01998289605941,5023.0,3523101.0
2021-05-30,6.03521769930996,4818.0,3395867.0
2021-05-31,6.52544825996198,5668.0,3793162.0
2021-06-01,6.30945594296697,5497.0,3804850.0
2021-06-02,6.38790678769837,5605.0,3261752.0
2021-06-03,6.53533013232726,6729.0,3003126.0
2021-06-04,6.01954473328208,17050.0,3721667.0
2021-06-05,5.75577968853179,5231.0,3291092.0
2021-06-06,5.82211497007951,6186.0,3625910.0
2021-06-07,5.17488284999116,5713.0,3558511.0
2021-06-08,5.06029339668121,6555.0,3384003.0
2021-06-09,5.29177174059227,5337.0,3453522.0
2021-06-10,5.09857366017378,5090.0,3685966.0
2021-06-11,4.90409202957547,15897.0,3233211.0
2021-06-12,4.85398454706796,4908.0,3505805.0
2021-06-13,5.08144168087238,4544.0,3253656.0
2021-06-14,5.29218489613277,4826.0,2991427.0
2021-06-15,5.20620777413496,4936.0,3038425.0
2021-06-16,4.85049525220736,5684.0,3345264.0
2021-06-17,4.8528737353193,4799.0,3545703.0
2021-06-18,4.55171927416659,16547.0,3527491.0
2021-06-19,4.48423709558841,4730.0,3665519.0
2021-06-20,4.50528220169182,4680.0,3305067.0
2021-06-21,3.55918716947534,5228.0,3069524.0
2021-06-22,3.37467796921127,5078.0,3606401.0
2021-06-23,3.63537259225094,4768.0,3714500.0
2021-06-24,3.89889887220484,4604.0,3579331.0
2021-06-25,3.57197270979218,14628.0,4039411.0
2021-06-26,3.52860592665438,4589.0,4084536.0
2021-06-27,3.74621617814613,4443.0,3552207.0
2021-06-28,3.83569900816149,4669.0,3148499.0
2021-06-29,4.12709098924459,4799.0,3520272.0
2021-06-30,4.12583347144621,4735.0,4339936.0
2021-07-01,3.94038201183333,4433.0,4462262.0
2021-07-02,3.92789196555874,13931.0,3590392.0
2021-07-03,4.0263853199567,4875.0,3217360.0
2021-07-04,4.08715645924409,4513.0,3277706.0
2021-07-05,3.84066684494475,5106.0,3255826.0
2021-07-06,3.86880739741659,4898.0,3281083.0
2021-07-07,3.83055052847536,5001.0,3194983.0
2021-07-08,3.59799353755642,4777.0,3387540.0
2021-07-09,4.22840949050076,16250.0,3111824.0
2021-07-10,3.97882713938113,4983.0,3105798.0
2021-07-11,4.07212388431061,4720.0,3029507.0
2021-07-12,4.19030724837353,5065.0,2704817.0
2021-07-13,3.88339377007768,4676.0,2524000.0
2021-07-14,3.79867849310472,4507.0,2249018.0
2021-07-15,3.66335721540593,4466.0,2788987.0
2021-07-16,3.66418276378407,16500.0,2172695.0
2021-07-17,3.65865130835109,4619.0,2712215.0
2021-07-18,3.635298180154,4532.0,2650006.0
2021-07-19,3.4502458365537,4408.0,2651112.0
2021-07-20,3.26151634636832,4569.0,1999941.0
2021-07-21,3.49209444697787,4444.0,2833888.0
2021-07-22,3.55901036299926,4427.0,2690210.0
2021-07-23,3.62190327362193,17033.0,2952085.0
2021-07-24,3.66284556119976,4767.0,2492897.0
2021-07-25,3.64854718924541,4407.0,2503446.0
2021-07-26,3.6920121122001,4860.0,2882047.0
2021-07-27,3.73983165718766,4515.0,2294642.0
2021-07-28,3.89667043563007,4473.0,2803746.0
2021-07-29,3.95990386708765,4329.0,2890088.0
2021-07-30,4.05196052879024,17807.0,2971789.0
2021-07-31,4.10715111324754,4841.0,2073448.0
2021-08-01,3.95662363079525,5220.0,2592505.0
2021-08-02,4.04519818230145,4522.0,2264187.0
2021-08-03,4.02772826495851,4471.0,2402363.0
2021-08-04,4.11755704246341,4266.0,3309677.0
2021-08-05,4.19443639745772,4368.0,3035756.0
2021-08-06,4.31539142843856,17545.0,2473955.0
2021-08-07,4.591920226943,4961.0,2829131.0
2021-08-08,4.30781195429074,4731.0,2697578.0
2021-08-09,4.53384956125105,4707.0,2697194.0
2021-08-10,4.59536221466302,4381.0,2885336.0
2021-08-11,4.76673839991935,4625.0,2912172.0
2021-08-12,4.63226979695448,4510.0,3282806.0
2021-08-13,5.12278364573095,18205.0,2864261.0
2021-08-14,5.48503028478312,5095.0,3037059.0
2021-08-15,5.66722514596209,4629.0,2541371.0
2021-08-16,5.54551718764347,4950.0,3012703.0
2021-08-17,5.08617697190223,4612.0,3150925.0
2021-08-18,5.03356454969929,4517.0,2403654.0
2021-08-19,5.23072030524048,4409.0,3204057.0
2021-08-20,5.44865859819356,18657.0,2876743.0
2021-08-21,5.39079321597046,4806.0,2981952.0
2021-08-22,5.4199935579004,4427.0,2796169.0
2021-08-23,5.6081046231797,4794.0,3225010.0
2021-08-24,5.10627472507401,4719.0,3229551.0
2021-08-25,5.21698526972137,4474.0,2897240.0
2021-08-26,4.80981805056052,4636.0,3148144.0
2021-08-27,5.07267731006437,7520.0,2990452.0
2021-08-28,4.99086594705355,4567.0,2726163.0
2021-08-29,5.07964209171604,4458.0,3277766.0
2021-08-30,4.84222702417328,17557.0,2322961.0
2021-08-31,5.02363637499456,4707.0,2736411.0
2021-09-01,5.29602376166933,4492.0,2744668.0
2021-09-02,5.2722584378881,4854.0,2837503.0
2021-09-03,5.65269298823461,21036.0,3000729.0
2021-09-04,5.70771009314616,4921.0,2787709.0
2021-09-05,6.27534341584524,4934.0,2782011.0
2021-09-06,6.23092443544659,5140.0,2765496.0
2021-09-07,4.87576175414384,5028.0,2705357.0
2021-09-08,4.75837283047254,4586.0,2337560.0
2021-09-09,4.8219934270933,4592.0,2653036.0
2021-09-10,4.55298064836244,18246.0,2853509.0
2021-09-11,4.65087800583409,5564.0,2324731.0
2021-09-12,4.89587670093833,4454.0,2300380.0
2021-09-13,4.76113927935813,4727.0,2318657.0
2021-09-14,4.85634147474198,4698.0,2797670.0
2021-09-15,5.10392703394958,4648.0,2671539.0
2021-09-16,5.01641847686706,4501.0,2254906.0
2021-09-17,5.22335206621228,18719.0,2698736.0
2021-09-18,5.45930901312242,4851.0,2356641.0
2021-09-19,4.92049245739985,4444.0,2434661.0
2021-09-20,4.18203717695514,4621.0,2085643.0
2021-09-21,3.86910685040563,5014.0,2526271.0
2021-09-22,4.27881245006837,4385.0,2761759.0
2021-09-23,4.37078408287762,4380.0,2773207.0
2021-09-24,4.03383008435697,17398.0,2516883.0
2021-09-25,4.01893173843682,4530.0,2637411.0
2021-09-26,3.9565908740512,4556.0,2684411.0
2021-09-27,3.85825393605433,4535.0,2281474.0
2021-09-28,3.706264331851,4422.0,2832840.0
2021-09-29,3.73790582584233,4310.0,2518481.0
2021-09-30,3.9212374956681,4345.0,2653080.0
2021-10-01,4.26269190187071,16671.0,2685328.0
2021-10-02,4.34248701165247,4420.0,2808313.0
2021-10-03,4.64579129248986,4419.0,2693967.0
2021-10-04,4.59737824337795,4511.0,2772584.0
2021-10-05,4.74258855041116,4492.0,2206973.0
2021-10-06,4.77462586960758,4494.0,1431102.0
2021-10-07,4.70326026420651,4315.0,1604081.0
2021-10-08,4.63476757003451,16629.0,2024299.0
2021-10-09,4.98418273492299,4601.0,2338490.0
2021-10-10,4.59521113001858,4484.0,2435646.0
2021-10-11,4.53160128805273,4448.0,2277894.0
2021-10-12,4.48184671389711,4335.0,2179861.0
2021-10-13,4.58451707769605,4147.0,2169570.0
2021-10-14,4.61401544508967,4341.0,1870508.0
2021-10-15,4.64434458722925,18299.0,2381886.0
2021-10-16,4.5792532669264,4519.0,2260408.0
2021-10-17,4.40638591955932,4153.0,2476103.0
2021-10-18,4.41894143963957,4403.0,1672655.0
2021-10-19,4.46051413501332,4315.0,1614968.0
2021-10-20,4.83243488883971,4403.0,1578176.0
2021-10-21,4.68094844756779,4490.0,2348829.0
2021-10-22,4.61724063239632,18271.0,1733570.0
2021-10-23,4.73466314119906,9381.0,1764089.0
2021-10-24,4.73936812248654,4371.0,1917199.0
2021-10-25,4.80661711430436,5062.0,1799478.0
2021-10-26,4.7171206161303,4473.0,2147319.0
2021-10-27,4.16903647903685,4517.0,2212573.0
2021-10-28,4.40428806057319,4512.0,1954485.0
2021-10-29,4.49741665077456,20530.0,2084063.0
2021-10-30,4.45800835407085,4564.0,2013360.0
2021-10-31,4.63829462682104,4289.0,2073082.0
2021-11-01,4.65002035561639,52826.0,2061384.0
2021-11-02,4.69580818498804,4587.0,1863012.0
2021-11-03,4.69801153055573,4519.0,1847646.0
2021-11-04,4.54181092275841,4576.0,1922125.0
2021-11-05,4.50917734414736,21988.0,1981703.0
2021-11-06,4.44534911863293,4536.0,2032830.0
2021-11-07,4.57558280658693,4291.0,1560055.0
2021-11-08,4.87133603295476,4623.0,2038757.0
2021-11-09,5.19644044237377,4931.0,2172204.0
2021-11-10,4.82161820692478,4523.0,2132678.0
2021-11-11,4.9503712748025,4647.0,2078166.0
2021-11-12,4.84932626667279,21792.0,2121699.0
2021-11-13,5.0147590379041,4616.0,1848757.0
2021-11-14,4.93956258865401,4534.0,1773498.0
2021-11-15,4.8232909542004,4805.0,1834208.0
2021-11-16,4.35378552949487,4563.0,1732205.0
2021-11-17,4.34885381398056,4412.0,1986719.0
2021-11-18,4.07542698101427,4520.0,1833238.0
2021-11-19,4.28883143037802,21485.0,1631975.0
2021-11-20,4.33836173453525,4373.0,1560824.0
2021-11-21,4.28291938336468,4220.0,1555412.0
2021-11-22,4.14255698981195,4398.0,1624059.0
2021-11-23,4.23733081843272,4491.0,1792052.0
2021-11-24,4.12064282992127,4226.0,1861971.0
2021-11-25,4.25471296595828,4407.0,1690536.0
2021-11-26,3.85831111766211,21722.0,1277825.0
2021-11-27,3.88365611835442,4475.0,910803.0
2021-11-28,3.95704438809859,4401.0,935504.0
2021-11-29,4.01518536666927,4480.0,1071054.0
2021-11-30,4.01629161633457,4645.0,1142937.0
2021-12-01,3.98814093150507,4633.0,1126349.0
2021-12-02,3.96800820890892,4523.0,1054204.0
2021-12-03,3.80599477946809,21926.0,958477.0
2021-12-04,3.13893461244317,4549.0,999847.0
2021-12-05,3.02639348849824,4089.0,912086.0
2021-12-06,3.27472999762126,4311.0,865571.0
2021-12-07,3.21753378205477,4260.0,867300.0
2021-12-08,3.66044597532985,4343.0,2193240.0
2021-12-09,3.26426348923129,4282.0,779953.0
2021-12-10,3.07383673384253,23242.0,847374.0
2021-12-11,3.42420729842592,4524.0,835277.0
2021-12-12,3.34070451371532,4043.0,792039.0
2021-12-13,3.11806655386487,4454.0,828049.0
2021-12-14,3.35444114904011,4666.0,844334.0
2021-12-15,3.3654003697944,1217967.0,1004395.0
2021-12-16,3.21168666895881,4090.0,865428.0
2021-12-17,3.16026392720083,12919.0,909863.0
2021-12-18,3.24488000684489,148587.0,887540.0
2021-12-19,3.20552698329521,3929.0,874591.0
2021-12-20,3.19248941765654,15311.0,897231.0
2021-12-21,3.32501054107672,4166.0,922606.0
2021-12-22,3.35510184185142,4161.0,959604.0
2021-12-23,3.49155909980158,4060.0,913780.0
2021-12-24,3.37911858610293,23743.0,887952.0
2021-12-25,3.41657850083312,3995.0,794961.0
2021-12-26,3.3981085565499,3971.0,804678.0
2021-12-27,3.39967158253824,4246.0,847833.0
2021-12-28,3.14622204784896,4002.0,854527.0
2021-12-29,3.03301550137882,4089.0,970877.0
2021-12-30,3.06797398522645,4255.0,924041.0
2021-12-31,3.04326415037717,7855.0,927277.0
2022-01-01,3.12148039679192,4164.0,863413.0
2022-01-02,3.25454884991668,20563.0,891037.0
2022-01-03,3.19615962271109,4421.0,901537.0
2022-01-04,3.17609333026703,4250.0,873230.0
2022-01-05,2.90704291740294,4153.0,941214.0
2022-01-06,2.92912840167938,4270.0,909996.0
2022-01-07,2.83530551347582,25615.0,881253.0
2022-01-08,2.76318008585584,4150.0,855565.0
2022-01-09,2.79593904825355,4080.0,843698.0
2022-01-10,2.70414190994674,4159.0,865065.0
2022-01-11,2.76913913598455,4038.0,914069.0
2022-01-12,2.88401786744173,4035.0,945137.0
2022-01-13,2.80129877574346,4073.0,977879.0
2022-01-14,2.86901820242411,26649.0,913977.0
2022-01-15,2.91837609179453,4220.0,887758.0
2022-01-16,2.9091479633423,3936.0,848766.0
2022-01-17,2.83031052767308,4127.0,945244.0
2022-01-18,2.83570811352037,4020.0,872110.0
2022-01-19,2.75148204465578,3937.0,820502.0
2022-01-20,2.64278261745878,4051.0,879766.0
2022-01-21,2.37218462471761,28081.0,926589.0
2022-01-22,2.21890317858845,4472.0,986840.0
2022-01-23,2.27067890160445,4084.0,964114.0
2022-01-24,2.19840769804038,4234.0,1082401.0
2022-01-25,2.22837056638256,4041.0,1201963.0
2022-01-26,2.21919289446309,3991.0,1066621.0
2022-01-27,2.21053682761835,3920.0,1161848.0
2022-01-28,2.30837026322577,25543.0,944002.0
2022-01-29,2.33213532842124,4167.0,856882.0
2022-01-30,2.32607994389664,3873.0,848938.0
2022-01-31,2.33657860234675,4011.0,832074.0
2022-02-01,2.36188906001516,10584.0,821984.0
2022-02-02,2.28100120935595,3951.0,833688.0
2022-02-03,2.29576444480181,3945.0,964695.0
2022-02-04,2.46503445076823,27705.0,845830.0
2022-02-05,2.48455546262666,4265.0,793728.0
2022-02-06,2.52931600905255,3971.0,777224.0
2022-02-07,2.69071276011827,4394.0,785247.0
2022-02-08,2.63710703808165,4201.0,902911.0
2022-02-09,2.67831837256844,4112.0,993688.0
2022-02-10,2.56594279784253,4265.0,935306.0
2022-02-11,2.41482699714764,28520.0,876822.0
2022-02-12,2.3916726453338,4421.0,790854.0
2022-02-13,2.38493136928723,4159.0,783620.0
2022-02-14,2.37526637108361,4284.0,778781.0
2022-02-15,2.52793797205581,4131.0,774857.0
2022-02-16,2.5618380246713,4114.0,822344.0
2022-02-17,2.32925616874209,4238.0,824365.0
2022-02-18,2.30044414392908,31337.0,846064.0
2022-02-19,2.28544109763528,4396.0,788701.0
2022-02-20,2.21257148151518,4137.0,818542.0
2022-02-21,2.09273848504718,4314.0,828600.0
2022-02-22,2.16798378575977,4280.0,794607.0
2022-02-23,2.11244594153317,4225.0,742107.0
2022-02-24,2.06484932121933,4222.0,883746.0
2022-02-25,2.14903175008382,27297.0,813680.0
2022-02-26,2.15857598761402,4408.0,698609.0
2022-02-27,2.0892389307796,4278.0,697300.0
2022-02-28,2.27126108231676,4280.0,678226.0
2022-03-01,2.26620522461279,4642.0,662341.0
2022-03-02,2.21709709453817,4279.0,727821.0
2022-03-03,2.16358374283643,4187.0,863038.0
2022-03-04,2.00292374255357,27648.0,797849.0
2022-03-05,2.04451900797937,4597.0,708447.0
2022-03-06,1.96613731644928,4325.0,716417.0
2022-03-07,1.92958919245322,4180.0,748566.0
2022-03-08,1.9671806140854,4390.0,684319.0
2022-03-09,2.06446612482539,4507.0,678715.0
2022-03-10,1.99103394953942,4347.0,750898.0
2022-03-11,1.98172467388566,31151.0,740367.0
2022-03-12,1.97342326229115,4330.0,764057.0
2022-03-13,1.90837188881089,3951.0,672157.0
2022-03-14,1.96637814669571,3977.0,696737.0
2022-03-15,1.99080951830021,3840.0,697742.0
2022-03-16,2.08230874717466,3846.0,760399.0
2022-03-17,2.08697199099948,3797.0,743329.0
2022-03-18,2.13285927766364,18346.0,694330.0
2022-03-19,2.20399388651419,4732.0,677137.0
2022-03-20,2.21642008339034,4088.0,664247.0
2022-03-21,2.34827177786861,4328.0,729224.0
2022-03-22,2.54842516005182,4270.0,703046.0
2022-03-23,2.49652797391303,4002.0,676037.0
2022-03-24,2.53726182565116,7998.0,708989.0
2022-03-25,2.50962690712224,21067.0,707624.0
2022-03-26,2.50803229679097,4520.0,638941.0
2022-03-27,2.65833741920528,4154.0,647908.0
2022-03-28,2.87999873217965,4892.0,714493.0
2022-03-29,2.89218190478174,4327.0,685054.0
2022-03-30,2.95045703132032,4727.0,732317.0
2022-03-31,2.82107862000816,4667.0,702785.0
2022-04-01,2.83532538050116,22106.0,746627.0
2022-04-02,2.79422022574617,4975.0,680071.0
2022-04-03,2.8423690555691,4312.0,674738.0
2022-04-04,2.88455203009105,4447.0,703102.0
2022-04-05,2.77892326728115,4310.0,684503.0
2022-04-06,2.4432480709826,4276.0,683986.0
2022-04-07,2.51486138599086,3935.0,686303.0
2022-04-08,2.36597390290291,21077.0,676036.0
2022-04-09,2.41507094027903,4441.0,649448.0
2022-04-10,2.38455209887595,4085.0,647287.0
2022-04-11,2.16230221627362,4157.0,887569.0
2022-04-12,2.24175083892477,4101.0,924046.0
2022-04-13,2.3478248886909,4011.0,989870.0
2022-04-14,2.30756512409452,3880.0,893191.0
2022-04-15,2.42785269666127,21139.0,845907.0
2022-04-16,2.61573093215948,4649.0,719365.0
2022-04-17,2.41129837278293,4127.0,667301.0
2022-04-18,2.44402758268806,4254.0,691709.0
2022-04-19,2.64126579447413,4444.0,676221.0
2022-04-20,2.75663503534773,4396.0,760681.0
2022-04-21,2.50651455653807,4310.0,699056.0
2022-04-22,2.46056295561861,22740.0,704129.0
2022-04-23,2.41717244672501,4461.0,667166.0
2022-04-24,2.36022752763845,3920.0,682596.0
2022-04-25,2.37311927751333,4277.0,716885.0
2022-04-26,2.1823703705148,4152.0,684082.0
2022-04-27,2.24904376727977,4071.0,726284.0
2022-04-28,2.31682732537746,3859.0,702997.0
2022-04-29,2.2704498584628,22064.0,686843.0
2022-04-30,2.00694044377828,4310.0,657607.0
2022-05-01,2.10338805564178,4002.0,639055.0
2022-05-02,2.0999868897215,3962.0,670515.0
2022-05-03,2.04915478043285,3917.0,675349.0
2022-05-04,2.22481612555551,3955.0,641684.0
2022-05-05,2.01711127736852,3829.0,667375.0
2022-05-06,2.03027719118729,21493.0,698154.0
2022-05-07,1.98096318372857,4301.0,655941.0
2022-05-08,1.95063356986503,3825.0,647748.0
2022-05-09,1.70189948482874,4030.0,679612.0
2022-05-10,1.71285139261135,4178.0,744387.0
2022-05-11,1.39863164183527,4270.0,754013.0
2022-05-12,1.27110878886189,15264.0,723938.0
2022-05-13,1.33221779543569,19203.0,689905.0
2022-05-14,1.35083513167908,4617.0,675869.0
2022-05-15,1.39681961852918,3921.0,618856.0
2022-05-16,1.31807366960611,4213.0,637353.0
2022-05-17,1.37681345523696,4105.0,751756.0
2022-05-18,1.27272404137339,4148.0,700852.0
2022-05-19,1.31881495861456,3930.0,672278.0
2022-05-20,1.2790429999146,21403.0,691061.0
2022-05-21,1.30860232954414,4355.0,647386.0
2022-05-22,1.35711208152395,3979.0,670839.0
2022-05-23,1.30533029520138,3966.0,723311.0
2022-05-24,1.34803429421001,3918.0,723492.0
2022-05-25,1.32276069900642,3854.0,720968.0
2022-05-26,1.24557534686902,3861.0,731775.0
2022-05-27,1.20957013114639,19825.0,753495.0
2022-05-28,1.25721607666997,4256.0,721294.0
2022-05-29,1.29009768711882,3932.0,720560.0
2022-05-30,1.38633621844936,4078.0,736898.0
2022-05-31,1.38508358914188,3969.0,762373.0
2022-06-01,1.26953628129658,3849.0,746115.0
2022-06-02,1.29686989379404,3735.0,730932.0
2022-06-03,1.26253511554885,19662.0,730795.0
2022-06-04,1.28428839275543,4162.0,699823.0
2022-06-05,1.27213689695883,3733.0,713696.0
2022-06-06,1.30160119512349,3943.0,1039714.0
2022-06-07,1.28342360755551,3798.0,963021.0
2022-06-08,1.25502251954816,3829.0,956712.0
2022-06-09,1.24276936304482,3719.0,941524.0
2022-06-10,1.18202368296691,20566.0,948671.0
2022-06-11,1.11729436186106,4462.0,779692.0
2022-06-12,1.04607799482056,3753.0,786895.0
2022-06-13,0.906987245581508,4029.0,796575.0
2022-06-14,0.93838460621576,3868.0,752597.0
2022-06-15,1.00318258382888,3861.0,757338.0
2022-06-16,0.907738790992089,3635.0,802230.0
2022-06-17,0.939505277619354,16667.0,783589.0
2022-06-18,0.888109869085987,4091.0,844607.0
2022-06-19,0.962476394836403,3617.0,819399.0
2022-06-20,0.957577399884303,3694.0,931200.0
2022-06-21,0.963668078599653,3742.0,940857.0
2022-06-22,0.929339220854222,3576.0,896894.0
2022-06-23,0.974504347626778,3629.0,794610.0
2022-06-24,1.01049595439274,19208.0,793363.0
2022-06-25,1.00867774166237,3968.0,781791.0
2022-06-26,0.993900157508404,3504.0,773025.0
2022-06-27,0.985679977132271,3724.0,813925.0
2022-06-28,0.944473163134406,3666.0,745211.0
2022-06-29,0.93181260732364,3688.0,778134.0
2022-06-30,0.907973371127817,14991.0,780040.0
2022-07-01,0.914266165663161,18581.0,764583.0
2022-07-02,0.936132283542282,4363.0,730125.0
2022-07-03,0.94320551819933,3746.0,730927.0
2022-07-04,0.984302908283324,3804.0,741592.0
2022-07-05,0.973354027057512,3864.0,916015.0
2022-07-06,1.00098400073525,3876.0,1096504.0
2022-07-07,1.0325827817803,3738.0,1006201.0
2022-07-08,1.02364632368148,15916.0,905681.0
2022-07-09,1.0381074027393,4048.0,1477155.0
2022-07-10,1.00333573961952,3959.0,1236726.0
2022-07-11,0.939424611881208,3806.0,1133748.0
2022-07-12,0.921669778808551,3771.0,1433751.0
2022-07-13,0.947733589936771,3618.0,1488771.0
2022-07-14,0.970800089986052,3611.0,1020095.0
2022-07-15,0.975802861814761,11180.0,913291.0
2022-07-16,1.00537485690095,8496.0,1053361.0
2022-07-17,0.988926271898195,3729.0,1140715.0
2022-07-18,1.05365488081166,3819.0,932778.0
2022-07-19,1.07838590411351,3734.0,810457.0
2022-07-20,1.04353067259066,3738.0,874457.0
2022-07-21,1.05462596407981,3613.0,937224.0
2022-07-22,1.18193776483122,15034.0,943132.0
2022-07-23,1.16861450003718,4223.0,839730.0
2022-07-24,1.2088521149341,3833.0,832698.0
2022-07-25,1.12584406883803,3850.0,863648.0
2022-07-26,1.10841956936155,3810.0,965494.0
2022-07-27,1.25566113864004,3831.0,805724.0
2022-07-28,1.31682596878496,4030.0,785715.0
2022-07-29,1.3133210033769,19699.0,877179.0
2022-07-30,1.3068114257494,11567.0,816558.0
2022-07-31,1.3393025135041,5832.0,778603.0
2022-08-01,1.25627912978228,8038.0,819845.0
2022-08-02,1.19575485519004,9050.0,880042.0
2022-08-03,1.17377262268102,5319.0,826270.0
2022-08-04,1.18721345034043,4706.0,1016762.0
2022-08-05,1.25616946081573,15072.0,1070594.0
2022-08-06,1.22920560112936,4177.0,965845.0
2022-08-07,1.23072931881194,4086.0,763001.0
2022-08-08,1.25177760896201,5644.0,810976.0
2022-08-09,1.17878429934684,7816.0,799304.0
2022-08-10,1.28219845555378,10431.0,882075.0
2022-08-11,1.31076205392447,15167.0,824417.0
2022-08-12,1.3271542478443,26385.0,814992.0
2022-08-13,1.35054843542464,13931.0,829388.0
2022-08-14,1.30639327136339,13849.0,814640.0
2022-08-15,1.27042881905036,4933.0,842878.0
2022-08-16,1.36885002197348,4970.0,806389.0
2022-08-17,1.47601880973164,13304.0,857893.0
2022-08-18,1.48277262267046,21362.0,818148.0
2022-08-19,1.27248454569021,17918.0,802143.0
2022-08-20,1.40737912534572,5082.0,761863.0
2022-08-21,1.57108592418647,4654.0,800368.0
2022-08-22,1.83239455681854,5324.0,961809.0
2022-08-23,1.8051626744332,4850.0,850712.0
2022-08-24,1.77910808034371,4424.0,817034.0
2022-08-25,1.74794743770389,4377.0,821583.0
2022-08-26,1.53989524302048,16494.0,821729.0
2022-08-27,1.54445940269904,4700.0,806620.0
2022-08-28,1.43622818435289,4373.0,790075.0
2022-08-29,1.493238027173,4351.0,776674.0
2022-08-30,1.39657099888021,4131.0,804690.0
2022-08-31,1.37184472664123,4299.0,791903.0
2022-09-01,1.47712146068594,4316.0,783999.0
2022-09-02,1.5462372907356,15661.0,784435.0
2022-09-03,1.5245279401606,4626.0,766457.0
2022-09-04,1.49323503855705,4148.0,763390.0
2022-09-05,1.57684628452095,4207.0,747032.0
2022-09-06,1.39827498764075,3991.0,615213.0
2022-09-07,1.67092706158951,4106.0,750300.0
2022-09-08,1.60087699620435,3950.0,850755.0
2022-09-09,1.66271401368694,10498.0,778674.0
2022-09-10,1.76211380856957,4497.0,766491.0
2022-09-11,1.70758642119506,4073.0,724142.0
2022-09-12,1.65957405562093,9595.0,770669.0
2022-09-13,1.47655603561872,4490.0,767015.0
2022-09-14,1.47542386787539,4167.0,740268.0
2022-09-15,1.38415684001954,3921.0,735585.0
2022-09-16,1.41866193287839,17837.0,738048.0
2022-09-17,1.4727590385262,4757.0,726301.0
2022-09-18,1.27615925296377,4151.0,705110.0
2022-09-19,1.30223606132574,4336.0,738146.0
2022-09-20,1.32969706218466,3778.0,743352.0
2022-09-21,1.18323464646852,3998.0,765040.0
2022-09-22,1.23836087200915,3851.0,717822.0
2022-09-23,1.22899494189371,16917.0,731097.0
2022-09-24,1.19702274807713,4434.0,694115.0
2022-09-25,1.16511655995817,4041.0,719483.0
2022-09-26,1.18107913289727,4091.0,743351.0
2022-09-27,1.15765150256446,4140.0,770920.0
2022-09-28,1.15166778299361,3821.0,761807.0
2022-09-29,1.20665762677731,4006.0,845404.0
2022-09-30,1.184205155799,16707.0,804265.0
2022-10-01,1.21901981873729,4945.0,715352.0
2022-10-02,1.15938979350395,4475.0,641503.0
2022-10-03,1.18933946363564,4143.0,666827.0
2022-10-04,1.20034029934229,4026.0,672503.0
2022-10-05,1.17437723347826,3959.0,682943.0
2022-10-06,1.15540369745178,3856.0,700668.0
2022-10-07,1.12061099642861,16090.0,695154.0
2022-10-08,1.10910283786861,4412.0,675548.0
2022-10-09,1.11903447429363,4266.0,668510.0
2022-10-10,1.03686297934804,4413.0,690448.0
2022-10-11,1.04076399156912,4015.0,729613.0
2022-10-12,1.03891836369944,3822.0,714610.0
2022-10-13,1.01719147874961,16367.0,756086.0
2022-10-14,1.0075522766037,17515.0,823837.0
2022-10-15,1.05151810942604,4202.0,689734.0
2022-10-16,1.05274743772462,3916.0,687244.0
2022-10-17,1.06536784815553,4190.0,709151.0
2022-10-18,1.04837835255529,4118.0,746303.0
2022-10-19,1.00404385152179,4386.0,933235.0
2022-10-20,1.03874761130662,4157.0,1025767.0
2022-10-21,1.06996332290957,16431.0,1053937.0
2022-10-22,1.06834858500317,4889.0,956440.0
2022-10-23,1.09488275945261,4244.0,978546.0
2022-10-24,1.06687091698568,5159.0,994192.0
2022-10-25,1.10123096183535,5982.0,1092544.0
2022-10-26,1.13080481133428,4444.0,1363518.0
2022-10-27,1.12487989448111,4073.0,1474624.0
2022-10-28,1.13946244927388,7262.0,1485658.0
2022-10-29,1.13600773460452,4107.0,1362478.0
2022-10-30,1.10976223207405,3909.0,1208051.0
2022-10-31,1.15091373479078,11029.0,1353975.0
2022-11-01,1.14016123164039,7242.0,1312231.0
2022-11-02,1.1165209366977,4086.0,1306053.0
2022-11-03,1.14877090605055,4125.0,1311051.0
2022-11-04,1.19445122196183,6383.0,1250283.0
2022-11-05,1.16511942030366,4009.0,1209297.0
2022-11-06,1.11556428186448,3921.0,1232700.0
2022-11-07,1.13141698368456,13715.0,1546780.0
2022-11-08,0.962312833172159,4508.0,1892740.0
2022-11-09,0.816049956537568,4133.0,1652525.0
2022-11-10,0.935897725489135,7026.0,1568222.0
2022-11-11,0.929256818601489,18204.0,1536945.0
2022-11-12,0.888365752986193,7365.0,1574590.0
2022-11-13,0.882185529746499,5865.0,1740264.0
2022-11-14,0.912843204073319,5144.0,2293690.0
2022-11-15,0.925979434072056,4705.0,1666885.0
2022-11-16,0.898041800807656,4574.0,1803796.0
2022-11-17,0.899010146633708,4057.0,1876229.0
2022-11-18,0.897868082276324,15037.0,1858454.0
2022-11-19,0.902895007692264,5628.0,1748649.0
2022-11-20,0.870360110362663,4548.0,1356155.0
2022-11-21,0.84838847442511,6733.0,1300122.0
2022-11-22,0.877399881826922,6045.0,1472462.0
2022-11-23,0.907857067892671,4210.0,2016073.0
2022-11-24,0.91048338739231,4626.0,2205523.0
2022-11-25,0.933652065542106,15689.0,1740115.0
2022-11-26,0.931051965966843,5005.0,1895131.0
2022-11-27,0.929276913426707,4032.0,1798171.0
2022-11-28,0.903450381225595,6982.0,1856041.0
2022-11-29,0.918212083244078,4747.0,1824795.0
2022-11-30,0.950561579742628,4392.0,1713201.0
2022-12-01,0.930885559931573,19323.0,1720113.0
2022-12-02,0.944021458431984,15615.0,1827771.0
2022-12-03,0.920639036641704,4865.0,1763426.0
2022-12-04,0.930016284823939,3960.0,1725598.0
2022-12-05,0.929022945100048,4616.0,1764213.0
2022-12-06,0.958701136287248,7017.0,1794356.0
2022-12-07,0.992553116728753,5718.0,1838798.0
2022-12-08,0.994787626001338,6276.0,1729212.0
2022-12-09,1.03192917658505,15429.0,1696569.0
2022-12-10,1.03348951300205,4562.0,1645627.0
2022-12-11,1.0033691326835,4183.0,1486081.0
2022-12-12,0.979805903247139,7195.0,1609734.0
2022-12-13,0.998588293947533,4055.0,1767257.0
2022-12-14,0.978515896368344,4066.0,1788577.0
2022-12-15,0.952712792962104,5123.0,1736788.0
2022-12-16,0.871124390081138,13476.0,1623229.0
2022-12-17,0.890176960022459,28183.0,1593046.0
2022-12-18,0.887392936409049,3746.0,1657860.0
2022-12-19,0.845295701834015,6728.0,1779547.0
2022-12-20,0.891306339158995,3722.0,1716542.0
2022-12-21,0.887161374093453,3693.0,1770500.0
2022-12-22,0.885562837601808,3544.0,1761475.0
2022-12-23,0.885617395254681,13221.0,1802326.0
2022-12-24,0.87989528974483,4227.0,1522022.0
2022-12-25,0.87675303393135,5400.0,1413235.0
2022-12-26,0.884960737009928,7694.0,1364964.0
2022-12-27,0.894641229712579,3629.0,1137874.0
2022-12-28,0.869931787940471,3665.0,1159188.0
2022-12-29,0.864926324663325,4249.0,1142919.0
2022-12-30,0.862675104224753,12227.0,1122991.0
2022-12-31,0.861380087005595,3692.0,1120881.0
2023-01-01,0.878217417553486,3381.0,1121912.0
2023-01-02,0.882420535935656,6349.0,1181185.0
2023-01-03,0.879556728279671,4541.0,1194621.0
2023-01-04,0.906849327742606,4812.0,1198057.0
2023-01-05,0.890061009639184,5068.0,1225576.0
2023-01-06,0.894911936927558,12995.0,1080560.0
2023-01-07,0.888259742014847,4634.0,1279504.0
2023-01-08,0.908433059221793,4563.0,1329661.0
2023-01-09,0.937371552365377,7369.0,1314491.0
2023-01-10,0.94591679346061,4706.0,1320248.0
2023-01-11,0.975623139868547,3808.0,1323492.0
2023-01-12,0.99011983891593,4027.0,1344050.0
2023-01-13,1.00874706450413,12245.0,1265257.0
2023-01-14,1.05185719898014,4709.0,1272248.0
2023-01-15,1.06222473810089,4091.0,1682019.0
2023-01-16,1.03595798858352,5525.0,1538686.0
2023-01-17,1.02597944641396,10530.0,1320759.0
2023-01-18,0.960680485323844,4034.0,1338610.0
2023-01-19,0.979035264572524,14675.0,1371900.0
2023-01-20,1.04695104711642,13315.0,1439671.0
2023-01-21,1.03089609292328,5509.0,1323068.0
2023-01-22,1.08099922256152,4821.0,1323044.0
2023-01-23,1.09511017535659,6361.0,1334514.0
2023-01-24,1.03555762489354,4826.0,1294003.0
2023-01-25,1.09229532318,5259.0,1313971.0
2023-01-26,1.08745487325598,4745.0,1300822.0
2023-01-27,1.11149272212267,5254.0,1286561.0
2023-01-28,1.09149172320326,6336.0,1276528.0
2023-01-29,1.11433581903097,8249.0,1283858.0
2023-01-30,1.04601174053594,11880.0,1316933.0
2023-01-31,1.06282571841706,4145.0,1284709.0
2023-02-01,1.07915150754292,7469.0,1300687.0
2023-02-02,1.07019335608175,4574.0,1078334.0
2023-02-03,1.0949139678827,12754.0,1271275.0
2023-02-04,1.11176464148281,3709.0,1152895.0
2023-02-05,1.08207507510448,3913.0,1141437.0
2023-02-06,1.05807940208625,7706.0,1314530.0
2023-02-07,1.11315147997008,4000.0,1325885.0
2023-02-08,1.08475776446678,5474.0,1357171.0
2023-02-09,1.04540205798465,5158.0,1108190.0
2023-02-10,1.05289801070835,12642.0,1317250.0
2023-02-11,1.05775050394281,4504.0,1352730.0
2023-02-12,1.04016790751146,4462.0,1087118.0
2023-02-13,1.03052401670167,5330.0,1223451.0
2023-02-14,1.04868494158188,3697.0,1227747.0
2023-02-15,1.09887881742088,4120.0,1414302.0
2023-02-16,1.04732285905089,5066.0,1435338.0
2023-02-17,1.19146763616692,13390.0,1605382.0
2023-02-18,1.23798915089787,4907.0,1263618.0
2023-02-19,1.23731001526208,5206.0,1447859.0
2023-02-20,1.26390019421535,8095.0,1496419.0
2023-02-21,1.21776019103194,7165.0,1449988.0
2023-02-22,1.20791749903596,3971.0,1449835.0
2023-02-23,1.17746808992231,3519.0,1506784.0
2023-02-24,1.11830485823855,12720.0,1458414.0
2023-02-25,1.10740148075772,4000.0,1417934.0
2023-02-26,1.1233969044243,4025.0,1276568.0
2023-02-27,1.12344409550634,5470.0,1435951.0
2023-02-28,1.15001512377141,4483.0,1459644.0
2023-03-01,1.20755436083609,5810.0,1473627.0
2023-03-02,1.23885119551868,4237.0,1490029.0
2023-03-03,1.30685843125187,15997.0,1503055.0
2023-03-04,1.22207958202532,4597.0,1387622.0
2023-03-05,1.22132502580218,4126.0,1382850.0
2023-03-06,1.21138121548114,4891.0,1403025.0
2023-03-07,1.17955507620194,3475.0,1271437.0
2023-03-08,1.12221974986562,3772.0,1175404.0
2023-03-09,1.05457442187726,14104.0,1322296.0
2023-03-10,1.04957318627384,12678.0,1281679.0
2023-03-11,0.999826461805882,2954.0,1526093.0
2023-03-12,1.05302888986869,7816.0,1576959.0
2023-03-13,1.08274440813586,6398.0,1345707.0
2023-03-14,1.10926332055658,3640.0,967763.0
2023-03-15,1.04205884270286,3851.0,1239172.0
2023-03-16,1.08212059686325,3788.0,1287768.0
2023-03-17,1.14768288114166,13062.0,1222287.0
2023-03-18,1.09997593157199,5291.0,1133156.0
2023-03-19,1.16561217209332,4169.0,1047319.0
2023-03-20,1.16346039064475,5644.0,1130888.0
2023-03-21,1.18879819555408,5470.0,1154865.0
2023-03-22,1.095936545117,7848.0,1161112.0
2023-03-23,1.16254842265895,5695.0,1111673.0
2023-03-24,1.1648688585423,14167.0,1052756.0
2023-03-25,1.11411238140779,8378.0,824911.0
2023-03-26,1.14359867376026,4896.0,984223.0
2023-03-27,1.08519643356492,5414.0,1072396.0
2023-03-28,1.11410756985764,4119.0,1098806.0
2023-03-29,1.15046833243625,4511.0,1088297.0
2023-03-30,1.18719284335948,3746.0,1116179.0
2023-03-31,1.19561653659325,13168.0,1167933.0
2023-04-01,1.19354606445672,6501.0,1125618.0
2023-04-02,1.2297314534673,4207.0,1118616.0
2023-04-03,1.17653132690629,5379.0,1155478.0
2023-04-04,1.19281135811393,4845.0,1135354.0
2023-04-05,1.18958264776803,3957.0,1136057.0
2023-04-06,1.21943373387427,5116.0,1151895.0
2023-04-07,1.21491198928045,11937.0,1123756.0
2023-04-08,1.19248768069073,7202.0,1121583.0
2023-04-09,1.2081795034926,3565.0,1153598.0
2023-04-10,1.23858787210874,12700.0,1087524.0
2023-04-11,1.23449669712442,5498.0,959759.0
2023-04-12,1.20970595268749,4251.0,733231.0
2023-04-13,1.25784695707936,5765.0,718037.0
2023-04-14,1.25040492803438,12817.0,728500.0
2023-04-15,1.24418721389496,5525.0,687190.0
2023-04-16,1.23852675497874,4112.0,715168.0
2023-04-17,1.20764410428777,11818.0,700696.0
2023-04-18,1.21897995723114,4244.0,501772.0
2023-04-19,1.09632713553254,6514.0,708344.0
2023-04-20,1.07644280962705,3776.0,781097.0
2023-04-21,1.04283146233859,12165.0,940468.0
2023-04-22,1.07394062708345,6417.0,894603.0
2023-04-23,1.05480555584142,6473.0,871050.0
2023-04-24,1.04973404315722,10719.0,892632.0
2023-04-25,1.0606313372691,6246.0,896904.0
2023-04-26,1.026181839775,4292.0,876837.0
2023-04-27,1.03066566841558,14164.0,935707.0
2023-04-28,1.0407838666818,12437.0,909858.0
2023-04-29,1.04173491079434,5489.0,884294.0
2023-04-30,1.0270197505125,22030.0,878692.0
2023-05-01,1.00832876929064,30295.0,908160.0
2023-05-02,1.02349836353385,3997.0,920833.0
2023-05-03,1.03238326955297,4568.0,895976.0
2023-05-04,1.00474329083826,4540.0,868887.0
2023-05-05,1.01675199692885,5725.0,620733.0
2023-05-06,0.985854446807575,5385.0,766825.0
2023-05-07,0.977445754793127,3610.0,672192.0
2023-05-08,0.906106152740742,15019.0,705409.0
2023-05-09,0.918380698045935,4391.0,727675.0
2023-05-10,0.913019200257083,4339.0,703181.0
2023-05-11,0.88313298979296,6207.0,753011.0
2023-05-12,0.874112785942204,15037.0,768500.0
2023-05-13,0.872977465726455,4342.0,767830.0
2023-05-14,0.876031420911821,3475.0,808618.0
2023-05-15,0.879787179508416,10220.0,836869.0
2023-05-16,0.891644933067938,3944.0,890774.0
2023-05-17,0.905241703079981,3524.0,846908.0
2023-05-18,0.884442272463015,3476.0,895746.0
2023-05-19,0.881482300155418,13945.0,890577.0
2023-05-20,0.877381557748586,15972.0,835043.0
2023-05-21,0.852270215926429,3509.0,874742.0
2023-05-22,0.851728342614805,9228.0,859105.0
2023-05-23,0.860203256964977,3855.0,836915.0
2023-05-24,0.837441162604621,3534.0,771886.0
2023-05-25,0.843793406922807,3601.0,727353.0
2023-05-26,0.877800929931503,13609.0,477072.0
2023-05-27,0.883208141928089,3545.0,665063.0
2023-05-28,0.911351870265964,3120.0,651933.0
2023-05-29,0.896629719674131,11603.0,651538.0
2023-05-30,0.912127927109963,4151.0,688363.0
2023-05-31,0.891135993302192,3101.0,678336.0
2023-06-01,0.883207223215798,3489.0,581798.0
2023-06-02,0.907257335882872,18128.0,624955.0
2023-06-03,0.911824117889705,3661.0,811401.0
2023-06-04,0.914530392769759,3542.0,755401.0
2023-06-05,0.840762463354748,9183.0,1097426.0
2023-06-06,0.891103799871713,3472.0,1500280.0
2023-06-07,0.862140718959525,3580.0,1044367.0
2023-06-08,0.892528705102387,3670.0,681557.0
2023-06-09,0.892219314616174,10792.0,683635.0
2023-06-10,0.698452058404672,3573.0,1013695.0
2023-06-11,0.683075114844636,3311.0,794894.0
2023-06-12,0.675308742646852,8709.0,801813.0
2023-06-13,0.674117958569417,3510.0,1667902.0
2023-06-14,0.635654292890192,3567.0,991054.0
2023-06-15,0.638515024802723,12268.0,788633.0
2023-06-16,0.628744418356956,10342.0,782245.0
2023-06-17,0.634595930418104,3667.0,769119.0
2023-06-18,0.625926803826046,2822.0,775614.0
2023-06-19,0.627493327222088,7521.0,820345.0
2023-06-20,0.63932216648998,3255.0,789914.0
2023-06-21,0.68085418845841,3758.0,840866.0
2023-06-22,0.678750263478019,3212.0,824072.0
2023-06-23,0.735614659479125,9964.0,813231.0
2023-06-24,0.725552113867202,3698.0,851558.0
2023-06-25,0.721947346304641,3144.0,778220.0
2023-06-26,0.716088423161694,7606.0,797370.0
2023-06-27,0.720037259818045,3254.0,733186.0
2023-06-28,0.667611606734687,3245.0,556412.0
2023-06-29,0.678039311163615,3167.0,758767.0
2023-06-30,0.750115484634927,9842.0,805564.0
2023-07-01,0.779436422621118,3456.0,817268.0
2023-07-02,0.765463822864526,8502.0,777445.0
2023-07-03,0.763571061783268,12351.0,747857.0
2023-07-04,0.745053843011268,3418.0,777299.0
2023-07-05,0.723057482856226,3265.0,771771.0
2023-07-06,0.705777658453791,3134.0,761444.0
2023-07-07,0.730129923235063,9710.0,784584.0
2023-07-08,0.723560144373444,3620.0,721143.0
2023-07-09,0.725010955675144,3520.0,732587.0
2023-07-10,0.725643476272294,4427.0,776254.0
2023-07-11,0.727803275847068,3334.0,752303.0
2023-07-12,0.720298734167371,3433.0,745896.0
2023-07-13,0.800131947682274,3520.0,766816.0
2023-07-14,0.771133758433762,9880.0,780171.0
2023-07-15,0.771500129959168,3574.0,768296.0
2023-07-16,0.756301799549984,3507.0,752095.0
2023-07-17,0.776796477300378,4041.0,723108.0
2023-07-18,0.755655270451534,3330.0,1027450.0
2023-07-19,0.758925643686517,3312.0,5518982.0
2023-07-20,0.765331575510918,3010.0,1928002.0
2023-07-21,0.785114570742048,9631.0,1796420.0
2023-07-22,0.77108683727836,3295.0,1450465.0
2023-07-23,0.781773574325261,3037.0,979893.0
2023-07-24,0.746097183500201,4118.0,1053201.0
2023-07-25,0.741241872377635,3102.0,953888.0
2023-07-26,0.743183898894761,2867.0,970221.0
2023-07-27,0.741059257130579,3057.0,1028600.0
2023-07-28,0.750019631765341,9114.0,995045.0
2023-07-29,0.757339145558577,3132.0,1008535.0
2023-07-30,0.7528527914783,3192.0,979369.0
2023-07-31,0.746304814200425,5368.0,972055.0
2023-08-01,0.747274715528825,3218.0,966792.0
2023-08-02,0.729463913335301,3088.0,969463.0
2023-08-03,0.71867951650445,11238.0,1002415.0
2023-08-04,0.717450872554059,9792.0,973789.0
2023-08-05,0.727069270118829,3179.0,965772.0
2023-08-06,0.727829888161377,2884.0,959987.0
2023-08-07,0.719276836379705,6534.0,1251859.0
2023-08-08,0.724766766986859,3091.0,1318497.0
2023-08-09,0.721042753600477,3062.0,1137504.0
2023-08-10,0.716122879515778,2983.0,1164674.0
2023-08-11,0.714817974119704,9277.0,1151503.0
2023-08-12,0.726340662734481,3364.0,1093719.0
2023-08-13,0.719836895271588,2710.0,1012417.0
2023-08-14,0.717751368253701,6772.0,964284.0
2023-08-15,0.678396557187682,3119.0,744229.0
2023-08-16,0.62949776123092,3193.0,776891.0
2023-08-17,0.571165202690607,3063.0,831540.0
2023-08-18,0.5741520718601,9238.0,757117.0
2023-08-19,0.581860427074715,2934.0,748248.0
2023-08-20,0.58488259136722,2762.0,748554.0
2023-08-21,0.581377700368115,7527.0,790354.0
2023-08-22,0.576089730729841,3035.0,741235.0
2023-08-23,0.5927124751928,2851.0,733617.0
2023-08-24,0.583738179816288,2677.0,648126.0
2023-08-25,0.586332154849992,8950.0,683699.0
2023-08-26,0.583400648790459,3081.0,630756.0
2023-08-27,0.591235650234176,2991.0,615393.0
2023-08-28,0.590275872465458,6460.0,632522.0
2023-08-29,0.619850514072368,3153.0,578665.0
2023-08-30,0.628562580480138,2894.0,609578.0
2023-08-31,0.587327855429981,2759.0,642390.0
2023-09-01,0.579823317929385,8358.0,639144.0
2023-09-02,0.576290508978645,3159.0,632592.0
2023-09-03,0.580071214140395,3157.0,610065.0
2023-09-04,0.581347591525022,7177.0,658168.0
2023-09-05,0.591018951857471,2835.0,757242.0
2023-09-06,0.579432954786431,2672.0,726406.0
2023-09-07,0.585491851677805,3192.0,551726.0
2023-09-08,0.584220174939363,9604.0,494860.0
2023-09-09,0.582770464760282,2926.0,472916.0
2023-09-10,0.563030327299782,2635.0,486961.0
2023-09-11,0.539446395973808,6679.0,494688.0
2023-09-12,0.547062798067421,3217.0,489181.0
2023-09-13,0.554411744861805,2982.0,477216.0
2023-09-14,0.566334778943182,2674.0,480637.0
2023-09-15,0.574556298443908,8981.0,472263.0
2023-09-16,0.576676509698434,2759.0,437353.0
2023-09-17,0.556668611337448,3114.0,456084.0
2023-09-18,0.572147016946821,6601.0,459479.0
2023-09-19,0.583404457300045,3099.0,475490.0
2023-09-20,0.578269996158857,3149.0,474648.0
2023-09-21,0.576174804642839,3044.0,447076.0
2023-09-22,0.5760992152651,8711.0,439881.0
2023-09-23,0.581566162558999,3086.0,431032.0
2023-09-24,0.571396321974626,2924.0,411736.0
2023-09-25,0.569144558848208,6508.0,454941.0
2023-09-26,0.560909070990914,2794.0,448777.0
2023-09-27,0.560107419477528,2942.0,445644.0
2023-09-28,0.571684025724264,2890.0,445100.0
2023-09-29,0.57836124953445,8378.0,454020.0
2023-09-30,0.582860595982103,3049.0,445820.0
2023-10-01,0.603338223737539,2984.0,458028.0
2023-10-02,0.586386668702365,8953.0,602486.0
2023-10-03,0.585726098975458,3806.0,704742.0
2023-10-04,0.577612886233408,5667.0,986693.0
2023-10-05,0.566150842028877,3871.0,836283.0
2023-10-06,0.570173380459891,8463.0,1109251.0
2023-10-07,0.57001101527008,4694.0,695072.0
2023-10-08,0.567330646563147,3121.0,846257.0
2023-10-09,0.541448644390207,3038.0,995298.0
2023-10-10,0.542953678345437,6283.0,1794897.0
2023-10-11,0.538489456551218,2853.0,1233687.0
2023-10-12,0.536466154600907,2817.0,947109.0
2023-10-13,0.543505951406506,8081.0,841069.0
2023-10-14,0.542796892119525,2914.0,765509.0
2023-10-15,0.547193041811008,2862.0,774015.0
2023-10-16,0.558714422671382,6436.0,682097.0
2023-10-17,0.542594277324265,2915.0,676313.0
2023-10-18,0.534488241701764,2906.0,670070.0
2023-10-19,0.535081292175187,2890.0,707646.0
2023-10-20,0.546895876091299,8341.0,711191.0
2023-10-21,0.559539334094185,2865.0,650587.0
2023-10-22,0.561289874217453,2648.0,712293.0
2023-10-23,0.59094962482619,6408.0,950339.0
2023-10-24,0.593145633371577,2880.0,3328031.0
2023-10-25,0.594345133131789,2987.0,1755033.0
2023-10-26,0.597951889199039,2829.0,1079717.0
2023-10-27,0.601908334020279,8219.0,836928.0
2023-10-28,0.628092431175206,2881.0,825066.0
2023-10-29,0.631357496046974,2677.0,999885.0
2023-10-30,0.627244146982818,2767.0,993157.0
2023-10-31,0.636628411680693,2748.0,1522044.0
2023-11-01,0.653125404631982,2797.0,1513009.0
2023-11-02,0.648124989360182,2837.0,1485125.0
2023-11-03,0.651675719824381,8180.0,1292098.0
2023-11-04,0.661134597959422,2860.0,939973.0
2023-11-05,0.677780817569644,2837.0,1194764.0
2023-11-06,0.698217268249515,2966.0,1336585.0
2023-11-07,0.689337977496273,7194.0,1534253.0
2023-11-08,0.705608043533577,2756.0,1690147.0
2023-11-09,0.679275024297061,2886.0,1774345.0
2023-11-10,0.710389436007187,8416.0,2726393.0
2023-11-11,0.722492072121945,2879.0,1410564.0
2023-11-12,0.732144947030703,2745.0,2236268.0
2023-11-13,0.723084265700737,6806.0,2955840.0
2023-11-14,0.694843500948641,2859.0,2900790.0
2023-11-15,0.730191973991028,2939.0,4513109.0
2023-11-16,0.703671903112157,2999.0,4904764.0
2023-11-17,0.710412638296295,8037.0,4345857.0
2023-11-18,0.710594526486146,3030.0,2093844.0
2023-11-19,0.723374888122048,2891.0,1969139.0
2023-11-20,0.707076267301731,2968.0,1691585.0
2023-11-21,0.651182364643862,2859.0,1658183.0
2023-11-22,0.677904624512392,2724.0,1632503.0
2023-11-23,0.674415455887346,2707.0,1272287.0
2023-11-24,0.683561521744475,7869.0,935650.0
2023-11-25,0.700141391545428,2856.0,831183.0
2023-11-26,0.699797195833997,2809.0,887418.0
2023-11-27,0.675527577383993,4157.0,1591433.0
2023-11-28,0.678113501899484,2887.0,1458510.0
2023-11-29,0.680072772028949,3075.0,1369991.0
2023-11-30,0.67930131570553,2880.0,1277177.0
2023-12-01,0.689416165862607,8158.0,1163761.0
2023-12-02,0.701542574135668,2894.0,863041.0
2023-12-03,0.701623946670054,2807.0,787509.0
2023-12-04,0.717933620102018,3803.0,886655.0
2023-12-05,0.741741825549104,2943.0,1072587.0
2023-12-06,0.740564237526208,2856.0,1406693.0
2023-12-07,0.76991574109203,2833.0,1235788.0
2023-12-08,0.798227856350965,8212.0,1072868.0
2023-12-09,0.860868997351633,3244.0,8275053.0
2023-12-10,0.8351957639188,2984.0,14774693.0
2023-12-11,0.768817293220419,2958.0,2135241.0
2023-12-12,0.781426483947135,3565.0,898354.0
2023-12-13,0.784880741279743,2815.0,778302.0
2023-12-14,0.792189962230982,2836.0,1236148.0
2023-12-15,0.755570084106112,9351.0,1018643.0
2023-12-16,0.805013605232191,3195.0,1475014.0
2023-12-17,0.799464936720451,3187.0,1113339.0
2023-12-18,0.775941247381515,3126.0,1410991.0
2023-12-19,0.761873584853942,5136.0,1730617.0
2023-12-20,0.787577557740957,4327.0,1537523.0
2023-12-21,0.843380780854016,3125.0,1825208.0
2023-12-22,0.847835083277439,9723.0,4099564.0
2023-12-23,0.839584390076146,3253.0,4323810.0
2023-12-24,0.818630542313735,2918.0,2935740.0
2023-12-25,0.88099610433595,4407.0,1913903.0
2023-12-26,0.871463493758993,3097.0,2393969.0
2023-12-27,0.901304248432496,3149.0,2106459.0
2023-12-28,0.871992946628298,2836.0,1615353.0
2023-12-29,0.846918982890082,9998.0,1659777.0
2023-12-30,0.855351576638978,3116.0,1488994.0
2023-12-31,0.842079288229624,2897.0,1661676.0
2024-01-01,0.885722866876144,5891.0,1348553.0
2024-01-02,0.865640663360431,2930.0,1330100.0
2024-01-03,0.767069647213279,3088.0,1773273.0
2024-01-04,0.773916272088092,3006.0,1669867.0
2024-01-05,0.747228813856452,9431.0,1723123.0
2024-01-06,0.737420492736107,2918.0,1053423.0
2024-01-07,0.699549870440023,2783.0,839901.0
2024-01-08,0.740199955939768,3658.0,1818520.0
2024-01-09,0.706614715475921,2990.0,1783283.0
2024-01-10,0.756549039658752,3127.0,1450308.0
2024-01-11,0.785906809352848,2922.0,1139870.0
2024-01-12,0.767786773381546,9706.0,1188443.0
2024-01-13,0.764848228098545,2959.0,1020098.0
2024-01-14,0.747450888470819,2800.0,859378.0
2024-01-15,0.778303866593218,3992.0,1130733.0
2024-01-16,0.775602250333308,2927.0,995440.0
2024-01-17,0.758178005552442,1323.0,899203.0
2024-01-18,0.716963737631233,2863.0,899428.0
2024-01-19,0.720292826176265,9766.0,1116223.0
2024-01-20,0.724944639259381,2880.0,1243098.0
2024-01-21,0.721460992316867,2837.0,1054265.0
2024-01-22,0.68995161306579,3788.0,1201557.0
2024-01-23,0.675805340275108,2817.0,1261075.0
2024-01-24,0.688500240703089,2880.0,1178810.0
2024-01-25,0.689506993248628,2764.0,1269432.0
2024-01-26,0.703554579005065,10324.0,1352115.0
2024-01-27,0.708412378904181,3384.0,1255725.0
2024-01-28,0.7093767419524,3920.0,1256876.0
2024-01-29,0.717509165714554,4337.0,1244496.0
2024-01-30,0.702524176132861,3082.0,1122739.0
2024-01-31,0.68973459456374,2883.0,1105488.0
2024-02-01,0.702724406039678,2969.0,1230914.0
2024-02-02,0.71433231598949,10436.0,1277101.0
2024-02-03,0.723979812714652,2848.0,1144944.0
2024-02-04,0.696354702279566,2747.0,1120301.0
2024-02-05,0.707273636856297,2741.0,1225156.0
2024-02-06,0.713353773828903,3894.0,1272464.0
2024-02-07,0.720313690893174,8278.0,1285561.0
2024-02-08,0.720612752143916,3709.0,1280029.0
2024-02-09,0.743100690633381,9611.0,1414206.0
2024-02-10,0.735421705992882,2767.0,1272282.0
2024-02-11,0.733861321125332,2668.0,1211078.0
2024-02-12,0.753910227782933,3677.0,1432684.0
2024-02-13,0.737230411897401,2863.0,1770287.0
2024-02-14,0.757126779205589,2753.0,1346170.0
2024-02-15,0.773053950603244,2796.0,1203517.0
2024-02-16,0.766262720545319,9695.0,1084154.0
2024-02-17,0.768231564003245,2819.0,1025189.0
2024-02-18,0.777186507927498,2882.0,972272.0
2024-02-19,0.790590697462612,2925.0,930662.0
2024-02-20,0.800241639310364,3937.0,932715.0
2024-02-21,0.763161132563444,2906.0,897664.0
2024-02-22,0.77378294598331,2760.0,877049.0
2024-02-23,0.802269231728954,9718.0,909704.0
2024-02-24,0.802670966141224,2862.0,891774.0
2024-02-25,0.798842628140702,2863.0,1000171.0
2024-02-26,0.814021422039601,3018.0,1054383.0
2024-02-27,0.83516533436766,2926.0,905189.0
2024-02-28,0.831862607155127,2945.0,1027984.0
2024-02-29,0.862244289015946,2993.0,1176758.0
2024-03-01,0.908731347445174,11865.0,985789.0
2024-03-02,1.10804976484234,3275.0,1097868.0
2024-03-03,1.07216045058576,3079.0,1158480.0
2024-03-04,1.10433783585346,4471.0,1168617.0
2024-03-05,1.02777131073088,3297.0,1289365.0
2024-03-06,1.06621313202589,3158.0,1329932.0
2024-03-07,1.24355973493751,3064.0,1476632.0
2024-03-08,1.1990262991916,12618.0,1487256.0
2024-03-09,1.20079289491206,3127.0,1351874.0
2024-03-10,1.14174837082344,3285.0,1337154.0
2024-03-11,1.23668347430771,4800.0,1393396.0
2024-03-12,1.18420855852729,3202.0,1336592.0
2024-03-13,1.18353399031024,3142.0,1299338.0
2024-03-14,1.14065954707384,3095.0,1301703.0
2024-03-15,1.06524394886161,12591.0,1266753.0
2024-03-16,0.982150006436522,3392.0,1361492.0
2024-03-17,1.01214435482435,3126.0,1152679.0
2024-03-18,0.987994109907847,4072.0,1156531.0
2024-03-19,0.90439243429888,3084.0,1294476.0
2024-03-20,1.00220337119748,3075.0,1164050.0
2024-03-21,1.0118514503464,2959.0,1206986.0
2024-03-22,0.97455028161068,7133.0,1228734.0
2024-03-23,1.04131487130248,2978.0,1198603.0
2024-03-24,1.05100038789149,3072.0,1482922.0
2024-03-25,1.06930373982739,3965.0,1189079.0
2024-03-26,1.08851982792723,2979.0,1243577.0
2024-03-27,1.05867114181623,2945.0,1187260.0
2024-03-28,1.10122347755253,2918.0,1193228.0
2024-03-29,1.10579664693573,10967.0,1214736.0
2024-03-30,1.07407559621609,3012.0,1197558.0
2024-03-31,1.10221114774804,2890.0,1061642.0
2024-04-01,1.04177478523504,2955.0,1145541.0
2024-04-02,0.971717141227329,4376.0,1176561.0
2024-04-03,0.95738207284061,2924.0,1314513.0
2024-04-04,0.991189530513093,2856.0,1207525.0
2024-04-05,0.992823466636402,10521.0,1223863.0
2024-04-06,1.02189402962504,3088.0,1214483.0
2024-04-07,1.02905220090421,2860.0,1172369.0
