time,Price,Transactions
2019-01-29,7.93048634543902,4373.0
2019-01-30,6.62962711245038,5034.0
2019-01-31,5.71224963577867,4457.0
2019-02-01,6.16415105722054,4678.0
2019-02-02,5.98315301100394,4594.0
2019-02-03,5.66808627167022,4047.0
2019-02-04,5.30066424269743,3191.0
2019-02-05,5.0985799369585,4925.0
2019-02-06,4.32367287064225,5061.0
2019-02-07,3.8738408706768,5094.0
2019-02-08,4.15658070061776,4554.0
2019-02-09,5.12751362976408,4778.0
2019-02-10,5.8967963186613,4665.0
2019-02-11,5.17099252040327,4849.0
2019-02-12,4.95130540281707,5185.0
2019-02-13,4.96569405007807,6163.0
2019-02-14,5.11203571304753,5180.0
2019-02-15,5.11910594914386,3699.0
2019-02-16,5.08178084529936,3334.0
2019-02-17,4.90761319481535,3677.0
2019-02-18,4.89300659268703,4394.0
2019-02-19,4.89335967193717,3842.0
2019-02-20,4.80746943277691,3379.0
2019-02-21,4.58756763560508,3391.0
2019-02-22,4.53486410531659,3292.0
2019-02-23,4.30502709524549,2915.0
2019-02-24,4.01872093459881,2774.0
2019-02-25,3.76705028974559,3076.0
2019-02-26,3.77788887734721,3982.0
2019-02-27,3.60640346248305,2709.0
2019-02-28,3.34529734353638,2847.0
2019-03-01,3.27913125700387,2933.0
2019-03-02,3.49712661933236,2678.0
2019-03-03,3.69994491333514,2725.0
2019-03-04,3.28442318706501,2760.0
2019-03-05,3.31343235670708,2690.0
2019-03-06,3.23295742600498,2678.0
2019-03-07,3.0982211380618,2754.0
2019-03-08,3.13601224784122,2113.0
2019-03-09,3.18334733955747,2279.0
2019-03-10,3.16692560423945,1574.0
2019-03-11,2.99964082635129,3269.0
2019-03-12,2.82119864684278,3888.0
2019-03-13,2.68867706980233,2411.0
2019-03-14,2.64064869852834,2301.0
2019-03-15,2.66511432168888,2125.0
2019-03-16,2.66200568174079,2246.0
2019-03-17,2.6493090515871,2017.0
2019-03-18,2.59811117437477,2096.0
2019-03-19,2.51118090583972,2338.0
2019-03-20,2.45603435030081,2163.0
2019-03-21,2.32826272544986,1982.0
2019-03-22,2.44794808753074,2137.0
2019-03-23,2.46695031794609,3590.0
2019-03-24,2.67714033379261,2225.0
2019-03-25,2.51120619556684,2337.0
2019-03-26,2.42716690015652,2310.0
2019-03-27,2.52027247573581,2326.0
2019-03-28,2.55959436064778,2401.0
2019-03-29,3.05307188812443,2338.0
2019-03-30,3.2688365776919,2637.0
2019-03-31,3.50127585125414,2798.0
2019-04-01,3.30675511754095,2876.0
2019-04-02,3.59332214609076,4520.0
2019-04-03,3.4418522587945,2729.0
2019-04-04,3.24845193753582,2458.0
2019-04-05,3.48132263788972,2547.0
2019-04-06,3.24383476445998,2473.0
2019-04-07,3.1971738768622,2512.0
2019-04-08,3.05718040817182,2536.0
2019-04-09,3.04295932732233,2348.0
2019-04-10,3.0717141713266,2397.0
2019-04-11,2.87016204607189,2504.0
2019-04-12,2.88404492107113,2225.0
2019-04-13,2.80511557553467,2281.0
2019-04-14,2.98880813741822,2163.0
2019-04-15,2.9047401711507,3758.0
2019-04-16,2.89969977658585,2849.0
2019-04-17,2.85874940103701,2286.0
2019-04-18,2.97455749339095,2139.0
2019-04-19,2.87283540226551,2394.0
2019-04-20,2.89819788732987,2407.0
2019-04-21,2.78882303116941,2161.0
2019-04-22,2.75324378407741,3293.0
2019-04-23,2.70753384525607,2001.0
2019-04-24,2.47692714191281,2151.0
2019-04-25,2.4069708121508,2519.0
2019-04-26,2.30761350426424,2453.0
2019-04-27,2.2405589976061,2203.0
2019-04-28,2.24174776734744,2171.0
2019-04-29,2.218569762116,1851.0
2019-04-30,2.14328948009763,2304.0
2019-05-01,2.22640222821255,3614.0
2019-05-02,2.2182137087009,2951.0
2019-05-03,2.27938729546512,2205.0
2019-05-04,2.21516262845227,2112.0
2019-05-05,2.10195367666346,2041.0
2019-05-06,2.06482247588204,2413.0
2019-05-07,2.0425357190282,2257.0
2019-05-08,2.05358324136244,2642.0
2019-05-09,2.10833135017433,2301.0
2019-05-10,2.21037748762405,2149.0
2019-05-11,2.10814876589374,2142.0
2019-05-12,1.87161004418472,2140.0
2019-05-13,1.89259193713379,2179.0
2019-05-14,1.91358148350685,2051.0
2019-05-15,2.38148371976492,2090.0
2019-05-16,2.20744100282261,2240.0
2019-05-17,2.11471952801796,2331.0
2019-05-18,2.20774432340411,2342.0
2019-05-19,2.38431016115943,2429.0
2019-05-20,2.79624777296334,2650.0
2019-05-21,2.68069488436731,2642.0
2019-05-22,2.58254332395103,3098.0
2019-05-23,2.48416449030964,2313.0
2019-05-24,2.49685235484991,2265.0
2019-05-25,2.37655836064953,2194.0
2019-05-26,2.45930118451166,3333.0
2019-05-27,2.39912457705448,2416.0
2019-05-28,2.44597222989305,2352.0
2019-05-29,2.43431755688131,2478.0
2019-05-30,2.42080809625969,2482.0
2019-05-31,2.39654862714766,3981.0
2019-06-01,2.43517828520002,2388.0
2019-06-02,2.38687839777719,2418.0
2019-06-03,2.32223482118089,2448.0
2019-06-04,2.13819088973746,2340.0
2019-06-05,2.28220307408177,2422.0
2019-06-06,2.32175679582075,2225.0
2019-06-07,2.4196976595338,1536.0
2019-06-08,3.20574881241714,4047.0
2019-06-09,2.96498800349341,4967.0
2019-06-10,3.10136828353762,2360.0
2019-06-11,3.24637181668251,2492.0
2019-06-12,3.99441142835167,2653.0
2019-06-13,3.7972353529096,2570.0
2019-06-14,4.32538531896911,2662.0
2019-06-15,4.5563352383536,2843.0
2019-06-16,4.98377858228242,2805.0
2019-06-17,6.3090144704874,3360.0
2019-06-18,5.50001333071811,3262.0
2019-06-19,6.02556370917281,3245.0
2019-06-20,5.33038356416501,3227.0
2019-06-21,4.64686568377108,3066.0
2019-06-22,5.47909590471202,3079.0
2019-06-23,6.37078036955102,3007.0
2019-06-24,5.92777894673679,3036.0
2019-06-25,5.65570473282753,2859.0
2019-06-26,5.28810785626306,2961.0
2019-06-27,4.8802760931348,2687.0
2019-06-28,5.11176171244766,2599.0
2019-06-29,4.97063721172091,3426.0
2019-06-30,4.70786545618722,2888.0
2019-07-01,4.49769697459186,2737.0
2019-07-02,4.58432068328929,2789.0
2019-07-03,4.71972833400446,2664.0
2019-07-04,4.32581681523662,2673.0
2019-07-05,4.26512898080767,2838.0
2019-07-06,4.32916602168719,2376.0
2019-07-07,4.35038940651392,5401.0
2019-07-08,4.41666975984496,2566.0
2019-07-09,4.39701579626132,2262.0
2019-07-10,4.6309229937715,2282.0
2019-07-11,4.03631243141163,2199.0
2019-07-12,4.01325230583535,2626.0
2019-07-13,3.68060441641251,2182.0
2019-07-14,3.20564951186849,2374.0
2019-07-15,3.86475917923323,3194.0
2019-07-16,3.06946782552596,3764.0
2019-07-17,3.32612670608351,2078.0
2019-07-18,3.50587751411533,2815.0
2019-07-19,3.38237285383903,3015.0
2019-07-20,3.36920952356027,2664.0
2019-07-21,3.12734813821595,2778.0
2019-07-22,3.06427727031805,2797.0
2019-07-23,2.9371534374045,2765.0
2019-07-24,3.05935030379423,2926.0
2019-07-25,3.13351758557168,2964.0
2019-07-26,3.13219739262617,2925.0
2019-07-27,2.98330643303971,6216.0
2019-07-28,3.09140403040066,2943.0
2019-07-29,3.066848158884,2861.0
2019-07-30,3.00149204734394,2862.0
2019-07-31,3.08037299835737,2815.0
2019-08-01,3.24265865849465,2943.0
2019-08-02,3.56926128289419,2930.0
2019-08-03,3.42500144077519,3019.0
2019-08-04,3.21382934083586,2478.0
2019-08-05,3.27603448461168,2731.0
2019-08-06,3.1431515777061,2675.0
2019-08-07,3.1823076982451,2700.0
2019-08-08,3.08982241602507,2581.0
2019-08-09,2.9281415695835,2523.0
2019-08-10,2.84820327440075,2380.0
2019-08-11,2.87937279601443,2589.0
2019-08-12,2.88701968692067,2675.0
2019-08-13,2.80505065293448,2137.0
2019-08-14,2.69923936434946,2499.0
2019-08-15,3.13266566696293,2744.0
2019-08-16,3.04078699212748,2580.0
2019-08-17,2.71465722402504,2441.0
2019-08-18,2.84272615710763,2453.0
2019-08-19,2.77746604087194,2546.0
2019-08-20,2.92137495652805,2404.0
2019-08-21,2.72461401847153,2415.0
2019-08-22,2.68487906876669,2456.0
2019-08-23,2.61659884929224,2518.0
2019-08-24,2.62527293635238,2471.0
2019-08-25,2.57201889964865,2185.0
2019-08-26,2.71022625146238,2126.0
2019-08-27,2.35996141906647,6446.0
2019-08-28,2.14429774860064,2402.0
2019-08-29,1.97422217719067,2235.0
2019-08-30,2.10122694297152,2272.0
2019-08-31,2.11025571986438,2264.0
2019-09-01,2.04287731689586,2859.0
2019-09-02,2.29423894751871,2287.0
2019-09-03,2.21215442688738,2239.0
2019-09-04,2.15949973562209,2276.0
2019-09-05,2.00726036707153,2226.0
2019-09-06,2.10415308136499,2223.0
2019-09-07,2.00445083030216,2135.0
2019-09-08,2.05525880398018,2189.0
2019-09-09,2.01620717048908,2108.0
2019-09-10,1.98043604205912,2227.0
2019-09-11,1.91826135567119,2217.0
2019-09-12,1.97838414026965,2025.0
2019-09-13,1.90321297338258,2243.0
2019-09-14,1.94799625158214,2349.0
2019-09-15,1.92114346424722,2365.0
2019-09-16,1.90151439414202,2438.0
2019-09-17,1.9350577347658,2501.0
2019-09-18,1.99806174221715,2436.0
2019-09-19,1.94648034501321,2467.0
2019-09-20,2.03245142152829,2517.0
2019-09-21,1.92085177123486,2514.0
2019-09-22,1.91351771324293,2429.0
2019-09-23,1.80342042822873,2389.0
2019-09-24,1.48996103522612,2482.0
2019-09-25,1.43030636362504,2549.0
2019-09-26,1.40919084697472,2484.0
2019-09-27,1.40767688570172,2481.0
2019-09-28,1.43406808895037,2380.0
2019-09-29,1.38487239722101,2587.0
2019-09-30,1.4313562464188,2473.0
2019-10-01,1.42149968832352,2390.0
2019-10-02,1.45361423078642,2376.0
2019-10-03,1.41238861061856,2352.0
2019-10-04,1.42265801006649,2025.0
2019-10-05,1.40410788471997,4613.0
2019-10-06,1.33260584369525,3640.0
2019-10-07,1.40410768439458,2349.0
2019-10-08,1.30592317176514,2395.0
2019-10-09,1.40467958012706,2431.0
2019-10-10,1.40795474432247,2321.0
2019-10-11,1.23006073460123,2270.0
2019-10-12,1.33354522788965,2369.0
2019-10-13,1.38787245717872,2372.0
2019-10-14,1.32092350014951,2362.0
2019-10-15,1.14420820719304,2310.0
2019-10-16,1.14337377022135,2336.0
2019-10-17,1.08705496534338,2269.0
2019-10-18,1.03467129840081,2128.0
2019-10-19,1.04611020149504,2238.0
2019-10-20,1.1051863475535,2177.0
2019-10-21,1.10692971230226,2162.0
2019-10-22,1.05276983431842,2241.0
2019-10-23,0.999343103594817,2275.0
2019-10-24,0.882530032483262,2391.0
2019-10-25,1.04386493766574,2401.0
2019-10-26,1.0722471368907,2277.0
2019-10-27,1.24467165501848,1749.0
2019-10-28,1.18904271564199,1865.0
2019-10-29,1.15171404529114,4985.0
2019-10-30,0.980059007263153,3014.0
2019-10-31,1.01318795765272,2312.0
2019-11-01,1.11767301267021,2380.0
2019-11-02,1.11826303936388,2110.0
2019-11-03,1.12714496378653,2252.0
2019-11-04,1.28856203408859,2498.0
2019-11-05,1.38222979607677,2499.0
2019-11-06,1.3603061664119,2331.0
2019-11-07,1.30504210983555,2342.0
2019-11-08,1.28355430218173,2318.0
2019-11-09,1.36572971174209,2340.0
2019-11-10,1.35098737702916,2388.0
2019-11-11,1.26826988233134,2332.0
2019-11-12,1.410757071016,2488.0
2019-11-13,1.68692102891469,3407.0
2019-11-14,1.61383310908742,2663.0
2019-11-15,1.54118935674003,2531.0
2019-11-16,1.54618061068344,2395.0
2019-11-17,1.61624614928089,2492.0
2019-11-18,1.37133424720972,3748.0
2019-11-19,1.40907072499603,3275.0
2019-11-20,1.33311028017482,2396.0
2019-11-21,1.18532417207532,2428.0
2019-11-22,1.13075335655573,2230.0
2019-11-23,1.28786597754528,2341.0
2019-11-24,1.15224742000805,2319.0
2019-11-25,1.1871935261213,2630.0
2019-11-26,1.31735046612942,2360.0
2019-11-27,1.27769296640145,2492.0
2019-11-28,1.21558156105168,4994.0
2019-11-29,1.34657016365967,2582.0
2019-11-30,1.41891121626022,2461.0
2019-12-01,1.40656990058053,2453.0
2019-12-02,1.35516897460898,2168.0
2019-12-03,1.14834833837084,2185.0
2019-12-04,1.31921469142238,2787.0
2019-12-05,1.27568107578703,2497.0
2019-12-06,1.23213879818392,2690.0
2019-12-07,1.29024578700321,2698.0
2019-12-08,1.15255757120252,2502.0
2019-12-09,1.28616927800036,2647.0
2019-12-10,1.27503237457714,2912.0
2019-12-11,1.18434839043254,3243.0
2019-12-12,1.19581864251125,2691.0
2019-12-13,1.20603764342052,2596.0
2019-12-14,1.15372465732253,2586.0
2019-12-15,1.16323402452721,2441.0
2019-12-16,1.10038487682351,2732.0
2019-12-17,0.992297571545001,1998.0
2019-12-18,1.08545045884786,1807.0
2019-12-19,1.00135300908982,6860.0
2019-12-20,1.05742607324135,2530.0
2019-12-21,1.04725694284186,2527.0
2019-12-22,1.08062466314389,2423.0
2019-12-23,1.04139409367376,2682.0
2019-12-24,1.0558782717178,2474.0
2019-12-25,1.04030656016313,2458.0
2019-12-26,1.06785634106909,2439.0
2019-12-27,1.05717301800312,2414.0
2019-12-28,1.07534451448161,2462.0
2019-12-29,1.08426463333518,2398.0
2019-12-30,1.04653989242664,2444.0
2019-12-31,1.03846377359762,2321.0
2020-01-01,1.03685975618012,2346.0
2020-01-02,0.991827577873117,2119.0
2020-01-03,1.03175834654173,2260.0
2020-01-04,0.998967183536049,2285.0
2020-01-05,1.07165961595482,2592.0
2020-01-06,1.03082344146663,2216.0
2020-01-07,1.05202294526828,1695.0
2020-01-08,1.00119423808856,2681.0
2020-01-09,0.966625647249476,1885.0
2020-01-10,1.05771958319466,2947.0
2020-01-11,1.03161701352003,2406.0
2020-01-12,1.01204196901499,2274.0
2020-01-13,1.01943243919055,4964.0
2020-01-14,1.0585019688511,2270.0
2020-01-15,1.14386816120359,2427.0
2020-01-16,1.12277202014034,2418.0
2020-01-17,1.18774901933298,2528.0
2020-01-18,1.19584526020742,3047.0
2020-01-19,1.1494507632301,2166.0
2020-01-20,1.16351351535505,2692.0
2020-01-21,1.16954645337667,2051.0
2020-01-22,1.2115599505717,2887.0
2020-01-23,1.11093978646448,2090.0
2020-01-24,1.13691159843826,2300.0
2020-01-25,1.19855041215983,1976.0
2020-01-26,1.2441140109423,1924.0
2020-01-27,1.03609480208321,2427.0
2020-01-28,1.17967923679311,2192.0
2020-01-29,1.19052775042548,2883.0
2020-01-30,1.22935872551259,2369.0
2020-01-31,1.17743319003733,2229.0
2020-02-01,1.22076213810509,2214.0
2020-02-02,1.23368273196305,2385.0
2020-02-03,1.13907555274989,4591.0
2020-02-04,1.10755871498794,2292.0
2020-02-05,1.21510598149056,2441.0
2020-02-06,1.15835433210774,2393.0
2020-02-07,1.40369619055148,2660.0
2020-02-08,1.35731232624671,2444.0
2020-02-09,1.48059704341042,2492.0
2020-02-10,1.38328179435993,2559.0
2020-02-11,1.4338518809071,2496.0
2020-02-12,1.51363231071799,2645.0
2020-02-13,1.45508048146514,2755.0
2020-02-14,1.4735199906216,2544.0
2020-02-15,1.33189872563097,2682.0
2020-02-16,1.24362067510474,2630.0
2020-02-17,1.19908352057054,2640.0
2020-02-18,1.26946305550066,2562.0
2020-02-19,1.18460239504917,2391.0
2020-02-20,1.16198073352381,2394.0
2020-02-21,1.18057288555015,2271.0
2020-02-22,1.15928178185553,2264.0
2020-02-23,1.17634560799907,2149.0
2020-02-24,1.13485192323845,2336.0
2020-02-25,1.06283399509824,2898.0
2020-02-26,0.96259056514269,2556.0
2020-02-27,0.994656798629816,3420.0
2020-02-28,1.0115563228862,2537.0
2020-02-29,0.990278722285409,2882.0
2020-03-01,0.971702854512378,2348.0
2020-03-02,1.01524206615029,2619.0
2020-03-03,1.00095189176827,2193.0
2020-03-04,0.989651781417,2168.0
2020-03-05,1.01500534730949,2492.0
2020-03-06,1.0130808366238,2273.0
2020-03-07,0.989794744085405,2226.0
2020-03-08,0.788467266575754,2241.0
2020-03-09,0.74895396792364,2361.0
2020-03-10,0.743067810863218,2199.0
2020-03-11,0.735841425390168,2483.0
2020-03-12,0.415955458436075,2723.0
2020-03-13,0.460303407569864,2326.0
2020-03-14,0.436754925956783,2311.0
2020-03-15,0.441834225953328,2309.0
2020-03-16,0.415889164871989,2228.0
2020-03-17,0.450515264436808,2431.0
2020-03-18,0.44641651613846,3665.0
2020-03-19,0.500806760223622,2593.0
2020-03-20,0.488136472576316,2255.0
2020-03-21,0.484152027885628,2228.0
2020-03-22,0.443826997566897,2327.0
2020-03-23,0.473743151006246,2281.0
2020-03-24,0.481800352489816,2070.0
2020-03-25,0.479256309031228,2217.0
2020-03-26,0.481428831371335,2273.0
2020-03-27,0.465056946257616,2096.0
2020-03-28,0.447443223815713,2332.0
2020-03-29,0.425376928883934,2269.0
2020-03-30,0.458821051831842,2436.0
2020-03-31,0.455410132572507,2228.0
2020-04-01,0.458887895555611,2392.0
2020-04-02,0.473230524222374,2389.0
2020-04-03,0.471598873910125,2488.0
2020-04-04,0.482113543635578,2507.0
2020-04-05,0.475303096072866,2537.0
2020-04-06,0.537848454628469,2568.0
2020-04-07,0.525083329987107,2657.0
2020-04-08,0.54528735525297,2666.0
2020-04-09,0.534634183297244,1895.0
2020-04-10,0.492848366462408,2668.0
2020-04-11,0.496914549434341,2102.0
2020-04-12,0.498664759790459,2348.0
2020-04-13,0.476955110766671,2355.0
2020-04-14,0.477011958181553,2333.0
2020-04-15,0.461167109328654,2278.0
2020-04-16,0.486536730367043,2317.0
2020-04-17,0.485511608944593,2287.0
2020-04-18,0.506150792025906,2322.0
2020-04-19,0.490822006668627,2203.0
2020-04-20,0.465910652736106,2257.0
2020-04-21,0.46317131619289,2138.0
2020-04-22,0.477989335657074,2100.0
2020-04-23,0.491347429182402,1912.0
2020-04-24,0.4949169941292,1665.0
2020-04-25,0.496767783982358,1711.0
2020-04-26,0.517740676310147,1643.0
2020-04-27,0.510944096272955,3923.0
2020-04-28,0.515273640954713,2227.0
2020-04-29,0.54931140085716,2120.0
2020-04-30,0.531945206207344,2291.0
2020-05-01,0.546192539048942,2190.0
2020-05-02,0.553835419262605,2221.0
2020-05-03,0.566991366499661,1928.0
2020-05-04,0.536776117016775,1924.0
2020-05-05,0.524655084853347,2008.0
2020-05-06,0.53254975230858,2015.0
2020-05-07,0.540730088791789,2419.0
2020-05-08,0.529392749603211,2111.0
2020-05-09,0.524609507934924,2009.0
2020-05-10,0.457045582191249,1869.0
2020-05-11,0.45145928360657,1945.0
2020-05-12,0.461894669034971,1876.0
2020-05-13,0.470990738874881,2105.0
2020-05-14,0.4844215002723,1970.0
2020-05-15,0.458520897349269,1908.0
2020-05-16,0.461401459876497,1881.0
2020-05-17,0.469196288867451,1927.0
2020-05-18,0.474798687670526,1846.0
2020-05-19,0.472743621637284,1909.0
2020-05-20,0.472378228196428,1898.0
2020-05-21,0.445729201208941,1885.0
2020-05-22,0.473536930703248,2060.0
2020-05-23,0.540658168123709,1881.0
2020-05-24,0.507105133789939,1682.0
2020-05-25,0.519396250732622,1908.0
2020-05-26,0.492404003077766,1785.0
2020-05-27,0.502775394337372,1836.0
2020-05-28,0.500285975221792,1779.0
2020-05-29,0.490673865087298,1847.0
2020-05-30,0.542844130410609,1904.0
2020-05-31,0.514841886119719,1767.0
2020-06-01,0.562125563414549,1764.0
2020-06-02,0.561826485825701,1885.0
2020-06-03,0.55328400203659,1896.0
2020-06-04,0.570634809801556,1894.0
2020-06-05,0.550561730563355,1823.0
2020-06-06,0.547635588432416,1765.0
2020-06-07,0.531934120910732,1838.0
2020-06-08,0.527859587395586,1753.0
2020-06-09,0.52169556400572,1794.0
2020-06-10,0.526602266237608,2000.0
2020-06-11,0.486229528997944,1868.0
2020-06-12,0.498873096973313,1782.0
2020-06-13,0.496717115801971,1818.0
2020-06-14,0.483482394365235,1684.0
2020-06-15,0.467147777487058,1718.0
2020-06-16,0.47116720556112,1759.0
2020-06-17,0.468701281090595,1664.0
2020-06-18,0.469286103994216,1694.0
2020-06-19,0.47899406998542,1699.0
2020-06-20,0.477761105739542,1642.0
2020-06-21,0.479037202563095,1629.0
2020-06-22,0.485538367869808,1646.0
2020-06-23,0.486489961337115,1641.0
2020-06-24,0.460937641589928,1609.0
2020-06-25,0.454000851483314,1660.0
2020-06-26,0.447599938310059,1656.0
2020-06-27,0.421379006727015,1799.0
2020-06-28,0.41279665572929,1827.0
2020-06-29,0.415359997266744,1876.0
2020-06-30,0.413567529098636,1913.0
2020-07-01,0.41736274287057,1853.0
2020-07-02,0.408463992698638,1842.0
2020-07-03,0.402564892850405,2201.0
2020-07-04,0.405478465448198,1796.0
2020-07-05,0.400645429079946,1703.0
2020-07-06,0.430091753415797,1818.0
2020-07-07,0.430949993785191,1782.0
2020-07-08,0.470585339922716,1695.0
2020-07-09,0.474628077185698,1723.0
2020-07-10,0.472636969273088,1638.0
2020-07-11,0.476531957471237,1596.0
2020-07-12,0.47122052449943,1626.0
2020-07-13,0.46757010309436,1705.0
2020-07-14,0.466254127039566,1497.0
2020-07-15,0.452969220063178,1040.0
2020-07-16,0.427639234131084,1303.0
2020-07-17,0.445532836749594,1087.0
2020-07-18,0.433007919343859,1007.0
2020-07-19,0.427001323298892,1049.0
2020-07-20,0.428319158522533,1118.0
2020-07-21,0.436419241791745,1058.0
2020-07-22,0.439954887077257,1237.0
2020-07-23,0.448497321451099,1822.0
2020-07-24,0.451885598294084,1510.0
2020-07-25,0.460609011810006,1212.0
2020-07-26,0.453156786371931,1230.0
2020-07-27,0.447906908946735,1333.0
2020-07-28,0.453588059177594,1350.0
2020-07-29,0.444150760823871,1240.0
2020-07-30,0.459606513066535,1171.0
2020-07-31,0.5160647448823,1123.0
2020-08-01,0.599357649939026,1395.0
2020-08-02,0.5592356876045,1182.0
2020-08-03,0.523530665835096,1231.0
2020-08-04,0.521409401486254,1103.0
2020-08-05,0.518698026931565,1047.0
2020-08-06,0.525769547867958,974.0
2020-08-07,0.5232067843832,1320.0
2020-08-08,0.547115296452764,1233.0
2020-08-09,0.591332984247935,1230.0
2020-08-10,0.652924012191538,1506.0
2020-08-11,0.646751475890274,1268.0
2020-08-12,0.639001195206705,1160.0
2020-08-13,0.623991291344886,1265.0
2020-08-14,0.615228679473965,1216.0
2020-08-15,0.604729470836996,1751.0
2020-08-16,0.605764563243403,1103.0
2020-08-17,0.629820474513471,1198.0
2020-08-18,0.587474135981032,1270.0
2020-08-19,0.551232078024767,1296.0
2020-08-20,0.558565039193474,1210.0
2020-08-21,0.552013357678128,1242.0
2020-08-22,0.550268885801336,1126.0
2020-08-23,0.549682138549139,1576.0
2020-08-24,0.551530418554778,1062.0
2020-08-25,0.519755593912323,1162.0
2020-08-26,0.535935662308135,1181.0
2020-08-27,0.499218053030067,1157.0
2020-08-28,0.517060359982625,1102.0
2020-08-29,0.508987535726458,1061.0
2020-08-30,0.5015597226622,1067.0
2020-08-31,0.496217527784054,1803.0
2020-09-01,0.491742483349468,1022.0
2020-09-02,0.453556409588358,1146.0
2020-09-03,0.394254279848644,1099.0
2020-09-04,0.401170469522421,1250.0
2020-09-05,0.379775936105448,970.0
2020-09-06,0.396519634675376,940.0
2020-09-07,0.376562596155579,929.0
2020-09-08,0.365174975542969,828.0
2020-09-09,0.367314463026035,945.0
2020-09-10,0.36731834394375,1197.0
2020-09-11,0.38619524087578,924.0
2020-09-12,0.385612872793711,861.0
2020-09-13,0.383584458686598,845.0
2020-09-14,0.365238626724495,829.0
2020-09-15,0.359214008490035,897.0
2020-09-16,0.359938964835617,899.0
2020-09-17,0.355231523391151,811.0
2020-09-18,0.35202196389203,1025.0
2020-09-19,0.359339208106745,964.0
2020-09-20,0.353592199716465,865.0
2020-09-21,0.33250568441416,840.0
2020-09-22,0.320155835693119,867.0
2020-09-23,0.30596031014617,924.0
2020-09-24,0.316902716971409,1010.0
2020-09-25,0.315437845683943,886.0
2020-09-26,0.316970641553907,712.0
2020-09-27,0.316202971439443,820.0
2020-09-28,0.31678579920246,630.0
2020-09-29,0.31648580113877,690.0
2020-09-30,0.310762321090053,981.0
2020-10-01,0.313094763698461,671.0
2020-10-02,0.30450175722284,722.0
2020-10-03,0.307314100922546,667.0
2020-10-04,0.305588462267553,615.0
2020-10-05,0.302229094519605,485.0
2020-10-06,0.293950516923956,527.0
2020-10-07,0.289684763919313,579.0
2020-10-08,0.301819295487137,584.0
2020-10-09,0.296749514282713,577.0
2020-10-10,0.315515083628267,498.0
2020-10-11,0.323844364077849,509.0
2020-10-12,0.332520187473423,1243.0
2020-10-13,0.308676469662856,548.0
2020-10-14,0.304819464132534,890.0
2020-10-15,0.289357676499888,608.0
2020-10-16,0.286711451284137,570.0
2020-10-17,0.278476552362615,556.0
2020-10-18,0.295057484921518,622.0
2020-10-19,0.286207614810822,555.0
2020-10-20,0.273490829467118,604.0
2020-10-21,0.278788093484027,564.0
2020-10-22,0.281385468827394,475.0
2020-10-23,0.279032180034565,579.0
2020-10-24,0.285607723294305,476.0
2020-10-25,0.273405256363611,563.0
2020-10-26,0.263712037382119,512.0
2020-10-27,0.271690408965838,536.0
2020-10-28,0.266646228145097,863.0
2020-10-29,0.264617410004144,551.0
2020-10-30,0.254889236220907,569.0
2020-10-31,0.253183615158095,534.0
2020-11-01,0.251776805016832,605.0
2020-11-02,0.239774924019207,596.0
2020-11-03,0.2266703672935409,618.0
2020-11-04,0.2236534660513546,495.0
2020-11-05,0.2293757595910307,703.0
2020-11-06,0.2486780955093992,538.0
2020-11-07,0.2297630259444474,480.0
2020-11-08,0.2403884871340294,166.0
2020-11-09,0.2348270803179597,153.0
2020-11-10,0.2733154276258626,365.0
2020-11-11,0.2726907762819536,385.0
2020-11-12,0.2587644617808456,408.0
2020-11-13,0.2575904482786412,373.0
2020-11-14,0.2476154996696475,376.0
2020-11-15,0.250036163965618,425.0
2020-11-16,0.2724389633150936,504.0
2020-11-17,0.2713294087714858,513.0
2020-11-18,0.2949627123957332,386.0
2020-11-19,0.2862581409317167,684.0
2020-11-20,0.274685392953687,456.0
2020-11-21,0.2992301000852595,446.0
2020-11-22,0.293245146752268,418.0
2020-11-23,0.3077062699992682,401.0
2020-11-24,0.3267901395235471,447.0
2020-11-25,0.317813895675655,1027.0
2020-11-26,0.2813156080040928,453.0
2020-11-27,0.292869919245171,429.0
2020-11-28,0.3151056363560008,385.0
2020-11-29,0.3216629691166187,368.0
2020-11-30,0.3319408549232859,1215.0
2020-12-01,0.3206024648330883,393.0
2020-12-02,0.2767013698866925,384.0
2020-12-03,0.2871938497373509,346.0
2020-12-04,0.2781840927034503,313.0
2020-12-05,0.281685569514398,285.0
2020-12-06,0.3130873533016841,285.0
2020-12-07,0.3164045333390314,383.0
2020-12-08,0.2707151935174814,344.0
2020-12-09,0.2972478642634083,929.0
2020-12-10,0.303461242331436,457.0
2020-12-11,0.328223510590128,418.0
2020-12-12,0.351267396466198,441.0
2020-12-13,0.381024233731795,451.0
2020-12-14,0.440984798864574,1102.0
2020-12-15,0.487682404826837,632.0
2020-12-16,0.533698993490073,599.0
2020-12-17,0.568966860390647,638.0
2020-12-18,0.57426980111017,556.0
2020-12-19,0.707530828244373,588.0
2020-12-20,0.856400979867515,1486.0
2020-12-21,0.727126877049321,766.0
2020-12-22,0.669119321468745,637.0
2020-12-23,0.497336281297025,570.0
2020-12-24,0.473806969029818,481.0
2020-12-25,0.440991771944792,414.0
2020-12-26,0.405994976210554,415.0
2020-12-27,0.364284688771373,439.0
2020-12-28,0.35355656165888,709.0
2020-12-29,0.283630888781629,743.0
2020-12-30,0.294511095277494,605.0
2020-12-31,0.294142593276104,492.0
2021-01-01,0.338468644704854,505.0
2021-01-02,0.351077813766547,459.0
2021-01-03,0.333206920597103,499.0
2021-01-04,0.380247826936641,1110.0
2021-01-05,0.373624484199444,455.0
2021-01-06,0.40736594771036,439.0
2021-01-07,0.408304845027717,396.0
2021-01-08,0.399612596241853,439.0
2021-01-09,0.432858465669696,404.0
2021-01-10,0.420474106836246,380.0
2021-01-11,0.423548995536963,429.0
2021-01-12,0.360205544155593,386.0
2021-01-13,0.370866331464226,399.0
2021-01-14,0.395727743219782,2194.0
2021-01-15,0.411844488410603,1194.0
2021-01-16,0.402397709074824,540.0
2021-01-17,0.426556279874059,534.0
2021-01-18,0.421551078037984,606.0
2021-01-19,0.465695146756465,588.0
2021-01-20,0.485633484909397,1616.0
2021-01-21,0.397629712064973,698.0
2021-01-22,0.422311341376974,669.0
2021-01-23,0.36639802889695,686.0
2021-01-24,0.363821724573877,672.0
2021-01-25,0.351108047476086,735.0
2021-01-26,0.507314546732259,846.0
2021-01-27,0.413541868113794,711.0
2021-01-28,0.453535632887639,786.0
2021-01-29,0.443853194578397,761.0
2021-01-30,0.4242586687438,759.0
2021-01-31,0.417930677522622,730.0
2021-02-01,0.453745854765015,494.0
2021-02-02,0.495924336150144,525.0
2021-02-03,0.494174900373183,520.0
2021-02-04,0.47943809914067,500.0
2021-02-05,0.499239684689515,678.0
2021-02-06,0.447871427623019,681.0
2021-02-07,0.439888034159237,602.0
2021-02-08,0.492258268537879,560.0
2021-02-09,0.584680463910694,544.0
2021-02-10,0.616652818379508,623.0
2021-02-11,0.653789194906173,625.0
2021-02-12,0.671441746104409,509.0
2021-02-13,0.854015191773167,510.0
2021-02-14,0.76357882626119,502.0
2021-02-15,0.7997474521199,534.0
2021-02-16,0.899791807434293,554.0
2021-02-17,0.916255170771715,533.0
2021-02-18,1.03287934809821,565.0
2021-02-19,0.918080150169026,605.0
2021-02-20,1.54646291190137,645.0
2021-02-21,1.26514888152801,697.0
2021-02-22,0.869059952485584,587.0
2021-02-23,0.437046818114624,657.0
2021-02-24,0.408028298559071,627.0
2021-02-25,0.404588132274716,552.0
2021-02-26,0.410489463439904,558.0
2021-02-27,0.41963539409978,440.0
2021-02-28,0.414228485568089,497.0
2021-03-01,0.438190977971673,481.0
2021-03-02,0.423351427380059,561.0
2021-03-03,0.521773554086423,556.0
2021-03-04,0.49058136906019,550.0
2021-03-05,0.446159119399725,538.0
2021-03-06,0.461743370390244,811.0
2021-03-07,0.467980333243159,695.0
2021-03-08,0.545830712534454,642.0
2021-03-09,0.549963548027143,686.0
2021-03-10,0.470997903759497,688.0
2021-03-11,0.560523854751011,620.0
2021-03-12,0.527719841352769,671.0
2021-03-13,0.574711240518984,706.0
2021-03-14,0.619477068715157,677.0
2021-03-15,0.622292421292701,552.0
2021-03-16,0.573023879183994,641.0
2021-03-17,0.643579620585775,618.0
2021-03-18,0.811752720566868,515.0
2021-03-19,0.661465614750257,392.0
2021-03-20,0.666250526260061,278.0
2021-03-21,0.68646815038587,251.0
2021-03-22,0.656916391283034,190.0
2021-03-23,0.61082765515808,3304.0
2021-03-24,0.505783318045907,3133.0
2021-03-25,0.752767546917235,3017.0
2021-03-26,0.620308502373519,3023.0
2021-03-27,0.634437692623012,2866.0
2021-03-28,0.749431687488996,459.0
2021-03-29,0.822544168009462,495.0
2021-03-30,0.738828327987775,548.0
2021-03-31,0.783543626774134,789.0
2021-04-01,0.711487357896886,681.0
2021-04-02,0.748109237175325,769.0
2021-04-03,0.766891164864868,761.0
2021-04-04,0.874681269062909,764.0
2021-04-05,1.06887638837357,654.0
2021-04-06,1.10817246358788,772.0
2021-04-07,1.02785396937973,646.0
2021-04-08,1.13007305155786,632.0
2021-04-09,1.08716516047921,506.0
2021-04-10,1.07186474752916,538.0
2021-04-11,1.30498564771087,529.0
2021-04-12,1.21853054616416,572.0
2021-04-13,1.23504102741695,862.0
2021-04-14,1.20573317519085,639.0
2021-04-15,1.17440085301017,706.0
2021-04-16,1.16824265137613,798.0
2021-04-17,1.10718860201725,440.0
2021-04-18,0.956680340006454,443.0
2021-04-19,0.887462059117794,565.0
2021-04-20,0.919500467736397,519.0
2021-04-21,0.834378056388977,607.0
2021-04-22,0.795559092554392,532.0
2021-04-23,0.803154897825151,992.0
2021-04-24,0.768898479579895,927.0
2021-04-25,0.890497331440062,808.0
2021-04-26,0.994850301311784,864.0
2021-04-27,0.936721950613392,863.0
2021-04-28,0.905181586098158,826.0
2021-04-29,0.900760690209468,870.0
2021-04-30,0.905532252154419,769.0
2021-05-01,0.894843617589658,746.0
2021-05-02,0.827647335109535,761.0
2021-05-03,0.907303599605897,771.0
2021-05-04,0.820975690726757,875.0
2021-05-05,0.886659948186348,881.0
2021-05-06,0.86318091477301,861.0
2021-05-07,0.878779251565894,861.0
2021-05-08,1.0102408363592,923.0
2021-05-09,0.918507534939364,778.0
2021-05-10,0.882787462434012,842.0
2021-05-11,0.858386594668722,811.0
2021-05-12,0.878006586476436,976.0
2021-05-13,0.737710243255117,889.0
2021-05-14,0.800663382441322,967.0
2021-05-15,0.762439336213727,727.0
2021-05-16,0.713837033360241,528.0
2021-05-17,0.625520468580025,544.0
2021-05-18,0.693504619341621,463.0
2021-05-19,0.446056670961946,447.0
2021-05-20,0.475045387549712,325.0
2021-05-21,0.380722726151899,224.0
2021-05-22,0.404863172086149,224.0
2021-05-23,0.317603600194312,219.0
2021-05-24,0.416261173652468,403.0
2021-05-25,0.393096548230221,232.0
2021-05-26,0.401033193676685,212.0
2021-05-27,0.401270659538726,239.0
2021-05-28,0.396326893044488,200.0
2021-05-29,0.390513074162288,183.0
2021-05-30,0.384361231226661,189.0
2021-05-31,0.394101117311608,167.0
2021-06-01,0.385150018711536,195.0
2021-06-02,0.39402220751612,183.0
2021-06-03,0.410912202165419,208.0
2021-06-04,0.396570086300022,152.0
2021-06-05,0.384106077725733,164.0
2021-06-06,0.385102332756296,125.0
2021-06-07,0.363866732676161,314.0
2021-06-08,0.356755660581115,163.0
2021-06-09,0.38586236468418,268.0
2021-06-10,0.379014812496006,226.0
2021-06-11,0.38081937031389,218.0
2021-06-12,0.370530393207943,208.0
2021-06-13,0.380638207571969,203.0
2021-06-14,0.390960080121032,232.0
2021-06-15,0.408164534271714,273.0
2021-06-16,0.396348733540723,210.0
2021-06-17,0.398905117582408,265.0
2021-06-18,0.374282402018872,232.0
2021-06-19,0.381171221642357,265.0
2021-06-20,0.371579438742226,250.0
2021-06-21,0.273362577009389,271.0
2021-06-22,0.234809488256269,245.0
2021-06-23,0.282227646149046,233.0
2021-06-24,0.279275381248516,239.0
2021-06-25,0.24696291979828,227.0
2021-06-26,0.244684340365132,130.0
2021-06-27,0.258434743575503,204.0
2021-06-28,0.247225252475664,247.0
2021-06-29,0.257448244092992,181.0
2021-06-30,0.254450549115319,113.0
2021-07-01,0.255923443226804,262.0
2021-07-02,0.242118158627328,238.0
2021-07-03,0.249927506846068,197.0
2021-07-04,0.249305276211007,244.0
2021-07-05,0.233190996067434,225.0
2021-07-06,0.242402827121826,231.0
2021-07-07,0.263542251572372,275.0
2021-07-08,0.272658672568981,241.0
2021-07-09,0.27891428736636,254.0
2021-07-10,0.271801484454663,252.0
2021-07-11,0.280118360753296,183.0
2021-07-12,0.313679891165107,270.0
2021-07-13,0.315303497495095,252.0
2021-07-14,0.323661754446471,272.0
2021-07-15,0.317553512893474,264.0
2021-07-16,0.310329981783751,247.0
2021-07-17,0.298069888646911,240.0
2021-07-18,0.290968156922484,258.0
2021-07-19,0.274391357473666,215.0
2021-07-20,0.252401358069793,220.0
2021-07-21,0.255683974987675,233.0
2021-07-22,0.260143384208401,216.0
2021-07-23,0.270121719168635,243.0
2021-07-24,0.276922875927369,260.0
2021-07-25,0.275956194800228,219.0
2021-07-26,0.281146527302136,337.0
2021-07-27,0.286322678260146,312.0
2021-07-28,0.286691944206724,246.0
2021-07-29,0.281058519226972,302.0
2021-07-30,0.307269795796342,271.0
2021-07-31,0.294452523110921,312.0
2021-08-01,0.287662577478855,235.0
2021-08-02,0.277690459879282,224.0
2021-08-03,0.287217641291759,268.0
2021-08-04,0.294429057617539,231.0
2021-08-05,0.300528700452654,240.0
2021-08-06,0.304472756080809,289.0
2021-08-07,0.322689619019401,295.0
2021-08-08,0.331332013405379,329.0
2021-08-09,0.349205804730788,302.0
2021-08-10,0.320375260427429,261.0
2021-08-11,0.319721661520879,242.0
2021-08-12,0.315834804784819,264.0
2021-08-13,0.337514086304535,273.0
2021-08-14,0.332064002764791,234.0
2021-08-15,0.347783741821539,279.0
2021-08-16,0.35057712722116,331.0
2021-08-17,0.348544383217313,330.0
2021-08-18,0.342532803967249,321.0
2021-08-19,0.334495123477881,279.0
2021-08-20,0.361956273345251,349.0
2021-08-21,0.353449537176866,293.0
2021-08-22,0.362045708306222,328.0
2021-08-23,0.361987670203537,344.0
2021-08-24,0.346277091450981,306.0
2021-08-25,0.352041084797676,377.0
2021-08-26,0.350246151966174,265.0
2021-08-27,0.352008668052525,278.0
2021-08-28,0.345484390903463,256.0
2021-08-29,0.34435481119015,274.0
2021-08-30,0.343340199212438,282.0
2021-08-31,0.339508113771156,299.0
2021-09-01,0.348785086882331,337.0
2021-09-02,0.357433550038511,313.0
2021-09-03,0.362891965223358,328.0
2021-09-04,0.364499020025116,261.0
2021-09-05,0.362495965238391,292.0
2021-09-06,0.369187889736698,394.0
2021-09-07,0.325847745252082,356.0
2021-09-08,0.330904995258656,324.0
2021-09-09,0.329321813537946,326.0
2021-09-10,0.309707944238678,308.0
2021-09-11,0.321455942667034,294.0
2021-09-12,0.319518826300249,295.0
2021-09-13,0.31834784252347,309.0
2021-09-14,0.341034797190678,339.0
2021-09-15,0.341987044510111,312.0
2021-09-16,0.345431375601963,297.0
2021-09-17,0.336738437725407,292.0
2021-09-18,0.347187375097228,256.0
2021-09-19,0.338084273814892,299.0
2021-09-20,0.300990028796094,266.0
2021-09-21,0.309433744723851,277.0
2021-09-22,0.315065849046119,254.0
2021-09-23,0.31831745063502,272.0
2021-09-24,0.291126697328705,252.0
2021-09-25,0.294873334186149,158.0
2021-09-26,0.299252027725618,252.0
2021-09-27,0.298752400131853,204.0
2021-09-28,0.298872450488983,610.0
2021-09-29,0.354532073332815,331.0
2021-09-30,0.355159458048472,308.0
2021-10-01,0.356659046484652,275.0
2021-10-02,0.360623506263989,262.0
2021-10-03,0.368619453930282,233.0
2021-10-04,0.369170874816672,284.0
2021-10-05,0.386745033892126,297.0
2021-10-06,0.415652875773995,371.0
2021-10-07,0.400848418998615,271.0
2021-10-08,0.391282997582394,300.0
2021-10-09,0.394978423371654,244.0
2021-10-10,0.402054405811324,332.0
2021-10-11,0.411336358761566,248.0
2021-10-12,0.404612505070485,276.0
2021-10-13,0.391657898888872,302.0
2021-10-14,0.385620728066581,296.0
2021-10-15,0.390596376195968,487.0
2021-10-16,0.363904163311547,380.0
2021-10-17,0.3706418432688,505.0
2021-10-18,0.383775270315906,513.0
2021-10-19,0.40674457480931,308.0
2021-10-20,0.405619430902946,538.0
2021-10-21,0.40191799802039,567.0
2021-10-22,0.417785078770144,623.0
2021-10-23,0.436821394154925,610.0
2021-10-24,0.453611203289006,598.0
2021-10-25,0.475856430684982,610.0
2021-10-26,0.452639366000202,651.0
2021-10-27,0.40081655684128,639.0
2021-10-28,0.447742885692713,991.0
2021-10-29,0.432014140652144,679.0
2021-10-30,0.406126951406223,605.0
2021-10-31,0.404277578597076,646.0
2021-11-01,0.416624519409323,702.0
2021-11-02,0.428710379842804,683.0
2021-11-03,0.413801694750378,696.0
2021-11-04,0.402977168393562,716.0
2021-11-05,0.411631100145612,675.0
2021-11-06,0.400473678071059,678.0
2021-11-07,0.434236796158048,711.0
2021-11-08,0.468979672423514,745.0
2021-11-09,0.450276450227726,709.0
2021-11-10,0.416359900424784,714.0
2021-11-11,0.409046813572308,727.0
2021-11-12,0.399474272657793,715.0
2021-11-13,0.398311396956492,701.0
2021-11-14,0.407729577803435,746.0
2021-11-15,0.391857227850665,717.0
2021-11-16,0.379169329244596,721.0
2021-11-17,0.374160601017754,735.0
2021-11-18,0.355638668334015,664.0
2021-11-19,0.361554350533834,723.0
2021-11-20,0.351623484550565,710.0
2021-11-21,0.35836359851401,158.0
2021-11-22,0.347869519594991,1308.0
2021-11-23,0.343111842703268,289.0
2021-11-24,0.34856809425881,1010.0
2021-11-25,0.364566618826238,565.0
2021-11-26,0.33232726309387,667.0
2021-11-27,0.338466180207686,568.0
2021-11-28,0.349382123375567,1020.0
2021-11-29,0.355101296493886,820.0
2021-11-30,0.355198408256561,175.0
2021-12-01,0.339884170777038,659.0
2021-12-02,0.352045002840253,714.0
2021-12-03,0.355685891667551,631.0
2021-12-04,0.309184290593298,669.0
2021-12-05,0.298339381032809,594.0
2021-12-06,0.295246318568946,720.0
2021-12-07,0.293630072087463,599.0
2021-12-08,0.300897602335729,673.0
2021-12-09,0.281363481990583,588.0
2021-12-10,0.26125398022616,683.0
2021-12-11,0.265879512350405,568.0
2021-12-12,0.267936301807511,1099.0
2021-12-13,0.243796318480991,183.0
2021-12-14,0.250522418591171,686.0
2021-12-15,0.242555012872742,600.0
2021-12-16,0.244491554815481,682.0
2021-12-17,0.229763919360291,588.0
2021-12-18,0.227119384089982,628.0
2021-12-19,0.226900059862865,596.0
2021-12-20,0.235857704366224,662.0
2021-12-21,0.243237568245591,578.0
2021-12-22,0.241525718354555,1133.0
2021-12-23,0.248493556764495,619.0
2021-12-24,0.24692289463141,193.0
2021-12-25,0.251435939435779,534.0
2021-12-26,0.248291475832554,645.0
2021-12-27,0.25280246832359,1052.0
2021-12-28,0.231392672781402,607.0
2021-12-29,0.221482462581496,123.0
2021-12-30,0.246563770107475,671.0
2021-12-31,0.226325722919106,609.0
2022-01-01,0.236946757336937,1064.0
2022-01-02,0.239089620835761,144.0
2022-01-03,0.245985404229421,1093.0
2022-01-04,0.295308023763413,125.0
2022-01-05,0.247355895465746,662.0
2022-01-06,0.2457292121347,1094.0
2022-01-07,0.236001042617034,133.0
2022-01-08,0.234892296706429,888.0
2022-01-09,0.233649874786556,300.0
2022-01-10,0.223607628699984,1104.0
2022-01-11,0.227620495255459,738.0
2022-01-12,0.236358369245888,724.0
2022-01-13,0.246178425656017,573.0
2022-01-14,0.248994583143084,664.0
2022-01-15,0.243803116367667,565.0
2022-01-16,0.246631422391228,639.0
2022-01-17,0.241066321858344,628.0
2022-01-18,0.24621396877734,628.0
2022-01-19,0.231718103135629,606.0
2022-01-20,0.227436544646472,131.0
2022-01-21,0.194764264650624,1116.0
2022-01-22,0.173664594470845,610.0
2022-01-23,0.179424785640256,546.0
2022-01-24,0.17446056104298,409.0
2022-01-25,0.177584830991374,781.0
2022-01-26,0.17697283141238,641.0
2022-01-27,0.163756371033438,564.0
2022-01-28,0.167730621495276,629.0
2022-01-29,0.179136301939451,520.0
2022-01-30,0.178213524137913,609.0
2022-01-31,0.17699900736138,534.0
2022-02-01,0.175807888855716,614.0
2022-02-02,0.171250239595049,533.0
2022-02-03,0.168043708571888,596.0
2022-02-04,0.174379711361815,568.0
2022-02-05,0.173905707474563,587.0
2022-02-06,0.176062539851142,572.0
2022-02-07,0.180678451013456,632.0
2022-02-08,0.173190594852828,599.0
2022-02-09,0.181632065640896,614.0
2022-02-10,0.175344593869273,581.0
2022-02-11,0.171816585138021,605.0
2022-02-12,0.164498333836933,557.0
2022-02-13,0.162505697889829,608.0
2022-02-14,0.169410505163714,581.0
2022-02-15,0.167625490420691,563.0
2022-02-16,0.17124272635291,678.0
2022-02-17,0.156714653661368,608.0
2022-02-18,0.146628691848909,589.0
2022-02-19,0.142636981004889,597.0
2022-02-20,0.139634794660267,560.0
2022-02-21,0.137845625040408,628.0
2022-02-22,0.126120045703597,599.0
2022-02-23,0.114313175658731,637.0
2022-02-24,0.107369831718189,561.0
2022-02-25,0.110837023833902,627.0
2022-02-26,0.116508600952769,567.0
2022-02-27,0.120746667888527,624.0
2022-02-28,0.155475429794777,603.0
2022-03-01,0.145665079470679,632.0
2022-03-02,0.162529947440143,580.0
2022-03-03,0.167587650575281,145.0
2022-03-04,0.1398075188428,986.0
2022-03-05,0.149883093156779,625.0
2022-03-06,0.136521320501492,572.0
2022-03-07,0.14115551667929,582.0
2022-03-08,0.143410937089162,573.0
2022-03-09,0.157447289379217,556.0
2022-03-10,0.155230447932057,571.0
2022-03-11,0.148151165658116,606.0
2022-03-12,0.146536796803755,580.0
2022-03-13,0.152101735158571,582.0
2022-03-14,0.160997966393832,606.0
2022-03-15,0.158771937474607,594.0
2022-03-16,0.159728198541896,567.0
2022-03-17,0.160459517202267,556.0
2022-03-18,0.165949289141606,566.0
2022-03-19,0.161655213267394,548.0
2022-03-20,0.161827282123079,548.0
2022-03-21,0.153043466494821,597.0
2022-03-22,0.157165574436772,534.0
2022-03-23,0.161771646169599,562.0
2022-03-24,0.159181833331474,555.0
2022-03-25,0.160214456567679,588.0
2022-03-26,0.158000022888844,529.0
2022-03-27,0.164733099869786,574.0
2022-03-28,0.165047414687586,550.0
2022-03-29,0.165483971768068,552.0
2022-03-30,0.162156013620016,449.0
2022-03-31,0.152018487452703,639.0
2022-04-01,0.163596678716789,540.0
2022-04-02,0.156454239080092,525.0
2022-04-03,0.15761888610117,537.0
2022-04-04,0.158714557683964,555.0
2022-04-05,0.153596850468955,515.0
2022-04-06,0.141606681142741,549.0
2022-04-07,0.140380447909914,526.0
2022-04-08,0.138273499682311,536.0
2022-04-09,0.1431113732232,514.0
2022-04-10,0.145678318850929,536.0
2022-04-11,0.134507640918333,520.0
2022-04-12,0.133950500747102,521.0
2022-04-13,0.138919087232968,446.0
2022-04-14,0.136247673984586,607.0
2022-04-15,0.138936470562436,528.0
2022-04-16,0.137377654359675,467.0
2022-04-17,0.134269092696923,544.0
2022-04-18,0.136392366209782,510.0
2022-04-19,0.138847974452252,541.0
2022-04-20,0.13426648833573,531.0
2022-04-21,0.131643947611042,531.0
2022-04-22,0.124777269978228,502.0
2022-04-23,0.124016121374455,377.0
2022-04-24,0.122670485870405,652.0
2022-04-25,0.123509878625064,590.0
2022-04-26,0.120993362168021,530.0
2022-04-27,0.12118552563687,527.0
2022-04-28,0.121745953349903,512.0
2022-04-29,0.116257564899356,529.0
2022-04-30,0.113453364489048,133.0
2022-05-01,0.115812510108566,117.0
2022-05-02,0.11195764759916,186.0
2022-05-03,0.109875356758964,178.0
2022-05-04,0.121337793402388,156.0
2022-05-05,0.112140520106439,532.0
2022-05-06,0.106770952311244,451.0
2022-05-07,0.111788282602639,506.0
2022-05-08,0.105132533279809,402.0
2022-05-09,0.0986160916274875,539.0
2022-05-10,0.0965233623828196,435.0
2022-05-11,0.0752252218509224,522.0
2022-05-12,0.0625453771668571,426.0
2022-05-13,0.0703962649135502,567.0
2022-05-14,0.0723158110698568,416.0
2022-05-15,0.0832592949279924,471.0
2022-05-16,0.0769428329544889,435.0
2022-05-17,0.0808040771302571,478.0
2022-05-18,0.0761709669681161,419.0
2022-05-19,0.0842415020276414,504.0
2022-05-20,0.0853122312847933,467.0
2022-05-21,0.0813902934025424,518.0
2022-05-22,0.083408107127557,498.0
2022-05-23,0.0817458126810358,529.0
2022-05-24,0.0856859410336034,527.0
2022-05-25,0.0887479535551221,187.0
2022-05-26,0.0813599063008797,875.0
2022-05-27,0.077143468903848,199.0
2022-05-28,0.0793244321370745,845.0
2022-05-29,0.0769925893780116,531.0
2022-05-30,0.0812471474852996,519.0
2022-05-31,0.0827402913856135,542.0
2022-06-01,0.07996671909393,539.0
2022-06-02,0.0791021150941249,507.0
2022-06-03,0.0774530079417452,509.0
2022-06-04,0.0770135738702096,628.0
2022-06-05,0.0783854991657073,753.0
2022-06-06,0.0786284768049627,550.0
2022-06-07,0.0725308718439603,539.0
2022-06-08,0.0743445177468803,495.0
2022-06-09,0.0739274139355358,517.0
2022-06-10,0.0715029701112446,512.0
2022-06-11,0.0722295837423506,531.0
2022-06-12,0.0724508609471049,525.0
2022-06-13,0.069483696447216,499.0
2022-06-14,0.0691454758284491,508.0
2022-06-15,0.0707989695230109,455.0
2022-06-16,0.0666027925684945,483.0
2022-06-17,0.0660216283618135,501.0
2022-06-18,0.0620814131344623,481.0
2022-06-19,0.0631445613826931,493.0
2022-06-20,0.0638120781661482,483.0
2022-06-21,0.0646538851166478,523.0
2022-06-22,0.0624779413942707,495.0
2022-06-23,0.0646440659662826,505.0
2022-06-24,0.0687535848838227,461.0
2022-06-25,0.0719188236994671,418.0
2022-06-26,0.0706656550136479,532.0
2022-06-27,0.0726268782018013,498.0
2022-06-28,0.0705967143072215,516.0
2022-06-29,0.0707558412776607,528.0
2022-06-30,0.0673391432772745,552.0
2022-07-01,0.070481647002896,455.0
2022-07-02,0.0682822457300584,257.0
2022-07-03,0.0692029995807351,695.0
2022-07-04,0.0717791666864383,517.0
2022-07-05,0.0666218797323679,526.0
2022-07-06,0.0665064296201259,500.0
2022-07-07,0.0707857233112222,531.0
2022-07-08,0.0690747792822995,542.0
2022-07-09,0.0693764955164397,536.0
2022-07-10,0.0668830611312933,521.0
2022-07-11,0.0669738727219164,538.0
2022-07-12,0.0640947459110719,516.0
2022-07-13,0.0701060029650238,487.0
2022-07-14,0.0687843571365885,564.0
2022-07-15,0.0693659606648351,477.0
2022-07-16,0.0708981009596862,547.0
2022-07-17,0.0692805581155962,522.0
2022-07-18,0.0730121013069206,533.0
2022-07-19,0.0752151305599198,528.0
2022-07-20,0.0721632363495717,572.0
2022-07-21,0.071944073419202,421.0
2022-07-22,0.0711084029345693,478.0
2022-07-23,0.072714363441631,574.0
2022-07-24,0.071948572576644,501.0
2022-07-25,0.0669675668451169,558.0
2022-07-26,0.0642143491364436,521.0
2022-07-27,0.0680457094253695,503.0
2022-07-28,0.0688659183459774,519.0
2022-07-29,0.0701186746965018,526.0
2022-07-30,0.0704194271387038,470.0
2022-07-31,0.0674496338259346,540.0
2022-08-01,0.0703042464364703,539.0
2022-08-02,0.0682715015102578,509.0
2022-08-03,0.0685462165030631,470.0
2022-08-04,0.0666017837324997,478.0
2022-08-05,0.0680741626949373,549.0
2022-08-06,0.068933868844145,507.0
2022-08-07,0.0676232871202279,506.0
2022-08-08,0.0695258484106064,539.0
2022-08-09,0.0683431807638069,543.0
2022-08-10,0.0688714916694315,502.0
2022-08-11,0.0690641729432718,499.0
2022-08-12,0.0697686840078837,487.0
2022-08-13,0.069290362392305,494.0
2022-08-14,0.0683443918251343,446.0
2022-08-15,0.067718360885356,659.0
2022-08-16,0.0677002991635494,558.0
2022-08-17,0.0666850878852,518.0
2022-08-18,0.0648063076117302,533.0
2022-08-19,0.0590593290638974,549.0
2022-08-20,0.0610412987235142,544.0
2022-08-21,0.0619156520201611,511.0
2022-08-22,0.0574221722606929,577.0
2022-08-23,0.058481470853019,535.0
2022-08-24,0.0587289029414763,530.0
2022-08-25,0.0570443224527928,494.0
2022-08-26,0.0551145929490326,564.0
2022-08-27,0.0553645005270336,528.0
2022-08-28,0.0549006033426877,535.0
2022-08-29,0.0575593356368351,548.0
2022-08-30,0.056541930739449,525.0
2022-08-31,0.0548159866509892,595.0
2022-09-01,0.0551866072903447,541.0
2022-09-02,0.0553289358020314,440.0
2022-09-03,0.05614902694313,539.0
2022-09-04,0.056606264271282,513.0
2022-09-05,0.0565076605872377,378.0
2022-09-06,0.056906053626817,448.0
2022-09-07,0.0625220205556438,595.0
2022-09-08,0.0686804967965792,547.0
2022-09-09,0.0652945834463943,1008.0
2022-09-10,0.0648647332313188,727.0
2022-09-11,0.0640618406766078,588.0
2022-09-12,0.0682451965357857,559.0
2022-09-13,0.0607821627472981,553.0
2022-09-14,0.071626405261371,583.0
2022-09-15,0.0629513473108052,516.0
2022-09-16,0.0649283418080253,589.0
2022-09-17,0.0688678038799986,587.0
2022-09-18,0.0688498167457443,497.0
2022-09-19,0.0730664547958587,555.0
2022-09-20,0.0693560972807165,603.0
2022-09-21,0.0650808341102295,568.0
2022-09-22,0.0651710687219697,539.0
2022-09-23,0.0651976895064563,521.0
2022-09-24,0.0635892662432986,540.0
2022-09-25,0.0615901197881312,546.0
2022-09-26,0.0621249266717664,562.0
2022-09-27,0.0617700669770473,519.0
2022-09-28,0.0622112098039265,421.0
2022-09-29,0.0605815146845112,202.0
2022-09-30,0.0601903134257142,665.0
2022-10-01,0.0606525910706293,487.0
2022-10-02,0.0583639307232556,525.0
2022-10-03,0.0582021096374749,333.0
2022-10-04,0.0586494311086491,584.0
2022-10-05,0.0589960278244856,461.0
2022-10-06,0.0594972887511507,532.0
2022-10-07,0.0574354318587972,478.0
2022-10-08,0.0549550281798244,526.0
2022-10-09,0.053701694762596,344.0
2022-10-10,0.0519319602582256,578.0
2022-10-11,0.0510490846405814,509.0
2022-10-12,0.0499785656471498,469.0
2022-10-13,0.0495830977305218,474.0
2022-10-14,0.0507306944761598,410.0
2022-10-15,0.0481889572672606,399.0
2022-10-16,0.0486681294709412,420.0
2022-10-17,0.0486141677154837,468.0
2022-10-18,0.0465111057200923,434.0
2022-10-19,0.0471718441177866,381.0
2022-10-20,0.0455604904606579,420.0
2022-10-21,0.0455008479102046,445.0
2022-10-22,0.0454792858231582,431.0
2022-10-23,0.0497675597852745,461.0
2022-10-24,0.04696527500581,493.0
2022-10-25,0.0472903987214822,396.0
2022-10-26,0.0492880206311617,188.0
2022-10-27,0.0487885461405893,674.0
2022-10-28,0.0483945885281298,408.0
2022-10-29,0.047593958488078,517.0
2022-10-30,0.0467584357054442,456.0
2022-10-31,0.0456585988985293,515.0
2022-11-01,0.0450034030610688,478.0
2022-11-02,0.0449582983915812,430.0
2022-11-03,0.0448969866089209,445.0
2022-11-04,0.0473352717804855,463.0
2022-11-05,0.0481760114900368,455.0
2022-11-06,0.0511986639186545,463.0
2022-11-07,0.0499306551828842,455.0
2022-11-08,0.0430437975950144,450.0
2022-11-09,0.0425498732060204,435.0
2022-11-10,0.0447982375663558,490.0
2022-11-11,0.0431237253707697,465.0
2022-11-12,0.0428201762047307,467.0
2022-11-13,0.0420572832148513,364.0
2022-11-14,0.0401844595546964,533.0
2022-11-15,0.0401978219500678,429.0
2022-11-16,0.0385325052871821,402.0
2022-11-17,0.0379687305103165,437.0
2022-11-18,0.0391929360927415,464.0
2022-11-19,0.0392295796166775,392.0
2022-11-20,0.0357905411371394,360.0
2022-11-21,0.0366626937173515,263.0
2022-11-22,0.0382383203262996,542.0
2022-11-23,0.0376718736022921,477.0
2022-11-24,0.0380198653617309,438.0
2022-11-25,0.0380850399181128,407.0
2022-11-26,0.0388425718498861,456.0
2022-11-27,0.038165415927811,268.0
2022-11-28,0.039451305697771,506.0
2022-11-29,0.0392439615853276,443.0
2022-11-30,0.0404976154912221,468.0
2022-12-01,0.0400766202115651,414.0
2022-12-02,0.0403452587934252,382.0
2022-12-03,0.040197332482798,388.0
2022-12-04,0.0436522293870826,382.0
2022-12-05,0.042048246862187,409.0
2022-12-06,0.0437034955599404,381.0
2022-12-07,0.0462805059591862,510.0
2022-12-08,0.0469751588644142,437.0
2022-12-09,0.0459784070569386,452.0
2022-12-10,0.0450943141150997,339.0
2022-12-11,0.0470210664456387,467.0
2022-12-12,0.0477960453271425,435.0
2022-12-13,0.0464324037054346,395.0
2022-12-14,0.0493467759978486,460.0
2022-12-15,0.0489650750725003,466.0
2022-12-16,0.0502383066923638,455.0
2022-12-17,0.0565044580065224,525.0
2022-12-18,0.0541755508737102,340.0
2022-12-19,0.0526079573482906,450.0
2022-12-20,0.0519727349080111,420.0
2022-12-21,0.0528740331046509,490.0
2022-12-22,0.0554570610267689,358.0
2022-12-23,0.0576911661070217,411.0
2022-12-24,0.0635141561604619,422.0
2022-12-25,0.0667564049516969,514.0
2022-12-26,0.0677101168238026,433.0
2022-12-27,0.0722195517086544,513.0
2022-12-28,0.0696757778126059,534.0
2022-12-29,0.0680928976205713,449.0
2022-12-30,0.0725869930582506,514.0
2022-12-31,0.074175757674143,471.0
2023-01-01,0.0749709554162065,451.0
2023-01-02,0.0761384614323464,429.0
2023-01-03,0.0746368443777923,420.0
2023-01-04,0.0746489363480518,772.0
2023-01-05,0.074022075084677,599.0
2023-01-06,0.0733303279462542,599.0
2023-01-07,0.0681495636468804,577.0
2023-01-08,0.0635628590939279,546.0
2023-01-09,0.0693735374443471,580.0
2023-01-10,0.0737788275636947,558.0
2023-01-11,0.0729274365331282,560.0
2023-01-12,0.0729776384259513,325.0
2023-01-13,0.0725984145382716,713.0
2023-01-14,0.0714053857203951,524.0
2023-01-15,0.0729038766944017,490.0
2023-01-16,0.0715628250695118,518.0
2023-01-17,0.0737392928018489,487.0
2023-01-18,0.0723433209007766,467.0
2023-01-19,0.0694659797678324,523.0
2023-01-20,0.0704457776327128,490.0
2023-01-21,0.0709803705810245,524.0
2023-01-22,0.0693956770711607,447.0
2023-01-23,0.0683181450189323,514.0
2023-01-24,0.0668020283596715,462.0
2023-01-25,0.067859516043722,463.0
2023-01-26,0.0695671255838705,448.0
2023-01-27,0.0687644077101945,427.0
2023-01-28,0.0684868032047947,460.0
2023-01-29,0.0680458738129446,411.0
2023-01-30,0.0653245010936077,537.0
2023-01-31,0.0651739983951803,445.0
2023-02-01,0.0639983198349974,465.0
2023-02-02,0.0654822070813094,453.0
2023-02-03,0.0677770102898615,454.0
2023-02-04,0.0679726733954708,430.0
2023-02-05,0.0662695064063974,457.0
2023-02-06,0.0678762356121574,496.0
2023-02-07,0.0679795203785685,422.0
2023-02-08,0.0641706924780312,431.0
2023-02-09,0.0624234761870792,425.0
2023-02-10,0.0601953383089135,412.0
2023-02-11,0.0629424203508037,420.0
2023-02-12,0.0614081512105886,433.0
2023-02-13,0.060627262430884,424.0
2023-02-14,0.0627397293649862,439.0
2023-02-15,0.0764241993693579,443.0
2023-02-16,0.0722272576897864,552.0
2023-02-17,0.0697718368362552,472.0
2023-02-18,0.0685055641173109,437.0
2023-02-19,0.0700974529671525,450.0
2023-02-20,0.0692551368680219,460.0
2023-02-21,0.0692587599063587,427.0
2023-02-22,0.0682638081946617,423.0
2023-02-23,0.0682841057134801,427.0
2023-02-24,0.0648315749427932,433.0
2023-02-25,0.0643019715574373,433.0
2023-02-26,0.0637801531006671,466.0
2023-02-27,0.0630984308577278,446.0
2023-02-28,0.0650209956520635,455.0
2023-03-01,0.0705951585430443,454.0
2023-03-02,0.0632672682183068,423.0
2023-03-03,0.0614313269441867,445.0
2023-03-04,0.0629349674028779,203.0
2023-03-05,0.0627333347525662,573.0
2023-03-06,0.0604501310331532,429.0
2023-03-07,0.0620801555845147,443.0
2023-03-08,0.0591994807806353,512.0
2023-03-09,0.0572096467719528,408.0
2023-03-10,0.05304692662342,434.0
2023-03-11,0.0507838838906889,411.0
2023-03-12,0.0529370281801705,462.0
2023-03-13,0.0640766319430172,449.0
2023-03-14,0.0674590088508267,500.0
2023-03-15,0.0636443167918645,412.0
2023-03-16,0.0653453079131396,595.0
2023-03-17,0.0673392418197169,410.0
2023-03-18,0.0673794690750831,473.0
2023-03-19,0.0733578596880376,442.0
2023-03-20,0.0749391386899934,541.0
2023-03-21,0.0707122058002804,501.0
2023-03-22,0.0697474480937564,496.0
2023-03-23,0.0738938678209091,459.0
2023-03-24,0.0728061960641846,479.0
2023-03-25,0.0733701594551228,431.0
2023-03-26,0.0730039805179187,445.0
2023-03-27,0.0695692855258136,441.0
2023-03-28,0.0708657527546653,454.0
2023-03-29,0.0726682351321421,434.0
2023-03-30,0.0722518746178756,459.0
2023-03-31,0.0724136758785121,428.0
2023-04-01,0.0725075955117999,516.0
2023-04-02,0.0740918333542909,518.0
2023-04-03,0.0719451300616213,489.0
2023-04-04,0.0731427304446097,461.0
2023-04-05,0.0709828224841026,471.0
2023-04-06,0.0699082107851703,500.0
2023-04-07,0.0669740128755855,455.0
2023-04-08,0.0685802562887121,417.0
2023-04-09,0.0681620104887561,493.0
2023-04-10,0.0681091701883922,442.0
2023-04-11,0.06936680296956,475.0
2023-04-12,0.0661850878809906,412.0
2023-04-13,0.0691965311526462,489.0
2023-04-14,0.0670303448509302,450.0
2023-04-15,0.0673133477231874,484.0
2023-04-16,0.0680121765067981,436.0
2023-04-17,0.0683496590770021,467.0
2023-04-18,0.069373908161543,486.0
2023-04-19,0.0672024125463881,420.0
2023-04-20,0.0643657136594642,468.0
2023-04-21,0.0617773605331936,436.0
2023-04-22,0.0621740161226782,493.0
2023-04-23,0.0609645791181014,457.0
2023-04-24,0.0592591074721162,468.0
2023-04-25,0.059006982438644,453.0
2023-04-26,0.0602740418590484,464.0
2023-04-27,0.0627635555865049,480.0
2023-04-28,0.062057407652207,477.0
2023-04-29,0.0624084855224698,495.0
2023-04-30,0.0597863141904824,524.0
2023-05-01,0.0603164715202297,497.0
2023-05-02,0.0598464159835355,246.0
2023-05-03,0.0588180826624266,733.0
2023-05-04,0.0581909582542134,491.0
2023-05-05,0.056852025314298,475.0
2023-05-06,0.0571342996868748,481.0
2023-05-07,0.0549448459892688,487.0
2023-05-08,0.0524591684876734,485.0
2023-05-09,0.0527633891036694,493.0
2023-05-10,0.0494136603601839,421.0
2023-05-11,0.0464018958776226,366.0
2023-05-12,0.044682658797486,373.0
2023-05-13,0.0445846477133643,436.0
2023-05-14,0.0454828402694395,427.0
2023-05-15,0.0448553503672243,427.0
2023-05-16,0.0432267043457446,393.0
2023-05-17,0.0423220351901671,492.0
2023-05-18,0.0427668964500338,433.0
2023-05-19,0.0442223338351834,488.0
2023-05-20,0.0433079939261908,426.0
2023-05-21,0.0433880917281445,478.0
2023-05-22,0.0428800426021273,456.0
2023-05-23,0.0430658907110491,500.0
2023-05-24,0.0415346067711154,457.0
2023-05-25,0.0409826403784445,435.0
2023-05-26,0.0396356237426253,477.0
2023-05-27,0.0393928843965805,492.0
2023-05-28,0.039260225278787,416.0
2023-05-29,0.0403034864459285,483.0
2023-05-30,0.0421878756582181,430.0
2023-05-31,0.0395598702979697,441.0
2023-06-01,0.0381031162899567,447.0
2023-06-02,0.0383304590569326,468.0
2023-06-03,0.0388363238839327,348.0
2023-06-04,0.0339509653834879,461.0
2023-06-05,0.0337372671618049,406.0
2023-06-06,0.0341072714567038,174.0
2023-06-07,0.0319605908599455,587.0
2023-06-08,0.0344923940194926,429.0
2023-06-09,0.0335448942536419,461.0
2023-06-10,0.0306436087477771,409.0
2023-06-11,0.0334905446832638,431.0
2023-06-12,0.0328138704286979,435.0
2023-06-13,0.0311937385091792,414.0
2023-06-14,0.0324501379671269,388.0
2023-06-15,0.030773095366923,379.0
2023-06-16,0.0386183250359987,348.0
2023-06-17,0.0370837052890185,391.0
2023-06-18,0.0355354040739009,368.0
2023-06-19,0.033879205826229,379.0
2023-06-20,0.0358914669363515,431.0
2023-06-21,0.0358281551451976,469.0
2023-06-22,0.036572049332991,266.0
2023-06-23,0.0384768806670495,633.0
2023-06-24,0.0375915454947645,400.0
2023-06-25,0.037708442987702,459.0
2023-06-26,0.0369924975737177,476.0
2023-06-27,0.0379747778765634,456.0
2023-06-28,0.0365447798855351,436.0
2023-06-29,0.0374018562693452,425.0
2023-06-30,0.0356887577541113,500.0
2023-07-01,0.0381223404179419,423.0
2023-07-02,0.0361402659903463,452.0
2023-07-03,0.0381898202280767,476.0
2023-07-04,0.0370856497495488,447.0
2023-07-05,0.0365233074609064,432.0
2023-07-06,0.036392848311839,456.0
2023-07-07,0.0355804071600463,455.0
2023-07-08,0.0370977595551655,462.0
2023-07-09,0.0353882950300862,491.0
2023-07-10,0.0355889231057449,397.0
2023-07-11,0.0356048379669938,382.0
2023-07-12,0.0370354467419507,335.0
2023-07-13,0.036577954525834,338.0
2023-07-14,0.037048144386585,440.0
2023-07-15,0.0388245756743749,409.0
2023-07-16,0.035880747286645,418.0
2023-07-17,0.0349068995887502,419.0
2023-07-18,0.0347068508715086,434.0
2023-07-19,0.0346890249444089,417.0
2023-07-20,0.0337840140492668,419.0
2023-07-21,0.0341587612817744,431.0
2023-07-22,0.0332525305194394,436.0
2023-07-23,0.0326116036003134,446.0
2023-07-24,0.0328467759240727,462.0
2023-07-25,0.0329246919771805,439.0
2023-07-26,0.0328126707574994,239.0
2023-07-27,0.03229167244116,543.0
2023-07-28,0.0325413083671165,430.0
2023-07-29,0.0325364337516769,442.0
2023-07-30,0.0322863164914417,434.0
2023-07-31,0.0314493639961181,470.0
2023-08-01,0.0315684302805352,462.0
2023-08-02,0.0307973626895858,423.0
2023-08-03,0.0296834848671922,406.0
2023-08-04,0.0295077393318408,403.0
2023-08-05,0.0301979503373761,432.0
2023-08-06,0.0289165491666733,426.0
2023-08-07,0.0273893085907281,418.0
2023-08-08,0.0372440337669685,469.0
2023-08-09,0.0335172222386242,510.0
2023-08-10,0.0316299576883802,416.0
2023-08-11,0.0320013069894698,420.0
2023-08-12,0.0342798488118977,432.0
2023-08-13,0.0328982024207187,438.0
2023-08-14,0.0323042896245316,486.0
2023-08-15,0.0313474100273741,445.0
2023-08-16,0.0304225465409413,433.0
2023-08-17,0.0292045969394254,433.0
2023-08-18,0.0305601300619913,436.0
2023-08-19,0.0292884596710775,413.0
2023-08-20,0.0294730136873475,454.0
2023-08-21,0.0283616808163202,424.0
2023-08-22,0.0280256094859236,483.0
2023-08-23,0.0298601348738941,411.0
2023-08-24,0.0305432823275464,447.0
2023-08-25,0.0294097373065501,395.0
2023-08-26,0.028034485139707,449.0
2023-08-27,0.0285618391054659,334.0
2023-08-28,0.0275696951411078,341.0
2023-08-29,0.0293995223169158,402.0
2023-08-30,0.0285620753438525,419.0
2023-08-31,0.027877526935953,453.0
2023-09-01,0.0264478155031869,443.0
2023-09-02,0.0278783883054191,446.0
2023-09-03,0.0280902873165775,415.0
2023-09-04,0.0273777563225463,439.0
2023-09-05,0.0266536490704668,418.0
2023-09-06,0.0273644324947658,457.0
2023-09-07,0.0271473828818083,467.0
2023-09-08,0.0273982593446777,450.0
2023-09-09,0.026583287591078,427.0
2023-09-10,0.0266138874526145,345.0
2023-09-11,0.0256655537454415,275.0
2023-09-12,0.0276312734302794,568.0
2023-09-13,0.0262724147995263,382.0
2023-09-14,0.0261918118256419,301.0
2023-09-15,0.0264495120959259,373.0
2023-09-16,0.0265611939969946,395.0
2023-09-17,0.0260581671961913,399.0
2023-09-18,0.0260556855908209,388.0
2023-09-19,0.0260531021059531,361.0
2023-09-20,0.0263259696694229,393.0
2023-09-21,0.0262533616069168,388.0
2023-09-22,0.0257149246280431,395.0
2023-09-23,0.0264238415175403,396.0
2023-09-24,0.0259951107840591,399.0
2023-09-25,0.0261416320714737,412.0
2023-09-26,0.0258284227568965,393.0
2023-09-27,0.0260513828399215,391.0
2023-09-28,0.026436040240479,374.0
2023-09-29,0.0264243871945793,384.0
2023-09-30,0.0267653973722885,373.0
2023-10-01,0.0269107301024896,409.0
2023-10-02,0.0266401460531453,403.0
2023-10-03,0.0278066042691225,387.0
2023-10-04,0.0286735784026435,388.0
2023-10-05,0.0276611220317098,405.0
2023-10-06,0.0280051525402452,424.0
2023-10-07,0.0265492433332537,397.0
2023-10-08,0.0274085643228602,421.0
2023-10-09,0.0263753013232424,402.0
2023-10-10,0.0259114721431643,411.0
2023-10-11,0.0253292747745226,392.0
2023-10-12,0.0251661237809478,362.0
2023-10-13,0.0255281943921094,357.0
2023-10-14,0.025397445038659,368.0
2023-10-15,0.0256317673836162,362.0
2023-10-16,0.0262912546346812,373.0
2023-10-17,0.0259079480946224,400.0
2023-10-18,0.0255666427886637,387.0
2023-10-19,0.0258828704366495,376.0
2023-10-20,0.0270105996778311,369.0
2023-10-21,0.0266646807601011,436.0
2023-10-22,0.0273782226669109,350.0
2023-10-23,0.0276260371245716,272.0
2023-10-24,0.0301496214688056,585.0
2023-10-25,0.0286591544866449,435.0
2023-10-26,0.0281251647505349,345.0
2023-10-27,0.0278322424790899,346.0
2023-10-28,0.0272224557216949,343.0
2023-10-29,0.0293026549058243,377.0
2023-10-30,0.0306556769591831,414.0
2023-10-31,0.0310205105236854,369.0
2023-11-01,0.0326693334973859,361.0
2023-11-02,0.0308250038901833,323.0
2023-11-03,0.0301852048868333,409.0
2023-11-04,0.0309270208096295,423.0
2023-11-05,0.0307987586357255,411.0
2023-11-06,0.0335236908103875,406.0
2023-11-07,0.0315553745007632,314.0
2023-11-08,0.0332570357733734,352.0
2023-11-09,0.0329046220819635,405.0
2023-11-10,0.0333324730783243,414.0
2023-11-11,0.03714244853833,438.0
2023-11-12,0.0385884629165337,454.0
2023-11-13,0.039273855095548,435.0
2023-11-14,0.0358608706167403,439.0
2023-11-15,0.0369557137331745,419.0
2023-11-16,0.035369718284051,366.0
2023-11-17,0.0339118244181427,391.0
2023-11-18,0.0338323448559977,410.0
2023-11-19,0.035896689193308,372.0
2023-11-20,0.0345343277572428,373.0
2023-11-21,0.0356690131322167,381.0
2023-11-22,0.0345986425222558,374.0
2023-11-23,0.0351631965080435,363.0
2023-11-24,0.0334084079774418,383.0
2023-11-25,0.0350409596691549,411.0
2023-11-26,0.0351174713147765,369.0
2023-11-27,0.0356488696039095,331.0
2023-11-28,0.0357431016416376,473.0
2023-11-29,0.0347561907784285,377.0
2023-11-30,0.0342642324109621,248.0
2023-12-01,0.0381893802231172,570.0
2023-12-02,0.0510095853720709,467.0
2023-12-03,0.0619306799156681,474.0
2023-12-04,0.0495709310705715,481.0
2023-12-05,0.0495151928221664,428.0
2023-12-06,0.055727594232922,467.0
2023-12-07,0.0476880831381531,448.0
2023-12-08,0.0512302699273642,460.0
2023-12-09,0.0490639660162642,389.0
2023-12-10,0.0496776810901024,417.0
2023-12-11,0.0472467091143578,427.0
2023-12-12,0.0516942620962515,392.0
2023-12-13,0.0523781532615485,419.0
2023-12-14,0.0519948950904388,378.0
2023-12-15,0.0479666279143662,284.0
2023-12-16,0.0497320977779595,533.0
2023-12-17,0.0494003430211524,422.0
2023-12-18,0.0501726982832398,221.0
2023-12-19,0.0518339496984859,580.0
2023-12-20,0.0545884454419471,411.0
2023-12-21,0.0545873387880649,461.0
2023-12-22,0.053409379290829,262.0
2023-12-23,0.0516829403292445,599.0
2023-12-24,0.0488788543014382,391.0
2023-12-25,0.051433497641666,423.0
2023-12-26,0.052307948138862,419.0
2023-12-27,0.0549373908390442,409.0
2023-12-28,0.0558089263334571,400.0
2023-12-29,0.0524492200438891,439.0
2023-12-30,0.0787427151486121,455.0
2023-12-31,0.0749501660137956,565.0
2024-01-01,0.0823780366998108,466.0
2024-01-02,0.0831248785780818,452.0
2024-01-03,0.0861453088809486,512.0
2024-01-04,0.0910625498521573,454.0
2024-01-05,0.0941409203522445,471.0
2024-01-06,0.0989968629768712,532.0
2024-01-07,0.0973137008705842,540.0
2024-01-08,0.0942648583747083,454.0
2024-01-09,0.0944410844601504,476.0
2024-01-10,0.0948414344303806,435.0
2024-01-11,0.0921456164869629,432.0
2024-01-12,0.0838712347987587,438.0
2024-01-13,0.0834659990996459,434.0
2024-01-14,0.0832777180488041,457.0
2024-01-15,0.0809355402458604,441.0
2024-01-16,0.0824516076868171,441.0
2024-01-17,0.0820750843998017,432.0
2024-01-18,0.0753811979846058,442.0
2024-01-19,0.0733465114643531,422.0
2024-01-20,0.0780596299495457,429.0
2024-01-21,0.0814931768979117,431.0
2024-01-22,0.0839785337218992,524.0
2024-01-23,0.0770150146546524,412.0
2024-01-24,0.0815379621003567,427.0
2024-01-25,0.0831372560942816,375.0
2024-01-26,0.0947567140708179,497.0
2024-01-27,0.0939948371393559,450.0
2024-01-28,0.0900119037327093,482.0
2024-01-29,0.0934249446898457,439.0
2024-01-30,0.0880296725671457,438.0
2024-01-31,0.0828575105427962,442.0
2024-02-01,0.0846436520941027,483.0
2024-02-02,0.0852229352295438,445.0
2024-02-03,0.0847972910631928,436.0
2024-02-04,0.0882276989325517,487.0
2024-02-05,0.0861882690648685,429.0
2024-02-06,0.0829761129967812,518.0
2024-02-07,0.0868140596530131,450.0
2024-02-08,0.0860883465297813,485.0
2024-02-09,0.0797264258535685,472.0
2024-02-10,0.0828432603732341,505.0
2024-02-11,0.082231415066688,471.0
2024-02-12,0.0814086629558299,472.0
2024-02-13,0.07585201625476,462.0
2024-02-14,0.0713547380977522,458.0
2024-02-15,0.070192074203646,245.0
2024-02-16,0.0751587719374592,525.0
2024-02-17,0.0745159256768468,423.0
2024-02-18,0.0759819389000749,267.0
2024-02-19,0.0736440359795605,508.0
2024-02-20,0.0682360621291322,326.0
2024-02-21,0.069980588721979,302.0
2024-02-22,0.0739561757866221,361.0
2024-02-23,0.0692886978728104,426.0
2024-02-24,0.0705386287422883,473.0
2024-02-25,0.06941023572268,416.0
2024-02-26,0.0675372758878514,405.0
2024-02-27,0.0721491629669916,483.0
2024-02-28,0.0731815187814541,477.0
2024-02-29,0.0694369236226138,465.0
2024-03-01,0.0773231083275337,464.0
2024-03-02,0.074338260312622,445.0
2024-03-03,0.0727091840459116,453.0
2024-03-04,0.0799608131721611,400.0
2024-03-05,0.0733257480918477,472.0
2024-03-06,0.0760345322110396,462.0
2024-03-07,0.0757212097359798,413.0
2024-03-08,0.0764729012484608,429.0
2024-03-09,0.0845637025969748,503.0
2024-03-10,0.0837419910391223,582.0
2024-03-11,0.081749605414402,492.0
2024-03-12,0.0804358936249712,445.0
2024-03-13,0.0768124924275143,483.0
2024-03-14,0.0701846300058538,468.0
2024-03-15,0.0696417491124634,364.0
2024-03-16,0.0685438361295999,407.0
2024-03-17,0.0731866978797498,365.0
2024-03-18,0.0661969813595963,453.0
2024-03-19,0.0624822279169232,440.0
2024-03-20,0.0668471252065048,378.0
2024-03-21,0.065312528911984,489.0
2024-03-22,0.0601984375027548,419.0
2024-03-23,0.0611338572169749,459.0
2024-03-24,0.0638737522401705,464.0
2024-03-25,0.0617857349497922,501.0
2024-03-26,0.0631689770676542,497.0
2024-03-27,0.0608476722797417,449.0
2024-03-28,0.0615051382791399,507.0
2024-03-29,0.0608367437898486,446.0
2024-03-30,0.0596590233265326,404.0
2024-03-31,0.0601985531918882,483.0
2024-04-01,0.0593734900826239,513.0
2024-04-02,0.0571418091417405,476.0
2024-04-03,0.0586128263084093,425.0
2024-04-04,0.0591545931721598,424.0
2024-04-05,0.0577463281719424,469.0
2024-04-06,0.0579825931424754,392.0
2024-04-07,0.0602094068770741,436.0
