time,Price,Velocity
2019-05-21,1.07254483085145,1.0
2019-05-22,1.12429653453068,1.0000000029411764
2019-05-23,1.11126167767368,1.0000000029411764
2019-05-24,1.2174379963394,1.0000000029411764
2019-05-25,1.33453140372923,1.0000000029411764
2019-05-26,1.47760908501921,1.0000000029411764
2019-05-27,1.40973239273419,1.0000000029411764
2019-05-28,1.45431024548927,1.0000000029411764
2019-05-29,1.50474961480359,1.0000000029411764
2019-05-30,1.40443869312823,1.0000000029411764
2019-05-31,1.48459011141721,1.0000000029411764
2019-06-01,1.40860141840815,1.0000000029411764
2019-06-02,1.44028596594894,1.0000000029411764
2019-06-03,1.42075583227741,1.0000000029411764
2019-06-04,1.46216300573473,1.0000000029411764
2019-06-05,1.48531107077415,1.0000000029411764
2019-06-06,1.64921794887202,1.030882355882353
2019-06-07,1.69146722468655,1.030882355882353
2019-06-08,1.72227963823014,1.030882355882353
2019-06-09,1.76339284776125,1.030882355882353
2019-06-10,1.91347298400948,1.030882355882353
2019-06-11,1.9174002236567,1.030882355882353
2019-06-12,1.96723449719487,1.0601709427058823
2019-06-13,1.95808376287366,1.0602941235294117
2019-06-14,1.92520133836081,1.0910860482941176
2019-06-15,1.91735411816591,1.2235968352941176
2019-06-16,1.8629504522448,1.223852311764706
2019-06-17,1.91171979977514,1.2240131147058824
2019-06-18,1.87067949476835,1.2242134294117648
2019-06-19,1.85820823358566,1.22612415573506
2019-06-20,1.89430620988405,1.2262420936748806
2019-06-21,1.83326290927971,1.2264242739449591
2019-06-22,1.83204285390099,1.2268476302592386
2019-06-23,1.85967783856543,1.2270150122483656
2019-06-24,1.89377162819418,1.227230332538148
2019-06-25,1.90988328433503,1.227406062124452
2019-06-26,1.87806425258227,1.229901282702569
2019-06-27,1.75435079858813,1.230460616305634
2019-06-28,1.83201003467894,1.230745850479827
2019-06-29,1.90075230067257,1.2309392438820312
2019-06-30,1.75286275877389,1.231097900726133
2019-07-01,1.7491893591603,1.2312971282864271
2019-07-02,1.7249695868613,1.2315315922705077
2019-07-03,1.70592487721473,1.2317311473233112
2019-07-04,1.78940620852638,1.2319022075774102
2019-07-05,1.75060922294052,1.2347916774788528
2019-07-06,1.70979913092414,1.23489239926046
2019-07-07,1.7102719268861,1.2349808172716046
2019-07-08,1.61507253428658,1.23530314294015
2019-07-09,1.56638271463472,1.235526275558001
2019-07-10,1.50547312989778,1.235836380250021
2019-07-11,1.50736086127199,1.2365060826669865
2019-07-12,1.50214007484834,1.2366497597174018
2019-07-13,1.42682265347453,1.236784938561542
2019-07-14,1.41415991119314,1.238104008613096
2019-07-15,1.44957318041743,1.242925832034639
2019-07-16,1.34932778631857,1.245586040017785
2019-07-17,1.35067758073074,1.2458776841414454
2019-07-18,1.32364549196104,1.246298909625352
2019-07-19,1.24172425120963,1.246629570012826
2019-07-20,1.2594124559996,1.246908889306212
2019-07-21,1.27261212788215,1.2470508103351994
2019-07-22,1.27326271671216,1.247202590041329
2019-07-23,1.29328127161017,1.2473170005534266
2019-07-24,1.31662165911975,1.2474591055793989
2019-07-25,1.28709992648473,1.2475947727882952
2019-07-26,1.27065188736316,1.2476858533730542
2019-07-27,1.30474582409282,1.247831409826334
2019-07-28,1.24649443636308,1.2479018069539316
2019-07-29,1.34883023335242,1.2483673856125372
2019-07-30,1.33819618929335,1.2484581703182742
2019-07-31,1.30456023703863,1.2485708269236315
2019-08-01,1.30482500398424,1.2486510318027544
2019-08-02,1.28798060912069,1.2487536813463045
2019-08-03,1.32239623525915,1.2488502263447363
2019-08-04,1.33176514494753,1.2489403581579477
2019-08-05,1.31004336137894,1.2491411499949654
2019-08-06,1.25335036220317,1.2493314800370607
2019-08-07,1.25600536055645,1.2495289978323283
2019-08-08,1.24416588274225,1.2496752873058532
2019-08-09,1.22721972028174,1.2498374183262129
2019-08-10,1.23473315919224,1.2502034892301412
2019-08-11,1.30867715999605,1.2502965709304923
2019-08-12,1.26369817589286,1.250362424044817
2019-08-13,1.22707252475911,1.2504626816275672
2019-08-14,1.24824714209365,1.250575166106713
2019-08-15,1.22296812287142,1.2507787201901526
2019-08-16,1.16316561702046,1.302255048388724
2019-08-17,1.19760556204955,1.3023777888173893
2019-08-18,1.30819453573523,1.3024625472526226
2019-08-19,1.32487980712916,1.3025728418065945
2019-08-20,1.30577355909661,1.3026488415917556
2019-08-21,1.19532656743426,1.3027731601286934
2019-08-22,1.21783564592873,1.302857131001386
2019-08-23,1.20070164162787,1.3029352786843853
2019-08-24,1.16346501317856,1.3030096585965938
2019-08-25,1.17757076981882,1.303097274929228
2019-08-26,1.18614450884971,1.303228320562866
2019-08-27,1.18611603901184,1.303317908785043
2019-08-28,1.15561133807588,1.3035060944675498
2019-08-29,1.12992096480184,1.3036406035864514
2019-08-30,1.12980811257198,1.303729499708214
2019-08-31,1.12835472483547,1.3037988827747582
2019-09-01,1.1519681161275,1.3038741009637618
2019-09-02,1.1508125538927,1.3040512070732553
2019-09-03,1.1328116110435,1.304202329585294
2019-09-04,1.10232501390999,1.3043402962230763
2019-09-05,1.0655304010958,1.30445303699403
2019-09-06,1.05746577848664,1.305157487821004
2019-09-07,1.07029036952506,1.3052391407539468
2019-09-08,1.06254256324261,1.3053290720431394
2019-09-09,1.04874514090678,1.3054688882596153
2019-09-10,1.05269987471168,1.305599173179436
2019-09-11,1.06441905314989,1.3057144765118376
2019-09-12,1.06837923885603,1.305804959691447
2019-09-13,1.05520983579521,1.3059051054284334
2019-09-14,1.05286628010611,1.305989189662401
2019-09-15,1.07061618468518,1.306068933352821
2019-09-16,1.07904845790086,1.3061872556749616
2019-09-17,1.10894223149817,1.3063272359669669
2019-09-18,1.10148696512344,1.3064801454106791
2019-09-19,1.0845396973142,1.306700176661823
2019-09-20,1.07502713603236,1.306808108528173
2019-09-21,1.0702269587281,1.3068926342744738
2019-09-22,1.0696050545345,1.3069613759548582
2019-09-23,1.05924991952059,1.307071413954366
2019-09-24,1.04927965602768,1.3075535931534237
2019-09-25,1.04250536250518,1.307802785100907
2019-09-26,1.03921594219548,1.3080268734924114
2019-09-27,1.04338910089807,1.3081592436630494
2019-09-28,1.04490524586589,1.3082578351569965
2019-09-29,1.03819719709894,1.3084048080497404
2019-09-30,1.03913568702385,1.3085699217296394
2019-10-01,1.02961079928778,1.3086878204385952
2019-10-02,1.03752916856213,1.3087663440037158
2019-10-03,1.04285330426558,1.3088766045018725
2019-10-04,1.03434023816611,1.3089464917277702
2019-10-05,1.03648695341464,1.3090158389960174
2019-10-06,0.964756668814725,1.3091014357080455
2019-10-07,0.950489630330821,1.3092446706619134
2019-10-08,0.962256625536694,1.3093147816271693
2019-10-09,0.970816671412404,1.3094728351486775
2019-10-10,0.986822339442602,1.3095659166880325
2019-10-11,1.00127545955569,1.309675838343074
2019-10-12,1.00799387581736,1.3097388164975936
2019-10-13,0.999078860925958,1.3098144970812706
2019-10-14,0.981010438939418,1.3099505176102506
2019-10-15,0.997993848681619,1.310022191767822
2019-10-16,0.974899846899264,1.3101318777507396
2019-10-17,1.01888587116006,1.310209297535027
2019-10-18,1.00144315143111,1.3102796680379385
2019-10-19,1.01019198964611,1.3103493524068182
2019-10-20,1.02040101348939,1.3104326610110109
2019-10-21,1.01027676184019,1.3104930497553593
2019-10-22,0.981650648888475,1.3105677100875637
2019-10-23,0.961715994709604,1.310776918320158
2019-10-24,0.957513972697271,1.310862198813893
2019-10-25,0.979832182904304,1.31106594780615
2019-10-26,0.988933337748527,1.3115194466026898
2019-10-27,0.998882007629944,1.3117007440961586
2019-10-28,0.963907459043594,1.31187372743508
2019-10-29,0.954324224652209,1.3120339635969722
2019-10-30,0.958219230912776,1.3121633654921263
2019-10-31,1.00117179070255,1.3122686214357533
2019-11-01,0.998422082344629,1.3123729167917364
2019-11-02,1.00778121226033,1.3124309577644204
2019-11-03,1.01291225105481,1.3125025215439083
2019-11-04,1.00886005825114,1.3126212943279565
2019-11-05,0.999826297237037,1.3127372151809868
2019-11-06,0.978887511662359,1.3128286619314316
2019-11-07,0.981564341327664,1.312939230939016
2019-11-08,0.989925631083005,1.3130898582412756
2019-11-09,0.97614682161867,1.313131220190611
2019-11-10,0.986017242537898,1.3132444084402806
2019-11-11,0.975966420191511,1.3136254932477716
2019-11-12,0.981700744023379,1.3137020896712213
2019-11-13,0.958526976567133,1.3137648023217026
2019-11-14,0.954825375401829,1.3138392866456114
2019-11-15,0.960440472937729,1.313932711251982
2019-11-16,0.968362856224977,1.31398734542004
2019-11-17,0.967887347207131,1.3140566718059468
2019-11-18,0.965982574118863,1.3141719691719658
2019-11-19,0.952914875047387,1.314257550968037
2019-11-20,0.953273146479486,1.31431869445982
2019-11-21,0.940801374744232,1.314451950638316
2019-11-22,0.940779943460885,1.314703508256613
2019-11-23,0.931825815122453,1.3147906293794678
2019-11-24,0.922193595401666,1.314897236708818
2019-11-25,0.907097941247429,1.3151407158446913
2019-11-26,0.909212497668573,1.3152355634333792
2019-11-27,0.913522965763744,1.3153965155612175
2019-11-28,0.915804704894374,1.316096530382518
2019-11-29,0.908885342561176,1.316203892459303
2019-11-30,0.918618185080325,1.316259567761174
2019-12-01,0.916518868680885,1.3163571479532223
2019-12-02,0.9140621141809,1.3164099743072668
2019-12-03,0.910577579550691,1.316447058360075
2019-12-04,0.909886215686207,1.316535736708862
2019-12-05,0.922215700084629,1.3166211245974897
2019-12-06,0.919106531310313,1.3166992036670857
2019-12-07,0.907379393835643,1.3167506667026412
2019-12-08,0.923875752152145,1.316807251877902
2019-12-09,0.906224482099036,1.316893877790977
2019-12-10,0.898081794920562,1.316944791919308
2019-12-11,0.897041968525186,1.3170007088596856
2019-12-12,0.8820512575,1.3170742773438222
2019-12-13,0.870210750951256,1.3171314352918395
2019-12-14,0.879699925618191,1.3171701213184517
2019-12-15,0.869862141703221,1.31720623285085
2019-12-16,0.859444478594389,1.31733008004354
2019-12-17,0.860288109230297,1.317478753355405
2019-12-18,0.87401902159354,1.3176437775395613
2019-12-19,0.840593057563043,1.3177496420542425
2019-12-20,0.853988132983143,1.3178102336556088
2019-12-21,0.852677237994312,1.3178102336556088
2019-12-22,0.874267347458276,1.3178102336556088
2019-12-23,0.824331077417446,1.3627481542009354
2019-12-24,0.813875991793317,1.3628325815019189
2019-12-25,0.811667828081721,1.3628705754281163
2019-12-26,0.829117336929983,1.362949173573023
2019-12-27,0.814829336351195,1.363024561803939
2019-12-28,0.810172498138956,1.3845760233355844
2019-12-29,0.820912594705143,1.3846438792657534
2019-12-30,0.811434788793007,1.3847166502282422
2019-12-31,0.815676044126254,1.384759803727172
2020-01-01,0.811845103176505,1.3847900939016895
2020-01-02,0.817856699589978,1.3848502197162929
2020-01-03,0.816254443817428,1.38495599593897
2020-01-04,0.843771687198983,1.3850029554062069
2020-01-05,0.848624945327785,1.3850698356024629
2020-01-06,0.868449160666815,1.3851822965115128
2020-01-07,0.889925178767604,1.385391076296835
2020-01-08,0.895195066139713,1.3855752536484929
2020-01-09,0.861448397472881,1.3856759421157665
2020-01-10,0.875623987181387,1.385837692738572
2020-01-11,0.853450959092496,1.3859747682022048
2020-01-12,0.866352429662776,1.386076853605298
2020-01-13,0.837242958106812,1.38616971801989
2020-01-14,0.897851469374004,1.3865772960144174
2020-01-15,0.883671806726768,1.3869494930487942
2020-01-16,0.859893233520456,1.387077862662948
2020-01-17,0.90626200793766,1.3873383290735948
2020-01-18,0.900764156530862,1.3875032917397168
2020-01-19,0.87997669764498,1.3877456010149385
2020-01-20,0.876660550805582,1.3879196967929046
2020-01-21,0.883165051227352,1.3880373303037858
2020-01-22,0.890387832802198,1.3881275887209703
2020-01-23,0.908703091623216,1.3882567280134284
2020-01-24,0.890670446985,1.3883467167401835
2020-01-25,0.89622092138351,1.3884262632959317
2020-01-26,0.887396042792051,1.388557532839759
2020-01-27,0.902103112646511,1.3887562643839144
2020-01-28,0.887113741424477,1.389047448231444
2020-01-29,0.897985841837507,1.3893752008891056
2020-01-30,0.88118389163384,1.3896598970151823
2020-01-31,0.871078609915329,1.3905929592357773
2020-02-01,0.872485085589638,1.3908213749085416
2020-02-02,0.894433099035097,1.391168314979673
2020-02-03,0.890535269022688,1.3915002311727271
2020-02-04,0.889175437915886,1.3922019868815734
2020-02-05,0.896594260446334,1.393036624216364
2020-02-06,0.900693350087668,1.3933072812889653
2020-02-07,0.9346269723823,1.393483731555287
2020-02-08,0.940414834470463,1.39365094568196
2020-02-09,0.96943831507185,1.3938069873523058
2020-02-10,0.996457664870301,1.3939624047953656
2020-02-11,1.03715668449717,1.3940322152235902
2020-02-12,1.0146,1.3942195773464985
2020-02-13,1.00291157802455,1.394522294247671
2020-02-14,0.985311499707773,1.3946580242893862
2020-02-15,0.971116382817066,1.394907175822917
2020-02-16,0.974685522188289,1.3951073558167943
2020-02-17,0.992662789952357,1.395389842905534
2020-02-18,0.98890777849211,1.3955535874193796
2020-02-19,0.992350965407396,1.3957622611466676
2020-02-20,0.9916,1.3960646053296062
2020-02-21,0.955318639592502,1.3962020504812431
2020-02-22,0.95221,1.396311320558584
2020-02-23,0.954791808007014,1.3964629411240257
2020-02-24,0.961616310507594,1.3966628574879327
2020-02-25,0.917119637638808,1.3968505074826476
2020-02-26,0.96568339333723,1.397201747449501
2020-02-27,0.953413612265425,1.3973871611348123
2020-02-28,0.960913902104033,1.3975110975231444
2020-02-29,0.960770979251536,1.3975723202808426
2020-03-01,0.968040981297487,1.397700062637481
2020-03-02,0.967968632378726,1.3978210021287942
2020-03-03,0.959,1.3979311267308665
2020-03-04,0.964908853302,1.39802801832
2020-03-05,0.974858095601901,1.3981656089231769
2020-03-06,0.978,1.3982775759048116
2020-03-07,0.978,1.398380409774602
2020-03-08,0.9952325460113,1.3986203948637634
2020-03-09,0.987915062425319,1.3991548909924936
2020-03-10,0.99283274843746,1.3991660452674437
2020-03-11,0.999938393921683,1.3991660452674437
2020-03-12,0.973636503658219,1.4457938599409643
2020-03-13,0.965002731573905,1.4481491967605855
2020-03-14,0.954883371778267,1.448401751241894
2020-03-15,0.959,1.4491645297132885
2020-03-16,0.933978865965231,1.449607791690921
2020-03-17,0.967730170075979,1.4498541857155671
2020-03-18,0.985777356924826,1.450055756584805
2020-03-19,0.995937779788837,1.450482603809
2020-03-20,0.998720958503799,1.4513509494172332
2020-03-21,1.00998106370544,1.4537704543776686
2020-03-22,1.02460558747403,1.4558128412109488
2020-03-23,1.02126622443016,1.4559409078021484
2020-03-24,1.02323014903565,1.4560852224841605
2020-03-25,1.02096974868498,1.4561815928743345
2020-03-26,1.02247713933061,1.4562649514588484
2020-03-27,1.01918408533022,1.4563503281762382
2020-03-28,1.018,1.4564634678567063
2020-03-29,1.0291147106955,1.4565271178282688
2020-03-30,1.05181594681473,1.456632284974808
2020-03-31,1.05333330216248,1.4566815625676452
2020-04-01,1.0569,1.456750854826618
2020-04-02,1.04928226767972,1.4569024147874687
2020-04-03,1.0425160490941,1.456989861151637
2020-04-04,1.04195090298071,1.4570527626565022
2020-04-05,1.04320452367037,1.4570886860277412
2020-04-06,1.04527875359455,1.4572106497366402
2020-04-07,1.02066311513735,1.4573260984520204
2020-04-08,1.02127615137347,1.4574125296892917
2020-04-09,1.02326400935126,1.4574807250051691
2020-04-10,1.03404804792519,1.4576522541787122
2020-04-11,1.0229660490941,1.4577076407143097
2020-04-12,1.02709953828171,1.457787005456285
2020-04-13,1.02167895967271,1.4579041632211278
2020-04-14,1.02273553769725,1.4579518650946026
2020-04-15,1.03727618351841,1.458007163753543
2020-04-16,1.04038270601987,1.4581503966436082
2020-04-17,1.04249722317818,1.458216958665762
2020-04-18,1.04000473407364,1.458279132915537
2020-04-19,1.04273691408533,1.4583469130899671
2020-04-20,1.0454830676838,1.4584369018167227
2020-04-21,1.04979785505552,1.4585053365207346
2020-04-22,1.05546343658679,1.4585703591862802
2020-04-23,1.056575028846,1.4587201888860617
2020-04-24,1.05773472238457,1.4588059504426036
2020-04-25,1.05800863237873,1.4588977300350192
2020-04-26,1.05865242545107,1.4589503226989773
2020-04-27,1.05981142606663,1.4590462415849492
2020-04-28,1.05723435417884,1.4591268093280534
2020-04-29,1.07043413363227,1.4593953058469904
2020-04-30,1.07219523866463,1.4597259220715706
2020-05-01,1.06056609546334,1.4598001536046992
2020-05-02,1.06529353594389,1.4598001536046992
2020-05-03,1.06323744593805,1.4598001536046992
2020-05-04,1.06597985973115,1.5056290543195188
2020-05-05,1.0629266277031,1.505715503738167
2020-05-06,1.05667543696433,1.505826413169691
2020-05-07,1.06481494328126,1.5060137995344356
2020-05-08,1.07062528569536,1.50616666249399
2020-05-09,1.07772994447691,1.5063004683399452
2020-05-10,1.0822885344937,1.5065818706065084
2020-05-11,1.08646291057861,1.5067557997218497
2020-05-12,1.08583278784337,1.5068157861458942
2020-05-13,1.08789079485681,1.5068909934129358
2020-05-14,1.08609128287551,1.5070680466949369
2020-05-15,1.08936552897517,1.5071797258047648
2020-05-16,1.0901,1.5072706054190057
2020-05-17,1.0913,1.5073766695134896
2020-05-18,1.09079968439509,1.5074861062534557
2020-05-19,1.09183001753361,1.507592124894496
2020-05-20,1.11630659458081,0.4773820057083228
2020-05-21,1.13089958503799,0.477526984010605
2020-05-22,1.13909279729582,0.4776197635787699
2020-05-23,1.14470147282291,0.4776885013057361
2020-05-24,1.14680438544172,0.477780038479788
2020-05-25,1.1484,0.4778443460111616
2020-05-26,1.1488,0.4779210774836637
2020-05-27,1.15386907656341,0.4780163600214315
2020-05-28,1.16968666460192,0.4781139455336524
2020-05-29,1.17386818619667,0.478201979762352
2020-05-30,1.1858847106955,0.4782928714975112
2020-05-31,1.19297389830508,0.4783779270105695
2020-06-01,1.20243240917138,0.478466646071146
2020-06-02,1.18809889538282,0.4787089856486629
2020-06-03,1.19956919929866,0.4787888352273654
2020-06-04,1.22252084745763,0.4788832086962701
2020-06-05,1.23488081410854,0.447140448193658
2020-06-06,1.25104431090409,0.4471986195102058
2020-06-07,1.24413823983003,0.4472732419429456
2020-06-08,1.24196808883694,0.4473245406988886
2020-06-09,1.24706813559322,0.4473811999308942
2020-06-10,1.25305676797195,0.4474328532236938
2020-06-11,1.25045607831677,0.417370641299075
2020-06-12,1.24812473497124,0.4173228046409901
2020-06-13,1.23820315604909,0.385641489860366
2020-06-14,1.17893456436572,0.2491600706699104
2020-06-15,1.15696056107539,0.2490115500292917
2020-06-16,1.13423324371712,0.2488864167002903
2020-06-17,1.13596984701575,0.2487208479882595
2020-06-18,1.1485770075979,0.2486341518180194
2020-06-19,1.16549646990064,0.2485439061277989
2020-06-20,1.17292311723142,0.2483936794679472
2020-06-21,1.1694401811806,0.2479989254048481
2020-06-22,1.1637480829924,0.2478932370588277
2020-06-23,1.16877364699006,0.2477394862420168
2020-06-24,1.18988217672242,0.2476612972291042
2020-06-25,1.21874466978375,0.2473275144146512
2020-06-26,1.23600762927122,0.2469466721353866
2020-06-27,1.24949898889538,0.2466992296513182
2020-06-28,1.25755641145529,0.2465467891784875
2020-06-29,1.2648650621861,0.2464290132468178
2020-06-30,1.27289464735687,0.2462620263873607
2020-07-01,1.25802555815313,0.2460469255432108
2020-07-02,1.25492172998247,0.2458977897659948
2020-07-03,1.23809678221392,0.2460915729453056
2020-07-04,1.23649016364699,0.2459483007455878
2020-07-05,1.18545296317943,0.2469229622234109
2020-07-06,1.22656881581474,0.2468950871418397
2020-07-07,1.23133851548802,0.2466101334462516
2020-07-08,1.23807408772272,0.2464597128517091
2020-07-09,1.22395392254891,0.2462108431295258
2020-07-10,1.22420222676797,0.2455475258824397
2020-07-11,1.21128982466394,0.2454170441982939
2020-07-12,1.12293176298259,0.2453030681744718
2020-07-13,1.13099073056692,0.2440162084732885
2020-07-14,1.13835892460549,0.2437243610054888
2020-07-15,1.16399359438925,0.2410426681028225
2020-07-16,1.17976985388662,0.2407942983685139
2020-07-17,1.19934603156049,0.2403977625304432
2020-07-18,1.16609663939217,0.2400910214844369
2020-07-19,1.16339707812581,0.2398372640019997
2020-07-20,1.18400973412066,0.2397380936797275
2020-07-21,1.18762688449204,0.2396624682410088
2020-07-22,1.192979372352,0.2395817005027547
2020-07-23,1.197,0.2395626736914506
2020-07-24,1.2038533988112,0.2394843401365888
2020-07-25,1.21728513150205,0.2394729746546398
2020-07-26,1.22986449444769,0.2394575023025903
2020-07-27,1.26166357370019,0.2395686870001661
2020-07-28,1.25910785698667,0.2392940441563455
2020-07-29,1.26098181376725,0.2393155830279411
2020-07-30,1.25379496135336,0.2392710083513553
2020-07-31,1.2710119219031,0.2393005773312414
2020-08-01,1.27904387819434,0.2393852146726227
2020-08-02,1.25192513663916,0.239541850267959
2020-08-03,1.2966805651708,0.2395897430458951
2020-08-04,1.26729767287482,0.2394677028909713
2020-08-05,1.27953219316378,0.2393888805600841
2020-08-06,1.28118971043119,0.2392978070111523
2020-08-07,1.28136901762052,0.2392411841419013
2020-08-08,1.28112905654484,0.2391492197054837
2020-08-09,1.27444483838763,0.2388163095971392
2020-08-10,1.26704672467242,0.238843251368011
2020-08-11,1.26727769100986,0.2389274462958789
2020-08-12,1.24208923103945,0.2389224373264434
2020-08-13,1.26623434482702,0.2388729961012106
2020-08-14,1.26066505406262,0.2388120036409577
2020-08-15,1.2762862093588,0.1932697440286833
2020-08-16,1.28364306191965,0.1932175240829591
2020-08-17,1.25509934788151,0.1932828164389343
2020-08-18,1.25287695072923,0.1933157095806297
2020-08-19,1.26171127443629,0.1933908956360646
2020-08-20,1.25938125890007,0.1933667568275205
2020-08-21,1.25699891438407,0.1934083012745628
2020-08-22,1.26823310404586,0.1934419489434145
2020-08-23,1.26840169631029,0.1934071740291726
2020-08-24,1.27509637453794,0.1933605297058085
2020-08-25,1.26169710589676,0.1933571116068834
2020-08-26,1.27500353924747,0.1933539662286172
2020-08-27,1.28034414505884,0.1932614199881272
2020-08-28,1.27501978777891,0.1931685070898624
2020-08-29,1.26570075678796,0.1931191991947296
2020-08-30,1.28127183322613,0.1931395168838192
2020-08-31,1.2682686174397,0.1931250535982077
2020-09-01,1.26965857345172,0.1930555552836261
2020-09-02,1.26210357963529,0.1930815516228803
2020-09-03,1.24140833563291,0.1931181961887507
2020-09-04,1.2224448217686,0.193207878862322
2020-09-05,1.19674036018881,0.1926572770635678
2020-09-06,1.21164868130911,0.1926710403661547
2020-09-07,1.19905850097191,0.1926800068153741
2020-09-08,1.20672637672028,0.1926312837545431
2020-09-09,1.20977028211392,0.1925512159993136
2020-09-10,1.15012963815508,0.1925247772465459
2020-09-11,1.22994958776063,0.1924746754312727
2020-09-12,1.23336784826438,0.1924414398733359
2020-09-13,1.22452371963388,0.1924537819982668
2020-09-14,1.1330206178844,0.1924326764494959
2020-09-15,1.14045851244036,0.1923764232682492
2020-09-16,1.16044831382826,0.1923263184227463
2020-09-17,1.20461377387288,0.1922268875007334
2020-09-18,1.20605729422429,0.1920705246260559
2020-09-19,1.22708551169264,0.1919932992261382
2020-09-20,1.23619471055728,0.1919736118247937
2020-09-21,1.2349894811472,0.1919876175457441
2020-09-22,1.24511533436367,0.1919148374925667
2020-09-23,1.22891694520899,0.1914804086340537
2020-09-24,1.23055684045274,0.191306115891167
2020-09-25,1.24601453164375,0.1911413198876699
2020-09-26,1.24601453164375,0.1910272953801751
2020-09-27,0.878032351297925,0.1909811752865221
2020-09-28,1.26413600198045,0.1909003711855134
2020-09-29,1.22108039506815,0.1907955949385856
2020-09-30,1.22108039506815,0.1907296571437177
2020-10-01,1.22108039506815,0.1907392569109117
2020-10-02,1.22108039506815,0.1906749506398107
2020-10-03,1.22108039506815,0.1906186186725958
2020-10-04,1.22108039506815,0.1905970525289343
2020-10-05,1.22108039506815,0.1905577868145088
2020-10-06,1.19833573348919,0.1904866885387281
2020-10-07,1.19650741087084,0.1904750736688877
2020-10-08,1.22838005552309,0.1903936988123266
2020-10-09,1.19748892460549,0.1903565239562861
2020-10-10,1.18738354763296,0.190308379669298
2020-10-11,1.18636880479252,0.1902909679703407
2020-10-12,1.18833753945061,0.1902787985684937
2020-10-13,1.18613912916423,0.1902079468261283
2020-10-14,1.18871737580362,0.1901724264754186
2020-10-15,1.18947718293396,0.1901294456995727
2020-10-16,1.17950855055523,0.1901088825618901
2020-10-17,1.19933220046756,0.1900760288131788
2020-10-18,1.21295054938632,0.1900441750402169
2020-10-19,1.22303940385739,0.1900160302682162
2020-10-20,1.21770863237873,0.1900319117012541
2020-10-21,1.24637054354179,0.1900632776072595
2020-10-22,1.25430180596143,0.1899883400306471
2020-10-23,1.256,0.1899559044536129
2020-10-24,1.25,0.1897997506647739
2020-10-25,1.26550728813559,0.18938716976127
2020-10-26,1.27829220923437,0.1892850207233565
2020-10-27,1.28883341320865,0.1892117588636818
2020-10-28,1.28399791934541,0.1891394727379201
2020-10-29,1.27517882524839,0.1890718652865736
2020-10-30,1.27043947983635,0.1890397115208869
2020-10-31,1.26979696668615,0.189023963417949
2020-11-01,1.26135877264757,0.189015963611954
2020-11-02,1.26142388077148,0.1890279299884215
2020-11-03,1.27681983635301,0.188965483018
2020-11-04,1.2681792811221508,0.188969652614
2020-11-05,1.2524788778492106,0.189037472181
2020-11-06,1.2807772589129167,0.189109315894
2020-11-07,1.29299195207481,0.189099346438
2020-11-08,1.2943999999999996,0.189192919927
2020-11-09,1.2966479251899474,0.189226734258
2020-11-10,1.2991,0.188839640615
2020-11-11,1.3025000000000009,0.188761836442
2020-11-12,1.3023627586206896,0.234550165679
2020-11-13,1.286890146113384,0.234516078627
2020-11-14,1.2742571887784924,0.234439513817
2020-11-15,1.2765809818819405,0.23440589645
2020-11-16,1.269736540035067,0.234466910122
2020-11-17,1.3058864874342488,0.23456509562
2020-11-18,1.2931480420806545,0.234720797905
2020-11-19,1.2716043015780245,0.234783253966
2020-11-20,1.2707181005260084,0.234839991984
2020-11-21,1.3045720514319112,0.234816650126
2020-11-22,1.3018716949152545,0.235000385064
2020-11-23,1.31497764465225,0.235092982818
2020-11-24,1.3191416773816482,0.235267887667
2020-11-25,1.3247417358270022,0.235442259196
2020-11-26,1.3416,0.236584534763
2020-11-27,1.3454,0.23606898666
2020-11-28,1.3529,0.236054211261
2020-11-29,1.3576357744009353,0.236148575639
2020-11-30,1.3642182700175336,0.23635690089
2020-12-01,1.3726321449444772,0.236691832161
2020-12-02,1.3646869023962596,0.236791635802
2020-12-03,1.3604000642898888,0.236849137437
2020-12-04,1.3624110111046177,0.236970692065
2020-12-05,1.3577983284628867,0.237042953949
2020-12-06,1.3539497136177676,0.237102997948
2020-12-07,1.348994570426651,0.237172517474
2020-12-08,1.3608875102279367,0.237230997874
2020-12-09,1.3762035067212155,0.237425968903
2020-12-10,1.3746131735827003,0.237458986284
2020-12-11,1.37776655172414,0.237524299852
2020-12-12,1.36798620689655,0.237595804178
2020-12-13,1.37582323787259,0.237648396842
2020-12-14,1.36482136762127,0.237702683405
2020-12-15,1.35895320864991,0.237716534584
2020-12-16,1.38017675043834,0.237643539384
2020-12-17,1.38303372296902,0.237979297908
2020-12-18,1.3786,0.238085934716
2020-12-19,1.37312005260082,0.238247970181
2020-12-20,1.3821291408533,0.23843290509
2020-12-21,1.3839362478083,0.238767418189
2020-12-22,1.37536696084161,0.193305621966
2020-12-23,1.38440378725891,0.193509474598
2020-12-24,1.38448348918761,0.249050760295
2020-12-25,1.38499663354763,0.249270667083
2020-12-26,1.38497632963179,0.24948963753
2020-12-27,1.3923,0.249878861424
2020-12-28,1.39294440093513,0.250079829278
2020-12-29,1.39319258328463,0.2502778669
2020-12-30,1.3941,0.250529994119
2020-12-31,1.39403182349503,0.250777736595
2021-01-01,1.3943,0.250970828882
2021-01-02,1.39394415546464,0.251306269232
2021-01-03,1.39512647574518,0.251911306075
2021-01-04,1.33784074225599,0.252697435495
2021-01-05,1.33004656341321,0.253147909419
2021-01-06,1.38345045002922,0.25371504718
2021-01-07,1.36740033313852,0.254385409711
2021-01-08,1.37353829339568,0.255056863124
2021-01-09,1.38683746347165,0.255327374746
2021-01-10,1.3854666277031,0.255873740284
2021-01-11,1.37713371127995,0.256953353496
2021-01-12,1.38400151957919,0.257465301686
2021-01-13,1.39062194038574,0.257464465343
2021-01-14,1.39482761542957,0.257406112213
2021-01-15,1.39433035651666,0.257277742599
2021-01-16,1.39472741087084,0.257017276188
2021-01-17,1.39540215663355,0.256852313522
2021-01-18,1.39510251899474,0.308024578119
2021-01-19,1.3957313559322,0.330725811072
2021-01-20,1.39688011689071,0.331114306371
2021-01-21,1.39141640561075,0.331673318087
2021-01-22,1.37378449444769,0.332149454144
2021-01-23,1.3974,0.332306266841
2021-01-24,1.38584628287551,0.332558030465
2021-01-25,1.374,0.332826894487
2021-01-26,1.38484901811806,0.333052242042
2021-01-27,1.3893507597896,0.333265010518
2021-01-28,1.39651129748685,0.333303332831
2021-01-29,1.39827725425626,0.333919610241
2021-01-30,1.39998345645548,0.33330507505
2021-01-31,1.40268986493509,0.333422427791
2021-02-01,1.4041040298883,0.333508602615
2021-02-02,1.4039,0.33353977078
2021-02-03,1.404,0.333224419419
2021-02-04,1.39794282415109,0.332763303499
2021-02-05,1.41180189947399,0.332886601236
2021-02-06,1.41515317942724,0.33317474993
2021-02-07,1.41734666277031,0.333450504817
2021-02-08,1.43976181180596,0.33376276829
2021-02-09,1.44859968439509,0.387417899933
2021-02-10,1.4580858414191,0.388877765554
2021-02-11,1.45989042665108,0.389217176437
2021-02-12,1.46253345996493,0.389486313493
2021-02-13,1.47557168322618,0.389867206086
2021-02-14,1.47739410870836,0.390105711295
2021-02-15,1.47890462302747,0.390420113536
2021-02-16,1.48056977206312,0.390774879348
2021-02-17,1.4767,0.391156971342
2021-02-18,1.4828,0.391428091147
2021-02-19,1.67721632580145,0.391626288042
2021-02-20,1.77119302746932,0.392090800639
2021-02-21,1.79296074225599,0.392533025186
2021-02-22,1.85101375615721,0.393355976556
2021-02-23,1.9548915644921,0.393848497921
2021-02-24,1.92561316189363,0.394116854879
2021-02-25,1.96435831214899,0.452516392272
2021-02-26,2.02673284712963,0.452870755033
2021-02-27,2.04413944998305,0.452994218541
2021-02-28,1.90865187025132,0.453308952324
2021-03-01,2.09518686148451,0.453492294853
2021-03-02,1.92453938047925,0.453623598346
2021-03-03,1.93380444769141,0.453804074016
2021-03-04,1.92154718293396,0.454020196912
2021-03-05,1.87920540619521,0.454180945854
2021-03-06,1.92397405610754,0.454299468741
2021-03-07,1.8693953310075,0.454377881591
2021-03-08,1.92471306253653,0.454357287004
2021-03-09,1.98007001339436,0.454093805658
2021-03-10,2.01986691992987,0.454409816852
2021-03-11,2.05700286966686,0.454742158097
2021-03-12,2.04609576271186,0.405048343128
2021-03-13,2.00056715632906,0.402891625725
2021-03-14,2.01482478446187,0.402910335075
2021-03-15,2.04468451782583,0.402531233457
2021-03-16,2.04956332554062,0.402514701881
2021-03-17,2.10902872589129,0.402662744976
2021-03-18,2.11689274108708,0.402919322454
2021-03-19,2.0945922150789,0.402709944155
2021-03-20,2.10659289888954,0.402021166388
2021-03-21,2.11832104032729,0.39945049649
2021-03-22,2.11466652250146,0.397259708308
2021-03-23,2.10532976037405,0.455309090781
2021-03-24,2.09946133255406,0.455386235971
2021-03-25,2.11238141437756,0.455685377546
2021-03-26,2.12099305669199,0.455819781928
2021-03-27,2.1305023962595,0.455924110283
2021-03-28,2.12543590882525,0.455957134431
2021-03-29,2.11048741087084,0.456160252445
2021-03-30,2.07174157218001,0.456284941357
2021-03-31,2.02704500292227,0.456522926499
2021-04-01,2.02773118644068,0.456714047256
2021-04-02,2.01159797194623,0.456828331611
2021-04-03,2.00421569257744,0.457005943671
2021-04-04,1.98377156633548,0.457229828542
2021-04-05,2.02155245470485,0.457510033239
2021-04-06,2.08585007013442,0.457777184295
2021-04-07,2.08279088252484,0.458075168724
2021-04-08,2.1000672063121,0.45822878627
2021-04-09,2.09057394506137,0.458371810735
2021-04-10,2.11200385739334,0.458609604104
2021-04-11,2.11183068381064,0.458836765387
2021-04-12,2.11425641145529,0.459038934282
2021-04-13,2.12764301578025,0.45938626641
2021-04-14,2.16975819403857,0.459940174985
2021-04-15,2.25179144944477,0.459930027211
2021-04-16,2.24958014026885,0.459776386912
2021-04-17,2.26102673290473,0.459704988444
2021-04-18,2.17471925774401,0.517175430658
2021-04-19,1.95322057276447,0.519653207138
2021-04-20,2.18184937463472,0.520005858689
2021-04-21,2.19343455873758,0.520285712341
2021-04-22,2.22004748030781,0.520605237226
2021-04-23,2.28426357685564,0.521107487063
2021-04-24,2.2467709760374,0.52123364841
2021-04-25,2.29132646990064,0.521353695739
2021-04-26,2.29636110461718,0.521673870705
2021-04-27,2.34142291642315,0.521827445996
2021-04-28,2.30601749269433,0.521996187691
2021-04-29,2.32985724137931,0.521960833
2021-04-30,2.40660232423843,0.521864097599
2021-05-01,2.4556109585038,0.52199522232
2021-05-02,2.46480027469316,0.522134102514
2021-05-03,2.50234862653419,0.522427539623
2021-05-04,2.52486340082777,0.473716215813
2021-05-05,2.94563185856224,0.473780482885
2021-05-06,2.9264132565398,0.473661514692
2021-05-07,2.86864306838106,0.473460512694
2021-05-08,3.0074412565751,0.473296542598
2021-05-09,2.94242657510228,0.47315301432
2021-05-10,3.50881052016365,0.534329928722
2021-05-11,3.76239718293396,0.534494435135
2021-05-12,3.87739697253068,0.534745083869
2021-05-13,3.3703357607065,0.535054652754
2021-05-14,3.32086021984109,0.535076593009
2021-05-15,3.72196686148451,0.535205107652
2021-05-16,3.59572790181181,0.535440840262
2021-05-17,3.28001088836937,0.535781479799
2021-05-18,2.83786008766803,0.535934392006
2021-05-19,2.8280966277031,0.536472607611
2021-05-20,2.9367512565751,0.536682333704
2021-05-21,2.58480936896196,0.53652681792
2021-05-22,2.46402025568747,0.536427296919
2021-05-23,2.50130581531268,0.536353564658
2021-05-24,2.36200972530684,0.536255376325
2021-05-25,2.26723955004485,0.666999201233
2021-05-26,2.16631279953244,0.667182729035
2021-05-27,2.07305861674704,0.667324810882
2021-05-28,2.1284242200482,0.667523722867
2021-05-29,2.08260379737416,0.667667585937
2021-05-30,2.27749345357523,0.667832011091
2021-05-31,2.40889421119759,0.667934893014
2021-06-01,2.67471692347313,0.667965823899
2021-06-02,2.74336870193407,0.667828256869
2021-06-03,2.88770731241621,0.667873053996
2021-06-04,2.72081297843676,0.667920782991
2021-06-05,2.61069810404647,0.667969058055
2021-06-06,2.50841850571166,0.668012759794
2021-06-07,2.46685803039158,0.668073740704
2021-06-08,2.58149365810932,0.668261546044
2021-06-09,2.46069142469627,0.668447758684
2021-06-10,2.36339028308487,0.668557547724
2021-06-11,2.41030847190014,0.668578499856
2021-06-12,2.39202579840664,0.668649300249
2021-06-13,2.7658234613252,0.671289161371
2021-06-14,2.47964750381764,0.671466256269
2021-06-15,2.3778464724129,0.671452325019
2021-06-16,2.55774991691213,0.671535025156
2021-06-17,2.53938557034703,0.671631555782
2021-06-18,2.6520460016762,0.671794365482
2021-06-19,2.58381997409653,0.671901141394
2021-06-20,2.57375137165135,0.672047058722
2021-06-21,2.48101797875974,0.672108202152
2021-06-22,2.47231189947399,0.672071105243
2021-06-23,2.42726987298262,0.672172713006
2021-06-24,2.39887265341905,0.672214571763
2021-06-25,2.36057230760162,0.672482424908
2021-06-26,2.14122317942723,0.672561822631
2021-06-27,2.08223745178258,0.672855175229
2021-06-28,2.40021048978538,0.673067712925
2021-06-29,2.32309196900023,0.673158594341
2021-06-30,2.45155508530748,0.673218889414
2021-07-01,2.38204823115259,0.673341173024
2021-07-02,2.33015579135829,0.673424266461
2021-07-03,2.35404890392324,0.673137508942
2021-07-04,2.39749643312257,0.67323644812
2021-07-05,2.53772642191296,0.672275360614
2021-07-06,2.6843549324649,0.672356263276
2021-07-07,2.73501801495052,0.672411526717
2021-07-08,2.87980784131614,0.672597463072
2021-07-09,2.90545180596143,0.672696551769
2021-07-10,2.89971078299633,0.672835152428
2021-07-11,2.90927178758057,0.672875164954
2021-07-12,2.92903294175724,0.672968191639
2021-07-13,2.92067572525869,0.672994727972
2021-07-14,2.94012212747306,0.673073950173
2021-07-15,2.88341578755645,0.673142059228
2021-07-16,2.93725350314594,0.673187525939
2021-07-17,2.92063375604843,0.673289175958
2021-07-18,2.9678033406984,0.673379342283
2021-07-19,3.02625678310513,0.673496005937
2021-07-20,3.19139953869274,0.675284689961
2021-07-21,2.57966274880784,0.675341237314
2021-07-22,2.74053717161354,0.675409625904
2021-07-23,2.78494419595571,0.675356823022
2021-07-24,2.87543421580768,0.67542082031
2021-07-25,2.74440990002778,0.675381142576
2021-07-26,2.7867300871414,0.675521930761
2021-07-27,2.82643007784594,0.675515572962
2021-07-28,3.10833647530828,0.675488458056
2021-07-29,2.78245229003504,0.675473896227
2021-07-30,3.02868669406574,0.675529156418
2021-07-31,3.06493819083506,0.675587540252
2021-08-01,3.12741447186097,0.67556690341
2021-08-02,3.09100414667718,0.675474913605
2021-08-03,2.99875538296962,0.675467460419
2021-08-04,2.9993502567727,0.675508077521
2021-08-05,2.99682235669635,0.675570192823
2021-08-06,3.00235772302619,0.67562486794
2021-08-07,3.00353966782509,0.6757551118
2021-08-08,3.00593357341644,0.675888398042
2021-08-09,2.97377911309944,0.676087479048
2021-08-10,2.99299543916033,0.6761535696
2021-08-11,2.88540371522458,0.6761678974
2021-08-12,2.95197065735635,0.676277871713
2021-08-13,2.97669574707981,0.676418318605
2021-08-14,2.9925355550035,0.676456289874
2021-08-15,2.99356242286863,0.676492951229
2021-08-16,2.99778122226375,0.676657600661
2021-08-17,2.97857924717656,0.676729730471
2021-08-18,2.97997637969821,0.676792070051
2021-08-19,2.98146204154368,0.676846478635
2021-08-20,2.96522143796331,0.676959518084
2021-08-21,2.99550600044576,0.676989389336
2021-08-22,2.97380920458455,0.676991368835
2021-08-23,2.99842560896635,0.677184972903
2021-08-24,2.87956714884811,0.67735683174
2021-08-25,2.9519842920626,0.677403549858
2021-08-26,2.93417781025997,0.677504835831
2021-08-27,2.97822676902548,0.677566284799
2021-08-28,2.98935841644246,0.677628721892
2021-08-29,2.96380397035003,0.67771253692
2021-08-30,3.00146537697253,0.677784107659
2021-08-31,2.9461641481236,0.677941911731
2021-09-01,2.95758248392753,0.678056121327
2021-09-02,2.92813023621212,0.678109762815
2021-09-03,2.99514568288288,0.678190564714
2021-09-04,2.997,0.678128260888
2021-09-05,2.96793688486265,0.678139009988
2021-09-06,2.98168892168323,0.678278514261
2021-09-07,3.13993828607595,0.679516263233
2021-09-08,3.11252699590882,0.67972808909
2021-09-09,3.12025938632379,0.679867733131
2021-09-10,3.02392473115137,0.679998474303
2021-09-11,3.05381382999265,0.680134819179
2021-09-12,3.0212990720993,0.680194447919
2021-09-13,3.03198976037405,0.68039093835
2021-09-14,3.05787799824664,0.68047763649
2021-09-15,3.17743367036821,0.680572226621
2021-09-16,3.05113926506629,0.680666937018
2021-09-17,3.08760243717124,0.680787858706
2021-09-18,3.10672817066043,0.680845459191
2021-09-19,2.99798276446523,0.680933450994
2021-09-20,2.99005731151373,0.681224954109
2021-09-21,3.03047869082408,0.681463049766
2021-09-22,3.03848347749854,0.681715499226
2021-09-23,2.99929877264757,0.681831499797
2021-09-24,2.9666370075979,0.682064781599
2021-09-25,2.82632735242548,0.68215506819
2021-09-26,2.79519949736996,0.682325168556
2021-09-27,2.74124826019523,0.682445937475
2021-09-28,2.70335496493279,0.682560563123
2021-09-29,2.90745287843366,0.682640198126
2021-09-30,2.82193646990064,0.682736810011
2021-10-01,2.90497455289305,0.682871880727
2021-10-02,2.95062545879603,0.682965086185
2021-10-03,2.94594621177758,0.683102081143
2021-10-04,2.91146820864991,0.683289314411
2021-10-05,2.95773175043834,0.683458949968
2021-10-06,2.90243693161894,0.683693112631
2021-10-07,2.9029107773232,0.683842478643
2021-10-08,2.78320876388077,0.683963140299
2021-10-09,2.82799434248977,0.684041702667
2021-10-10,2.76804671490376,0.684144607343
2021-10-11,2.74401513734658,0.684354531711
2021-10-12,2.80758717033266,0.684519980743
2021-10-13,2.81215436640818,0.684576391579
2021-10-14,2.67387842197545,0.684742441936
2021-10-15,2.85670297194623,0.685005000165
2021-10-16,2.90174217416715,0.685170686477
2021-10-17,2.87858412609547,0.685309004351
2021-10-18,2.92188581823495,0.685523336273
2021-10-19,2.98573965809468,0.685703603916
2021-10-20,3.16936562828755,0.685911331008
2021-10-21,3.19275777778458,0.686228824388
2021-10-22,3.4089283528935,0.686341867087
2021-10-23,3.23729983343074,0.686433902398
2021-10-24,3.26220715078901,0.686501952946
2021-10-25,3.25728720698479,0.686610744111
2021-10-26,3.37547041394189,0.686684131829
2021-10-27,3.14678700255555,0.686891894676
2021-10-28,3.21076955873758,0.687062037297
2021-10-29,3.29369394590406,0.687201889364
2021-10-30,3.31845726472789,0.687284921043
2021-10-31,3.34677290088975,0.687368043734
2021-11-01,3.31416410163348,0.687524378621
2021-11-02,3.34773954997078,0.687637509081
2021-11-03,3.39130371127995,0.687863952024
2021-11-04,3.28629943308007,0.687956617914
2021-11-05,3.18561662185856,0.687981340519
2021-11-06,3.24588078316774,0.687980911465
2021-11-07,3.28486826468083,0.688001285025
2021-11-08,3.27114736411455,0.68819080983
2021-11-09,3.34689944769141,0.688393225756
2021-11-10,3.47051206312098,0.688645733723
2021-11-11,3.23045685563998,0.689035945237
2021-11-12,3.11987867598826,0.640159763684
2021-11-13,2.77608948275862,0.640305381975
2021-11-14,2.91350980420806,0.640478085918
2021-11-15,2.98894410286382,0.640720322595
2021-11-16,3.08676559906487,0.641096739376
2021-11-17,3.13884578936716,0.641140038065
2021-11-18,3.16416742840444,0.641229824093
2021-11-19,3.14044608800355,0.641375621156
2021-11-20,3.21533257383977,0.641337425608
2021-11-21,3.33254016627171,0.641234953237
2021-11-22,3.39704740794857,0.641205270508
2021-11-23,3.32319030037993,0.641270762985
2021-11-24,3.25578946837201,0.641021583436
2021-11-25,3.11103421939049,0.640822447173
2021-11-26,3.15150271186441,0.639482852902
2021-11-27,3.1272343852586,0.639410489063
2021-11-28,3.42677265926359,0.639466626864
2021-11-29,3.35083052600818,0.639514833669
2021-11-30,3.35601845996493,0.639438705857
2021-12-01,3.32408194623027,0.639217554579
2021-12-02,3.45856862131912,0.639279751141
2021-12-03,3.3079368951284,0.639333438135
2021-12-04,3.54941983050847,0.639544480643
2021-12-05,3.60042322340317,0.63961666571
2021-12-06,3.6202068639025,0.639750215235
2021-12-07,3.63022781251164,0.639827857738
2021-12-08,3.60944647866745,0.639860335817
2021-12-09,3.69960313404788,0.639784390028
2021-12-10,3.70993177673875,0.639881203439
2021-12-11,3.72541741502191,0.639890870153
2021-12-12,3.72207971721292,0.63987420531
2021-12-13,3.62042012008039,0.640037661841
2021-12-14,3.46891229580189,0.639968974213
2021-12-15,3.52958299824664,0.640068725993
2021-12-16,3.59597018410286,0.640139614147
2021-12-17,3.60211579777908,0.639768463027
2021-12-18,3.51614474752851,0.639683318582
2021-12-19,3.48033121858562,0.639582754201
2021-12-20,3.57792673032594,0.639544519648
2021-12-21,3.62191859731151,0.639363809949
2021-12-22,3.60000705727645,0.639328455259
2021-12-23,3.6094647194623,0.639221354306
2021-12-24,3.58042954412624,0.579732893038
2021-12-25,3.55510768264173,0.579535245462
2021-12-26,3.50208774693162,0.579300000413
2021-12-27,3.46338658094681,0.578981405145
2021-12-28,3.59811142314436,0.578935678401
2021-12-29,3.74006310691807,0.578793989854
2021-12-30,3.8064793220339,0.578636114273
2021-12-31,3.769543471654,0.578502948297
2022-01-01,3.79890852133255,0.578336078836
2022-01-02,3.78450257744009,0.577957090982
2022-01-03,3.7907870075979,0.577366277271
2022-01-04,3.77933876277313,0.576592608592
2022-01-05,3.81173913793104,0.576104319258
2022-01-06,3.76992467270602,0.575558233246
2022-01-07,3.57109843950906,0.57490345475
2022-01-08,3.7737,0.57423861299
2022-01-09,3.76816869096671,0.573900050464
2022-01-10,3.74201875920938,0.573371410562
2022-01-11,3.73233061416387,0.57224766966
2022-01-12,3.8583836528346,0.571734056396
2022-01-13,3.80320168113253,0.57143737213
2022-01-14,3.77019095561831,0.571257299511
2022-01-15,3.76469199732174,0.571410214969
2022-01-16,3.7836849460407,0.57227250278
2022-01-17,3.77130780101995,0.572492181623
2022-01-18,3.68300066903609,0.517391124466
2022-01-19,3.65015752134801,0.51689851209
2022-01-20,3.70907006366152,0.516435858727
2022-01-21,3.54334279175905,0.515930254469
2022-01-22,3.59606117821044,0.515452652478
2022-01-23,3.57128350759093,0.515285061427
2022-01-24,3.55372482546381,0.515086464731
2022-01-25,3.5124801626484,0.514775761454
2022-01-26,3.58771492636575,0.514425708735
2022-01-27,3.48301791482727,0.513984943621
2022-01-28,3.4686572238457,0.513664918173
2022-01-29,3.48727196960842,0.512800832887
2022-01-30,3.58206403857393,0.512456978695
2022-01-31,3.71887812390415,0.512160482953
2022-02-01,4.24127817650497,0.511762811752
2022-02-02,4.13066840444185,0.511424219972
2022-02-03,4.11132694330801,0.511039842941
2022-02-04,5.17520642314436,0.510674162258
2022-02-05,4.79410557568673,0.510301327427
2022-02-06,5.08846881940386,0.509851867237
2022-02-07,4.82492505844535,0.509455278422
2022-02-08,7.48999263004091,0.509039125399
2022-02-09,6.82837662478083,0.455245900161
2022-02-10,6.14168093512566,0.453757232672
2022-02-11,6.17859469023963,0.45325502509
2022-02-12,5.94031598772648,0.452689577565
2022-02-13,5.84489313267095,0.452183684021
2022-02-14,5.86204549970777,0.451708575093
2022-02-15,5.94417832846289,0.451209279877
2022-02-16,5.86622939801286,0.450580095096
2022-02-17,5.57195080362361,0.450067538215
2022-02-18,5.68111246347165,0.449617038128
2022-02-19,5.79236371127995,0.44911835724
2022-02-20,5.74438907656341,0.448529328002
2022-02-21,5.8713644301578,0.448017694237
2022-02-22,5.83174893045003,0.447078274238
2022-02-23,6.12259362653419,0.446406089805
2022-02-24,5.71541843950906,0.446023858044
2022-02-25,5.9152824956166,0.387307500106
2022-02-26,6.05941507597896,0.386790522669
2022-02-27,5.95336392752776,0.386569706182
2022-02-28,5.94017921098773,0.386242949139
2022-03-01,5.94960394798364,0.385981681321
2022-03-02,5.93763613091759,0.385762581051
2022-03-03,5.62119196376388,0.385499320733
2022-03-04,5.53889983050848,0.385220591722
2022-03-05,5.35311580362361,0.38492864005
2022-03-06,5.36942372004676,0.384719151237
2022-03-07,5.41810155464641,0.384582907123
2022-03-08,5.66118980420807,0.384390515457
2022-03-09,5.84420142022209,0.384134159007
2022-03-10,5.84524954997078,0.383855322733
2022-03-11,5.84678720923437,0.383566741734
2022-03-12,5.84752380479252,0.383270496273
2022-03-13,5.83273758328463,0.382925517441
2022-03-14,5.89222738457043,0.382677156995
2022-03-15,5.89413051431911,0.382280815211
2022-03-16,6.0329114552893,0.381857355271
2022-03-17,6.23904123319696,0.381473267526
2022-03-18,6.08266546171829,0.38104379108
2022-03-19,6.04651247223846,0.380814686052
2022-03-20,6.06694423728814,0.380597627038
2022-03-21,6.19045645821157,0.380604745432
2022-03-22,6.19789136469901,0.380641842342
2022-03-23,6.03980723845704,0.322484341538
2022-03-24,6.0187321244886,0.322296188405
2022-03-25,5.93188781414378,0.321893674095
2022-03-26,5.7800255873758,0.321736923156
2022-03-27,6.13818315020456,0.32155679203
2022-03-28,6.15739206312098,0.321477751852
2022-03-29,5.9999725862069,0.321249397669
2022-03-30,6.0855861484512,0.321052699212
2022-03-31,5.79845758036236,0.320807936967
2022-04-01,6.01029206896552,0.320584929706
2022-04-02,6.10248109292811,0.320343557637
2022-04-03,6.03280701344243,0.320099526735
2022-04-04,6.07814629164232,0.319834917498
2022-04-05,5.77214101110462,0.319553204612
2022-04-06,5.84154649327879,0.319213592204
2022-04-07,5.86100606078317,0.318814022765
2022-04-08,5.87828387200468,0.318607433315
2022-04-09,5.87374570426651,0.318410487827
2022-04-10,5.98537188486265,0.318014682361
2022-04-11,5.57494835768556,0.317784007386
2022-04-12,5.71912911747516,0.317536410786
2022-04-13,5.69883646113384,0.317099341386
2022-04-14,5.7624877936879,0.316527084256
2022-04-15,5.78600366452367,0.31650402911
2022-04-16,5.85255538573934,0.316524204394
2022-04-17,5.864122314436,0.316534085635
2022-04-18,5.95657728229106,0.259039073585
2022-04-19,5.87019956750438,0.256516545484
2022-04-20,5.96279405318527,0.256102639989
2022-04-21,5.98723034482759,0.255783898452
2022-04-22,5.85393704850964,0.255431807727
2022-04-23,5.87558440677966,0.254790788209
2022-04-24,5.84953640561075,0.254597323908
2022-04-25,5.95589203389831,0.254418603459
2022-04-26,5.83498718001169,0.25408248849
2022-04-27,5.80476534774986,0.25386219857
2022-04-28,5.71295408533022,0.253645588112
2022-04-29,5.71019059906487,0.25342719643
2022-04-30,5.67865456458212,0.253194736981
2022-05-01,5.56892658094682,0.253017631985
2022-05-02,5.77144055523086,0.252925219628
2022-05-03,5.61591938047925,0.252656852918
2022-05-04,5.62882726183518,0.252251341733
2022-05-05,5.14701578901227,0.252145215902
2022-05-06,5.38863222092344,0.252201932276
2022-05-07,5.2753348100526,0.252227418728
2022-05-08,5.35256520455874,0.252296883203
2022-05-09,5.21646506136762,0.252366354179
2022-05-10,5.47687086499123,0.190939067328
2022-05-11,5.25053894798364,0.190629290417
2022-05-12,5.15798921975453,0.190314296601
2022-05-13,5.08483507305669,0.189981165507
2022-05-14,5.06154853009936,0.189842922393
2022-05-15,5.00532421390999,0.189614743732
2022-05-16,4.95850045587376,0.189361575932
2022-05-17,5.00380002922268,0.188977348419
2022-05-18,4.96812981297487,0.188781582829
2022-05-19,5.00318139976622,0.188205584479
2022-05-20,4.99830012273524,0.188000135923
2022-05-21,4.93697821741672,0.188009922902
2022-05-22,4.90994169491526,0.18802177064
2022-05-23,4.9170286616014,0.188086947827
2022-05-24,4.92647503798948,0.188157533693
2022-05-25,4.91487824371712,0.057410773667
2022-05-26,4.92177021040327,0.057228045465
2022-05-27,4.92068274985389,0.057009123966
2022-05-28,5.09928017533606,0.056774067441
2022-05-29,5.13577015195792,0.056603108967
2022-05-30,5.24488443308007,0.056422220496
2022-05-31,5.31726258912916,0.056307455081
2022-06-01,4.90171486265342,0.056262280906
2022-06-02,4.94672193454121,0.056159659016
2022-06-03,4.90078339567504,0.056029210381
2022-06-04,4.99985877264757,0.055920497225
2022-06-05,5.10984013734658,0.055850012122
2022-06-06,5.13057083576856,0.055810890208
2022-06-07,5.31793438924605,0.055745690268
2022-06-08,5.36213624196376,0.055567762919
2022-06-09,5.42536323202805,0.055374370127
2022-06-10,5.50704850379895,0.055277192671
2022-06-11,5.50665118059614,0.055195802448
2022-06-12,5.5118392314436,0.055114009174
2022-06-13,5.31990327001753,0.052572963714
2022-06-14,5.40919479836353,0.052444576184
2022-06-15,5.0006281648159,0.052430537671
2022-06-16,5.05147050847458,0.052395920823
2022-06-17,5.055,0.052354923423
2022-06-18,5.05893909409702,0.052278408812
2022-06-19,5.19712597019287,0.052233306147
2022-06-20,5.39826295733489,0.052131711386
2022-06-21,5.59697801285798,0.052104073164
2022-06-22,5.81471178842782,0.052140877537
2022-06-23,5.79778539450614,0.052034689949
2022-06-24,5.83587639392168,0.051959238222
2022-06-25,5.89807695791935,0.051597854579
2022-06-26,5.90009994155465,0.05137288082
2022-06-27,5.76675838690824,0.051044706599
2022-06-28,5.76603385739334,0.050845112028
2022-06-29,5.93185242548217,0.050770654926
2022-06-30,5.80451622150789,0.050739112964
2022-07-01,5.79236978375219,0.050666895392
2022-07-02,5.70672016949153,0.050530361993
2022-07-03,5.72755352425482,0.050483377341
2022-07-04,5.72741675628288,0.050433412065
2022-07-05,5.73169579485681,0.05030965277
2022-07-06,5.80590397428405,0.050229478199
2022-07-07,5.78338699006429,0.050140738803
2022-07-08,5.70716607247224,0.04995633339
2022-07-09,5.69549609585038,0.049846859639
2022-07-10,5.63949066335476,0.049744315759
2022-07-11,5.40056582992402,0.049760707568
2022-07-12,5.39451279953244,0.049718390502
2022-07-13,5.28529159263589,0.049714405502
2022-07-14,5.3994577849211,0.049683351101
2022-07-15,5.29892455873758,0.049642971279
2022-07-16,5.39926432495617,0.049544493659
2022-07-17,5.25317826709527,0.04947508119
2022-07-18,5.41349523962595,0.049384121765
2022-07-19,5.3292466364699,0.049306466261
2022-07-20,5.23774800701344,0.047518451821
2022-07-21,5.38770048509643,0.04742402096
2022-07-22,5.40484285797779,0.047357371338
2022-07-23,5.23398804208066,0.04730484149
2022-07-24,5.22589527761543,0.04720524898
2022-07-25,5.10648888077148,0.047197561764
2022-07-26,5.09346502922268,0.046952142938
2022-07-27,5.19701647574518,0.046805237485
2022-07-28,5.32000521917008,0.046660961613
2022-07-29,5.17777032144945,0.046598914569
2022-07-30,5.07387956458212,0.046508026653
2022-07-31,5.00000010520164,0.046367046695
2022-08-01,5.18966687901812,0.046228813331
2022-08-02,5.06402752776154,0.046090329687
2022-08-03,5.01351014026885,0.045985686042
2022-08-04,5.0,0.045896452584
2022-08-05,4.95569346580947,0.045755167087
2022-08-06,4.95,0.045619264267
2022-08-07,4.899,0.045416325026
2022-08-08,4.80213480420807,0.045244059888
2022-08-09,4.95730900642899,0.045016086002
2022-08-10,4.70003755698422,0.04487284376
2022-08-11,4.70613069257744,0.044738930189
2022-08-12,4.80216803915839,0.044557115352
2022-08-13,4.89176151957919,0.044378645184
2022-08-14,5.12605609000584,0.044210118016
2022-08-15,5.38360842197545,0.044092134696
2022-08-16,5.2465701081239,0.043874461355
2022-08-17,5.30892689655172,0.043678712017
2022-08-18,5.32737087668031,0.043484019062
2022-08-19,5.217484628872,0.043310544772
2022-08-20,5.07241030976037,0.043112682669
2022-08-21,5.12437782583285,0.042954241517
2022-08-22,5.08986275862069,0.04284631171
2022-08-23,5.37880280537697,0.04263669288
2022-08-24,5.38507359438925,0.042434137188
2022-08-25,5.17299096434833,0.042273069706
2022-08-26,5.20682373173583,0.042117293889
2022-08-27,5.16379237872589,0.041979278303
2022-08-28,5.19068345996493,0.041887958083
2022-08-29,5.28072310344827,0.041792188053
2022-08-30,5.39261988895383,0.041651344612
2022-08-31,5.81005272939801,0.041459284488
2022-09-01,5.57675648451198,0.041253010328
2022-09-02,5.40195960549387,0.041043287485
2022-09-03,5.18683012273524,0.040796893536
2022-09-04,5.25390412039743,0.040664952963
2022-09-05,5.06063086499123,0.040501213646
2022-09-06,5.14899652250146,0.040313460312
2022-09-07,5.13866651665693,0.039011161482
2022-09-08,4.97464283459965,0.03875447349
2022-09-09,4.96529694623027,0.038626504916
2022-09-10,4.97078985096435,0.038449737963
2022-09-11,5.06123091174752,0.038312882773
2022-09-12,5.03842231151374,0.038236702954
2022-09-13,4.95262946462161,0.038011186377
2022-09-14,4.85897486733686,0.037916690507
2022-09-15,4.87382239569324,0.037811816084
2022-09-16,4.91875616962353,0.037677863509
2022-09-17,4.98083470568599,0.03755829399
2022-09-18,4.65352534035375,0.037469522089
2022-09-19,4.65200886430687,0.037415077751
2022-09-20,4.74300586012344,0.037110654262
2022-09-21,4.31351856198135,0.036782636061
2022-09-22,4.91183671528034,0.036488360347
2022-09-23,4.27861343024106,0.036312984568
2022-09-24,4.26300444167395,0.035995146645
2022-09-25,4.09680432624948,0.036115577522
2022-09-26,4.06150819285399,0.03605784377
2022-09-27,4.12747708418422,0.035949026602
2022-09-28,4.12167005764919,0.03583476825
2022-09-29,4.19766767517852,0.035747764572
2022-09-30,4.20309586348949,0.035654555864
2022-10-01,4.12024964712589,0.035423630608
2022-10-02,4.08078389389347,0.035279266974
2022-10-03,4.1632153628469,0.035126549792
2022-10-04,4.14886544185251,0.034886890689
2022-10-05,4.17612208459059,0.034666109957
2022-10-06,4.05864398162669,0.03435214652
2022-10-07,4.09997098515795,0.034138848228
2022-10-08,4.0834081421306,0.033933263155
2022-10-09,4.10135656769017,0.033793157556
2022-10-10,4.06012844969883,0.033622127574
2022-10-11,4.07008416007821,0.033362260682
2022-10-12,4.14438682854165,0.033127405682
2022-10-13,4.23946438712696,0.032998790277
2022-10-14,4.43642841039787,0.032792746896
2022-10-15,4.46195603009328,0.125942055094
2022-10-16,4.48707959738279,0.125974498435
2022-10-17,4.50438042736875,0.125995121181
2022-10-18,4.30201485799726,0.125752010145
2022-10-19,4.14051909700023,0.125535516701
2022-10-20,4.08687703844846,0.125272763447
2022-10-21,4.07180782848149,0.124865230507
2022-10-22,4.09239071125524,0.12462633525
2022-10-23,4.15012949015294,0.124499377553
2022-10-24,4.07073500896531,0.124402086333
2022-10-25,4.15345874937052,0.124274969366
2022-10-26,4.30308439442553,0.124144595489
2022-10-27,4.35217091170093,0.123826939589
2022-10-28,4.41913546487818,0.123559746277
2022-10-29,4.47428719561734,0.12335142111
2022-10-30,4.48932597497775,0.123272790483
2022-10-31,4.53281428885114,0.123096595602
2022-11-01,4.52755161465594,0.123250672775
2022-11-02,4.64589018522129,0.123498698882
2022-11-03,4.69975749938094,0.123661454341
2022-11-04,4.30087534732283,0.123830386146
2022-11-05,4.33247418088478,0.123633278137
2022-11-06,4.17941520648464,0.123436170129
2022-11-07,4.14838095712211,0.123288582091
2022-11-08,4.14510582210049,0.123052894986
2022-11-09,4.00603847685611,0.122778563778
2022-11-10,3.97235585762357,0.122624377411
2022-11-11,3.7787442272897,0.122274058158
2022-11-12,3.84560827544746,0.122031285163
2022-11-13,3.91300522051161,0.121882422965
2022-11-14,3.78075996671415,0.12174528824
2022-11-15,3.79741160960153,0.121540028207
2022-11-16,3.84579343370548,0.121071699631
2022-11-17,4.03452971700761,0.120806875867
2022-11-18,4.23023108522622,0.120504311612
2022-11-19,4.22100300456944,0.120272076442
2022-11-20,4.31932489828439,0.120154531927
2022-11-21,3.89193593944858,0.120072004061
2022-11-22,3.79960334467432,0.119826055418
2022-11-23,4.23508228162043,0.119608144796
2022-11-24,4.19975001970933,0.119406648737
2022-11-25,3.87850426409674,0.119325063489
2022-11-26,4.04389109787513,0.119331245765
2022-11-27,4.20769734706297,0.119249888046
2022-11-28,3.81217551021124,0.119159695717
2022-11-29,3.7783270894071,0.119013212818
2022-11-30,3.92401360385569,0.118831609257
2022-12-01,3.87079960734416,0.118702447783
2022-12-02,3.94824723266673,0.118557941132
2022-12-03,3.78593701783904,0.118403332211
2022-12-04,3.82018331599462,0.118036023074
2022-12-05,3.78462141209812,0.117866933585
2022-12-06,3.82080673019152,0.117677200753
2022-12-07,3.79393885459009,0.117533753735
2022-12-08,3.82784468742436,0.117426152219
2022-12-09,3.75429715628718,0.117329998642
2022-12-10,3.74038973733291,0.117208105081
2022-12-11,3.77631270826179,0.117138338317
2022-12-12,3.72542024225138,0.117102223031
2022-12-13,3.7261403050198,0.116930848505
2022-12-14,3.74566409170442,0.11691878624
2022-12-15,3.68344593567247,0.116682156517
2022-12-16,3.69529326518152,0.116539873145
2022-12-17,3.96945386608326,0.116449414283
2022-12-18,3.96824116413705,0.11637686517
2022-12-19,3.78577714496632,0.116300243295
2022-12-20,3.7073450910894,0.116209641415
2022-12-21,3.69346174058921,0.116034831207
2022-12-22,3.7441118488048,0.115872073514
2022-12-23,3.70050584690444,0.115668519946
2022-12-24,3.66161324682336,0.11553862713
2022-12-25,3.61709499995986,0.11541475082
2022-12-26,3.57160013774374,0.115334618505
2022-12-27,3.60007688485125,0.115237106256
2022-12-28,3.55011125252601,0.115069911755
2022-12-29,3.50862646722278,0.114990332009
2022-12-30,3.50418161033525,0.11490818119
2022-12-31,3.61400078398763,0.114810181381
2023-01-01,3.52507223336276,0.114705433724
2023-01-02,3.50276791372713,0.114747607771
2023-01-03,3.49896650797628,0.114713602
2023-01-04,3.51130711287695,0.114648694597
2023-01-05,3.51541074345884,0.114605928975
2023-01-06,3.48957378796752,0.114395258183
2023-01-07,3.46478410302662,0.114201751627
2023-01-08,3.472707026493,0.114107239505
2023-01-09,3.46196679298815,0.11406580005
2023-01-10,3.46436501037997,0.11393515314
2023-01-11,3.49595116602754,0.113867508893
2023-01-12,3.46052143844293,0.113759845619
2023-01-13,3.50678776904812,0.113699124742
2023-01-14,3.45667477540963,0.113625447738
2023-01-15,3.47808229027349,0.11347253228
2023-01-16,3.52473971848273,0.112782031798
2023-01-17,3.46445841078639,0.112562352954
2023-01-18,3.45932700486832,0.112513015007
2023-01-19,3.48616684468116,0.112498943989
2023-01-20,3.46966834570209,0.112446921205
2023-01-21,3.47798949341762,0.112296697085
2023-01-22,3.46525668579824,0.11215964037
2023-01-23,3.46109525496407,0.112073891349
2023-01-24,3.46693630051672,0.112496688206
2023-01-25,3.53952650159977,0.112473382779
2023-01-26,3.64504479709932,0.112460221875
2023-01-27,3.84515392624438,0.112440407387
2023-01-28,3.78167126712446,0.112428120843
2023-01-29,3.69599118729954,0.112440173357
2023-01-30,3.56995271781312,0.112415925311
2023-01-31,3.54173028697115,0.11241440087
2023-02-01,3.36551405126683,0.112421106462
2023-02-02,3.37041799682548,0.11244974581
2023-02-03,3.38156250130328,0.11240970403
2023-02-04,3.424275517781,0.112401256219
2023-02-05,3.58045829617558,0.112422231104
2023-02-06,3.3797911589317,0.11245210584
2023-02-07,3.3725199509113,0.112455665037
2023-02-08,3.36921586800043,0.112457270739
2023-02-09,3.35407996796759,0.112499968102
2023-02-10,3.35262543402628,0.112522844476
2023-02-11,3.34527475450199,0.112544150902
2023-02-12,3.3415458990103,0.112575055784
2023-02-13,3.39868161106412,0.112627780657
2023-02-14,3.3736925172718,0.112662296742
2023-02-15,3.41091258020967,0.11264810871
2023-02-16,3.33456186957972,0.112641273101
2023-02-17,3.35982595466994,0.112669077094
2023-02-18,3.36147425927719,0.1126786788
2023-02-19,3.34424840176974,0.112715804963
2023-02-20,3.34094772564382,0.112753207411
2023-02-21,3.40460162755998,0.112773060905
2023-02-22,3.37910597950643,0.11279053835
2023-02-23,3.33700284260464,0.112814149316
2023-02-24,3.37868978530194,0.112790492845
2023-02-25,3.33576692753557,0.11278194102
2023-02-26,3.33583585960464,0.112752515074
2023-02-27,3.32342243538507,0.112774676358
2023-02-28,3.33909761251366,0.112775950518
2023-03-01,3.3423980923705,0.112777286436
2023-03-02,3.33385586296848,0.112743319669
2023-03-03,3.36648485521748,0.112770229799
2023-03-04,3.40172435389194,0.112779877011
2023-03-05,3.35223159693234,0.112806224821
2023-03-06,3.35487830193922,0.112777088161
2023-03-07,3.39742822139077,0.112729901984
2023-03-08,3.36935758241296,0.112740170024
2023-03-09,3.36672825589138,0.112747008883
2023-03-10,3.45953592753578,0.112763462449
2023-03-11,3.53408126123268,0.112805831521
2023-03-12,3.73741210711848,0.112850576642
2023-03-13,3.36853761399056,0.112911993106
2023-03-14,3.3452806498259,0.11296695426
2023-03-15,3.40203446246832,0.112988546722
2023-03-16,3.36400269847772,0.113006732756
2023-03-17,3.49897403602517,0.113056948314
2023-03-18,3.3661311303674,0.113088496777
2023-03-19,3.37220714738007,0.113137477179
2023-03-20,3.37937294579906,0.113171882751
2023-03-21,3.47148562451575,0.113196020282
2023-03-22,3.3677682007042,0.113205449717
2023-03-23,3.39601546138312,0.113204903648
2023-03-24,3.44493119330296,0.11321757374
2023-03-25,3.36870291304793,0.113223954291
2023-03-26,3.47677960172415,0.113206863644
2023-03-27,3.38722291358193,0.113245224963
2023-03-28,3.40357115880761,0.113225800523
2023-03-29,3.41032538359027,0.113240996182
2023-03-30,3.45956671033679,0.113257319732
2023-03-31,3.49314578591809,0.113220963916
2023-04-01,3.39585647135687,0.113226665132
2023-04-02,3.38578145353723,0.113196855637
2023-04-03,3.43644034540667,0.113220476354
2023-04-04,3.38447987309195,0.113249652019
2023-04-05,3.38710875413353,0.113267119713
2023-04-06,3.3912423457961,0.113253360735
2023-04-07,3.38307603616257,0.113272811178
2023-04-08,3.38434015682015,0.113279110469
2023-04-09,3.390206225009,0.113306465905
2023-04-10,3.3986815931776,0.113343588818
2023-04-11,3.38558260506123,0.11335132154
2023-04-12,3.38712995197503,0.113372046143
2023-04-13,3.39091343881388,0.113394662484
2023-04-14,3.42836102873657,0.113425229323
2023-04-15,3.40593640681675,0.113446184705
2023-04-16,3.4248298789308,0.113439531119
2023-04-17,3.40807282086239,0.113483171101
2023-04-18,3.41959240830551,0.113489918949
2023-04-19,3.40950184675973,0.113526320271
2023-04-20,3.46338334187802,0.113547860727
2023-04-21,3.51381561779816,0.113562123518
2023-04-22,3.51859613368943,0.113571201908
2023-04-23,3.5222236175071,0.113588689105
2023-04-24,3.54113273215394,0.113610437587
2023-04-25,3.53783231008463,0.113612875393
2023-04-26,3.52911862849341,0.113631152439
2023-04-27,3.51232141669734,0.11364175202
2023-04-28,3.51258797070831,0.113647749023
2023-04-29,3.56736777416599,0.113653544501
2023-04-30,3.56488444312265,0.113635377969
2023-05-01,3.59443663177642,0.113642398851
2023-05-02,3.61335317552594,0.11360393352
2023-05-03,3.67140740536657,0.11358753846
2023-05-04,3.55120538585481,0.113553808974
2023-05-05,3.5509523760929,0.113547226897
2023-05-06,3.51811838139729,0.113534365031
2023-05-07,3.50587097455951,0.113543531183
2023-05-08,3.50942247614551,0.113519133618
2023-05-09,3.52585217849856,0.113485608907
2023-05-10,3.5857729363275,0.113471726413
2023-05-11,3.50736151560132,0.113440782527
2023-05-12,3.49984354908711,0.113481763674
2023-05-13,3.53522306319666,0.113428990045
2023-05-14,3.55650607266357,0.113387648103
2023-05-15,3.51646354478522,0.113406233937
2023-05-16,3.51354657441414,0.113362142149
2023-05-17,3.57428736090641,0.113332095375
2023-05-18,3.56742612967595,0.113270893437
2023-05-19,3.57434510076454,0.113232272086
2023-05-20,3.59037859216456,0.113156765102
2023-05-21,3.57850468267852,0.113180603596
2023-05-22,3.51200776907917,0.113173894753
2023-05-23,3.50531561244057,0.113147572947
2023-05-24,3.53889368050553,0.113081085846
2023-05-25,3.55144124878903,0.11305907083
2023-05-26,3.51668301970441,0.112983076285
2023-05-27,3.49222189160595,0.112991897893
2023-05-28,3.52951210439247,0.112964301927
2023-05-29,3.5581569211797,0.112936237902
2023-05-30,3.52600604556842,0.112861823054
2023-05-31,3.50548554133261,0.112792560104
2023-06-01,3.52420353047465,0.112754403562
2023-06-02,3.58994591740868,0.112770174543
2023-06-03,3.57435991908663,0.11280518469
2023-06-04,3.58011410687819,0.112767639224
2023-06-05,3.50173561095436,0.112759691976
2023-06-06,3.51627369863748,0.112740326043
2023-06-07,3.51585203018635,0.112676205239
2023-06-08,3.5275251846184,0.112618559248
2023-06-09,3.50959590196958,0.112600067676
2023-06-10,3.48549991355663,0.112580864264
2023-06-11,3.53349546759934,0.112560448449
2023-06-12,3.49520445719847,0.112493168248
2023-06-13,3.50650812153187,0.112387926529
2023-06-14,3.53070062009099,0.112334983879
2023-06-15,3.50395187233116,0.112280273007
2023-06-16,3.51394952378642,0.112228477751
2023-06-17,3.517008302004,0.112165527094
2023-06-18,3.51283546654571,0.112092389657
2023-06-19,3.52591703173517,0.112003868038
2023-06-20,3.53179954813712,0.111963224933
2023-06-21,3.57934216481782,0.111937215166
2023-06-22,3.73516416745831,0.111909853229
2023-06-23,3.85456800705625,0.11188820876
2023-06-24,3.94555552001216,0.111845768179
2023-06-25,3.85833010218639,0.111786454729
2023-06-26,3.89843335017301,0.111761368078
2023-06-27,3.91839106418349,0.111780350462
2023-06-28,3.98839486592624,0.111755023281
2023-06-29,4.07916106555468,0.111696697955
2023-06-30,4.03897416634436,0.111672342645
2023-07-01,4.15931896638814,0.111600359104
2023-07-02,3.92347766627714,0.111597840037
2023-07-03,3.81918883644508,0.111574424096
2023-07-04,3.93572342130685,0.111547770748
2023-07-05,3.85784767292606,0.111484933855
2023-07-06,3.67268067334593,0.111458521038
2023-07-07,3.85642813149754,0.111452234748
2023-07-08,3.89617649379469,0.1113981122
2023-07-09,4.00835074711095,0.111362536481
2023-07-10,4.04859459075803,0.111337238553
2023-07-11,4.10065251634677,0.111268515171
2023-07-12,4.08648547292008,0.111199759285
2023-07-13,4.1508317428891,0.111126378068
2023-07-14,4.03222180876712,0.111089112137
2023-07-15,4.05961675532298,0.111029554906
2023-07-16,4.05477743431507,0.111060212757
2023-07-17,4.0252294020941,0.111020925072
2023-07-18,4.04029117493504,0.11101852302
2023-07-19,4.03188759223688,0.11097186666
2023-07-20,4.04630302026667,0.110953670874
2023-07-21,4.14283973370765,0.110935543347
2023-07-22,4.04913700560077,0.110917675853
2023-07-23,3.9865726818821,0.110915234796
2023-07-24,3.9720506640571,0.110916326933
2023-07-25,3.95219773134792,0.110899987131
2023-07-26,4.02029393088733,0.110890645458
2023-07-27,3.99078278621491,0.110853314518
2023-07-28,3.98104515282563,0.110813334497
2023-07-29,3.95607656609237,0.110790175338
2023-07-30,3.95548897905112,0.110753657001
2023-07-31,3.97679558698631,0.110741321701
2023-08-01,3.97301442603447,0.110705359184
2023-08-02,3.9480751685155,0.110690218782
2023-08-03,4.03448768912308,0.110678283283
2023-08-04,4.0412952259442,0.110642925342
2023-08-05,4.00519256968164,0.110625418643
2023-08-06,3.98468349696967,0.110613739926
2023-08-07,4.00837399400931,0.110618264494
2023-08-08,4.00417570878497,0.110611337874
2023-08-09,3.98420783478032,0.110629319133
2023-08-10,3.98080780191014,0.110581863172
2023-08-11,3.93306663408698,0.110569014308
2023-08-12,3.96012954513691,0.110568123696
2023-08-13,3.98458585151185,0.110563586126
2023-08-14,3.98338455545179,0.11056935235
2023-08-15,3.95787153932386,0.110536019413
2023-08-16,3.97779124199943,0.110547821646
2023-08-17,3.96607415459614,0.110547464101
2023-08-18,3.94632746579716,0.110578635516
2023-08-19,3.90877098471466,0.1105685495
2023-08-20,3.90308693024464,0.110576490247
2023-08-21,3.80946528185127,0.110599610401
2023-08-22,3.81462732823416,0.110617900448
2023-08-23,3.86752460474422,0.110627599667
2023-08-24,3.8447118316076,0.110617838691
2023-08-25,3.84103202500807,0.110597669907
2023-08-26,3.83255809246958,0.110590145212
2023-08-27,3.82969731188425,0.110589046574
2023-08-28,3.80602071993936,0.110603806678
2023-08-29,3.92765505702532,0.110612992332
2023-08-30,3.90025020817746,0.110621482398
2023-08-31,3.89419719983701,0.11062642952
2023-09-01,3.89650483532265,0.110637149366
2023-09-02,3.90297295814168,0.110635364892
2023-09-03,3.68382376814797,0.110641621928
2023-09-04,3.67815328510698,0.110655124124
2023-09-05,3.67408633989114,0.110678374294
2023-09-06,3.76388177442686,0.110658338778
2023-09-07,3.80368069378824,0.110645642683
2023-09-08,3.82990485715439,0.110597845429
2023-09-09,3.83959987157709,0.110561622879
2023-09-10,3.84393131682526,0.110541002289
2023-09-11,3.65658253131106,0.110533549103
2023-09-12,3.66105172578094,0.110515957894
2023-09-13,3.67764043054163,0.110474739466
2023-09-14,3.65867026694049,0.110459651071
2023-09-15,3.68560088218336,0.11043512674
2023-09-16,3.64508567358786,0.110406773429
2023-09-17,3.63373300293431,0.110377093951
2023-09-18,3.64153362138363,0.110378748409
2023-09-19,3.724992273196,0.110348750391
2023-09-20,3.80617862994465,0.110297221668
2023-09-21,3.81490772507768,0.110331201437
2023-09-22,3.8306593908561,0.110365743525
2023-09-23,3.82843290019047,0.110369468493
2023-09-24,3.72319665326624,0.110369468493
2023-09-25,3.76858791973104,0.110130908028
2023-09-26,3.65629839402778,0.11002917675
2023-09-27,3.69452792479612,0.109959273469
2023-09-28,3.64920154956195,0.109929379464
2023-09-29,3.66995083324957,0.109908609355
2023-09-30,3.69193430660215,0.109850076003
2023-10-01,3.69052144627735,0.109881302675
2023-10-02,3.66742808938485,0.109927741259
2023-10-03,3.70578366942098,0.109965156708
2023-10-04,3.78727243884744,0.109999458267
2023-10-05,3.77270669030853,0.110036811959
2023-10-06,3.84702247206432,0.110072719219
2023-10-07,3.84499302351401,0.110104638228
2023-10-08,3.7178141969053,0.110107339318
2023-10-09,3.68477298965344,0.110147293336
2023-10-10,3.69733775463496,0.110183184344
2023-10-11,3.71225119769091,0.110220040724
2023-10-12,3.69781265197656,0.110228114738
2023-10-13,3.72046486380359,0.110259325158
2023-10-14,3.75123658777578,0.110262094506
2023-10-15,3.83276123537322,0.016806958643
2023-10-16,3.70437282368555,0.01659161808
2023-10-17,3.7017346551992,0.016399650061
2023-10-18,3.75352188776017,0.016393373522
2023-10-19,3.98301868447921,0.016626102755
2023-10-20,3.8254307208348,0.017063019385
2023-10-21,3.8623922355998,0.017038066001
2023-10-22,3.84968121193675,0.017080789367
2023-10-23,3.85788423626797,0.017109698499
2023-10-24,3.86097533627195,0.017157450247
2023-10-25,4.02614594618528,0.017163427748
2023-10-26,3.95973977335342,0.017171661032
2023-10-27,3.95954071172217,0.017204912708
2023-10-28,3.95376504480232,0.017238102627
2023-10-29,3.97208547122363,0.0172557946
2023-10-30,3.94283975041614,0.017171205975
2023-10-31,3.97288875462118,0.017167533013
2023-11-01,3.89034481900207,0.016846401106
2023-11-02,3.93878872413143,0.016438844962
2023-11-03,3.95497281574301,0.016021767807
2023-11-04,3.96013601759246,0.01565808779
2023-11-05,3.9719927999821,0.015690630878
2023-11-06,3.98168550569993,0.015726408122
2023-11-07,3.97747500310791,0.015734391124
2023-11-08,4.04419596021273,0.015665924524
2023-11-09,4.06676053552344,0.015634701103
2023-11-10,4.0916203756728,0.01557982771
2023-11-11,4.09833839419883,0.015575124369
2023-11-12,4.13902838675875,0.015545503399
2023-11-13,4.06671269409798,0.015536047961
2023-11-14,4.0552758743875,0.015522601387
2023-11-15,4.05791376030577,0.015501233203
2023-11-16,4.0191685598827,0.015491355213
2023-11-17,4.04518416467594,0.015513526248
2023-11-18,4.07139338223318,0.015493874279
2023-11-19,4.04757821706533,0.015475857266
2023-11-20,3.95260305117102,0.015459738491
2023-11-21,3.93964164910717,0.015432048263
2023-11-22,4.0615272421515,0.015459666982
2023-11-23,4.07192317529386,0.015428888866
2023-11-24,4.06454114505505,0.015469938273
2023-11-25,3.97277876959434,0.01549109518
2023-11-26,4.00648933354649,0.015457206423
2023-11-27,3.96554527989994,0.015436647591
2023-11-28,3.90927838291081,0.01538552842
2023-11-29,3.96313303324037,0.015357314876
2023-11-30,3.99856995352137,0.015293145316
2023-12-01,3.97740381915865,0.015262633733
2023-12-02,3.88696399328347,0.01523514178
2023-12-03,3.68142106905222,0.015212245904
2023-12-04,3.74516254703852,0.015195499801
2023-12-05,3.72769535158096,0.015190490922
2023-12-06,3.81370642414563,0.015185452789
2023-12-07,3.84104018326638,0.01515751553
2023-12-08,3.77441572105258,0.015075523981
2023-12-09,3.79346828198006,0.01498301086
2023-12-10,3.80648815975222,0.01499304162
2023-12-11,3.94774019382022,0.014949674673
2023-12-12,3.72195345157443,0.014893988678
2023-12-13,3.67493897374668,0.014834119408
2023-12-14,3.65262835620605,0.014851119044
2023-12-15,3.7105858840975,0.014866646244
2023-12-16,3.75913923355122,0.01487975514
2023-12-17,3.77519577277327,0.014828037894
2023-12-18,3.78416649531563,0.014786218141
2023-12-19,3.83344511871896,0.014754594919
2023-12-20,3.94165888249858,0.01472124573
2023-12-21,3.88364483882439,0.014749813569
2023-12-22,3.94343613005774,0.014780929727
2023-12-23,3.98208530485029,0.014805883112
2023-12-24,3.94010393409221,0.014805883112
2023-12-25,3.96141209183627,0.014843474083
2023-12-26,3.97464481500243,0.014841829377
2023-12-27,3.97181432668662,0.014822170907
2023-12-28,3.96307922580322,0.014779850592
2023-12-29,3.98677275461848,0.014736681919
2023-12-30,3.98149344787986,0.014685559498
2023-12-31,3.98471161462958,0.014638360319
2024-01-01,3.9848353224374,0.014661070922
2024-01-02,3.98361983094532,0.014570183006
2024-01-03,4.0512725000595,0.014550407522
2024-01-04,4.04871441154992,0.014501384864
2024-01-05,4.08229582535136,0.014457624617
2024-01-06,4.04912909970953,0.014402845487
2024-01-07,4.0143667065025,0.014341880829
2024-01-08,4.03708504737558,0.014272988425
2024-01-09,4.04180781871032,0.01426267813
2024-01-10,4.09436937283431,0.014241699995
2024-01-11,4.06583405479681,0.014231503464
2024-01-12,4.05080874290936,0.014252910653
2024-01-13,4.05181013229845,0.014203094896
2024-01-14,4.06397040125469,0.014137547163
2024-01-15,4.0058168446058,0.014165588435
2024-01-16,4.00664755894474,0.014015910384
2024-01-17,4.01631508157818,0.014035981655
2024-01-18,4.01577224820106,0.014035981655
2024-01-19,3.99776143551857,0.0140435031
2024-01-20,4.0202017263742,0.01406483878
2024-01-21,4.00929690146006,0.014095633148
2024-01-22,4.03266045360542,0.014153750448
2024-01-23,4.03871067495719,0.014216876627
2024-01-24,4.09847642271041,0.013700962074
2024-01-25,4.05691101315493,0.013666049439
2024-01-26,4.03967737365987,0.013642870777
2024-01-27,4.0153073928084,0.013612853257
2024-01-28,4.01412932453671,0.013594943507
2024-01-29,3.9685367684871,0.013567363793
2024-01-30,3.89341088547663,0.01359942582
2024-01-31,3.97879574702884,0.01358509802
2024-02-01,3.97913061128478,0.013561909608
2024-02-02,4.01932210192503,0.013523645802
2024-02-03,4.01138959365865,0.013545722575
2024-02-04,4.02255112637771,0.013526197372
2024-02-05,4.06743021246862,0.013508245367
2024-02-06,4.07901449807757,0.01349067041
2024-02-07,4.08597179254525,0.013475325232
2024-02-08,4.07092584175086,0.013460314847
2024-02-09,4.09982055531261,0.013460080817
2024-02-10,4.14389439836451,0.013429595238
2024-02-11,4.1055806514495,0.013416346574
2024-02-12,4.14064743143686,0.013434116556
2024-02-13,4.12802751187687,0.013426634116
2024-02-14,4.16387591481025,0.013418907896
2024-02-15,4.1843447844669,0.013464598885
2024-02-16,4.10780808410345,0.013488495886
2024-02-17,4.14033267717507,0.013454837909
2024-02-18,4.14950298306504,0.013437090679
2024-02-19,4.13415943120962,0.013406767621
2024-02-20,4.28337850593334,0.013412914143
2024-02-21,4.13282787468208,0.01339522217
2024-02-22,4.14857014358272,0.013381944253
2024-02-23,4.12419037499329,0.01336154144
2024-02-24,4.18874674863166,0.013332492541
2024-02-25,4.25574395734264,0.013324629803
2024-02-26,4.34352712064509,0.013392732358
2024-02-27,4.36103990846809,0.013417331448
2024-02-28,4.25046453857803,0.013471691276
2024-02-29,4.76395604297572,0.013500086842
2024-03-01,4.75445112096982,0.013540320396
2024-03-02,4.76563942397757,0.013518971714
2024-03-03,4.77265792934278,0.013506574657
2024-03-04,4.89637015280172,0.013544984732
2024-03-05,5.33883749541294,0.013676132205
2024-03-06,5.40805305484142,0.013742336887
2024-03-07,5.55476901733291,0.01372866892
2024-03-08,5.82428113244631,0.013730918202
2024-03-09,5.59716445178112,0.013691113703
2024-03-10,5.69422961612832,0.013640439837
2024-03-11,5.85543784556089,0.013653620243
2024-03-12,5.95160947237368,0.01364643359
2024-03-13,6.00426016450598,0.013601152153
2024-03-14,6.00538006215642,0.013585670458
2024-03-15,6.07204691669631,0.013600703596
2024-03-16,6.087006858932,0.013562959855
2024-03-17,6.13138551849787,0.013537889456
2024-03-18,6.16508370736676,0.013503516389
2024-03-19,6.19086530702085,0.01351546814
2024-03-20,6.17858080543926,0.013524188985
2024-03-21,6.08301352643702,0.013519888695
2024-03-22,6.05403640842141,0.013521903948
2024-03-23,6.03590617179425,0.013488896052
2024-03-24,6.07340307321727,0.013505018077
2024-03-25,6.09247977685735,0.013512955574
2024-03-26,6.06080645334419,0.013489087826
2024-03-27,6.07577046147643,0.013477324599
2024-03-28,6.08553783455774,0.013447739383
2024-03-29,6.08258989329715,0.013420084909
2024-03-30,6.06798208732291,0.013417296059
2024-03-31,6.00300540651906,0.013392836736
2024-04-01,6.05715198059171,0.013428334445
2024-04-02,6.04508614277929,0.013424173923
2024-04-03,5.82878512496931,0.01339549557
2024-04-04,5.62878313044266,0.013373555314
2024-04-05,5.76563055961472,0.013363833343
2024-04-06,5.8102435665106,0.013327269501
