time,Price
2018-12-20,9.27256305690917
2018-12-21,8.18286735086113
2018-12-22,7.02281605533285
2018-12-23,6.69100268068704
2018-12-24,6.66595435146091
2018-12-25,5.81500587508462
2018-12-26,5.08307039417235
2018-12-27,4.8338820399542
2018-12-28,4.56920425242373
2018-12-29,4.24211605528512
2018-12-30,3.99187292042984
2018-12-31,3.06406315021771
2019-01-01,3.23686207574746
2019-01-02,3.06008502809468
2019-01-03,3.406546957061
2019-01-04,3.10347176686863
2019-01-05,3.1888224568014
2019-01-06,3.05824989173074
2019-01-07,3.00806819771807
2019-01-08,2.91437507882493
2019-01-09,3.00680109375761
2019-01-10,2.51048454707481
2019-01-11,2.38049088351435
2019-01-12,2.40387501894039
2019-01-13,2.41696496168628
2019-01-14,2.36830275156532
2019-01-15,2.28192350309598
2019-01-16,2.33617306534078
2019-01-17,2.62089297405026
2019-01-18,2.421694288346
2019-01-19,2.39699034782303
2019-01-20,2.08819556066767
2019-01-21,2.06826897246347
2019-01-22,2.11349114736212
2019-01-23,2.12917098064385
2019-01-24,2.15882724088172
2019-01-25,2.11116346349139
2019-01-26,2.10617237565231
2019-01-27,2.21808919988383
2019-01-28,2.0314900567955
2019-01-29,1.90377930926943
2019-01-30,2.02333265063455
2019-01-31,1.94507087114208
2019-02-01,3.30848589274168
2019-02-02,4.11364460365054
2019-02-03,4.39098804829965
2019-02-04,4.995919933541
2019-02-05,5.07116821686733
2019-02-06,4.27676858111034
2019-02-07,4.37831237254662
2019-02-08,4.31437738275007
2019-02-09,4.59129294364351
2019-02-10,4.40538908341215
2019-02-11,4.43751010301901
2019-02-12,4.41499390073561
2019-02-13,5.17870193980247
2019-02-14,5.36820007121897
2019-02-15,5.4079770993516
2019-02-16,5.17689528303343
2019-02-17,5.6141509601298
2019-02-18,5.65177710298756
2019-02-19,5.55103413000962
2019-02-20,5.34597210536125
2019-02-21,5.68884025961605
2019-02-22,5.72702796870915
2019-02-23,5.83916878261565
2019-02-24,5.44400786096986
2019-02-25,5.60055633863243
2019-02-26,5.55655983752483
2019-02-27,5.59189242259749
2019-02-28,6.54223609723217
2019-03-01,6.19519833286796
2019-03-02,7.73084898691161
2019-03-03,7.47301989961513
2019-03-04,7.02650752460549
2019-03-05,7.02781126837264
2019-03-06,6.59669364130605
2019-03-07,6.13942464416693
2019-03-08,6.2829182636705
2019-03-09,6.45920854137294
2019-03-10,6.12183581644918
2019-03-11,6.22413537744009
2019-03-12,6.42020086247326
2019-03-13,6.90097861108192
2019-03-14,7.21042848890795
2019-03-15,7.10938824990573
2019-03-16,7.10729298482115
2019-03-17,6.90192547767891
2019-03-18,7.48381838615174
2019-03-19,7.89388328117658
2019-03-20,8.11956585506644
2019-03-21,7.13514857073378
2019-03-22,6.77416989485487
2019-03-23,6.93911670460248
2019-03-24,7.09049951650286
2019-03-25,6.96049997859198
2019-03-26,6.98730873463999
2019-03-27,7.24195416949528
2019-03-28,7.03748092286655
2019-03-29,7.2383850210024
2019-03-30,7.67229569688778
2019-03-31,7.70498394266674
2019-04-01,7.61468471726978
2019-04-02,8.27968891457729
2019-04-03,7.56570965508614
2019-04-04,7.83407774027192
2019-04-05,8.20843772747837
2019-04-06,8.19646038576432
2019-04-07,8.50513934404307
2019-04-08,8.87615068172998
2019-04-09,8.29778223188406
2019-04-10,7.93345790640036
2019-04-11,7.55534178891206
2019-04-12,7.0298508559546
2019-04-13,6.93203277325638
2019-04-14,7.5591007809944
2019-04-15,7.16001667239523
2019-04-16,7.38327660819225
2019-04-17,7.76657796108828
2019-04-18,7.57897922919781
2019-04-19,7.98782634085856
2019-04-20,7.72560684665672
2019-04-21,7.90205978044412
2019-04-22,7.64182783940516
2019-04-23,7.65387188767415
2019-04-24,7.76475227320522
2019-04-25,6.74094169931095
2019-04-26,7.17568052039038
2019-04-27,7.32720616212719
2019-04-28,7.42796244153418
2019-04-29,7.04508570468396
2019-04-30,7.41208027498531
2019-05-01,7.83554138236415
2019-05-02,7.49211745764818
2019-05-03,7.74257175124426
2019-05-04,7.91784123735576
2019-05-05,7.88405527628403
2019-05-06,7.96636839270177
2019-05-07,7.8391846611683
2019-05-08,8.43015036367694
2019-05-09,8.29441723020357
2019-05-10,8.45360198075862
2019-05-11,8.10601086022436
2019-05-12,7.6898808191124
2019-05-13,8.03999645866512
2019-05-14,7.95984839219193
2019-05-15,8.23197267834642
2019-05-16,7.26388650480104
2019-05-17,6.74922321876313
2019-05-18,6.91390403641871
2019-05-19,7.26989561272092
2019-05-20,6.76956640115277
2019-05-21,6.79772903717013
2019-05-22,6.35437415634924
2019-05-23,6.24548197796393
2019-05-24,6.56296176697794
2019-05-25,6.85864103818938
2019-05-26,7.02916607681752
2019-05-27,6.17262301151628
2019-05-28,6.2568987714217
2019-05-29,6.33287472040002
2019-05-30,5.94201609277385
2019-05-31,6.2387390422667
2019-06-01,5.93953359052048
2019-06-02,5.85297856692744
2019-06-03,5.31647136430742
2019-06-04,5.18681749042293
2019-06-05,5.53254215741073
2019-06-06,5.3205868932067
2019-06-07,5.37596561001607
2019-06-08,4.57602123789916
2019-06-09,4.77381154057866
2019-06-10,4.98108968520185
2019-06-11,4.97805713577416
2019-06-12,5.76950959974609
2019-06-13,6.10929322774516
2019-06-14,6.06142848535987
2019-06-15,6.06265059896961
2019-06-16,5.50292161167362
2019-06-17,7.14592435641095
2019-06-18,6.85516434118707
2019-06-19,6.99165498307743
2019-06-20,7.15592667044364
2019-06-21,7.1981975398809
2019-06-22,7.50567193036716
2019-06-23,7.35100526123232
2019-06-24,7.79482996432176
2019-06-25,8.5180620136266
2019-06-26,8.92239418299276
2019-06-27,7.03679211706411
2019-06-28,7.48306480613684
2019-06-29,6.7124401268291
2019-06-30,6.06539798759675
2019-07-01,5.86527726597048
2019-07-02,5.89739695158955
2019-07-03,5.61779169349598
2019-07-04,5.59015596901642
2019-07-05,5.86340462628853
2019-07-06,6.26332790166832
2019-07-07,6.27317701783223
2019-07-08,6.8165705334109
2019-07-09,6.9018769681105
2019-07-10,6.31175021341787
2019-07-11,5.9771436126007
2019-07-12,6.2598802370539
2019-07-13,6.24947689290376
2019-07-14,5.37414971126593
2019-07-15,6.18465902655375
2019-07-16,5.70141718348662
2019-07-17,5.97296179483373
2019-07-18,7.12104107669518
2019-07-19,6.82857785547975
2019-07-20,6.70886849124139
2019-07-21,6.3188759420122
2019-07-22,6.38223174422461
2019-07-23,5.91998936423144
2019-07-24,6.12630655058373
2019-07-25,6.40562192918255
2019-07-26,6.39385291228814
2019-07-27,6.40474953840596
2019-07-28,6.79196086533228
2019-07-29,6.76927586356766
2019-07-30,7.95031092822934
2019-07-31,7.19601029510846
2019-08-01,7.57809140406126
2019-08-02,7.44007705861255
2019-08-03,7.93954458272592
2019-08-04,7.93780719718851
2019-08-05,8.08972492477076
2019-08-06,6.83624273444151
2019-08-07,7.006838661968
2019-08-08,6.77480605878235
2019-08-09,7.11621291384886
2019-08-10,6.77780267761552
2019-08-11,6.9804955016142
2019-08-12,6.76030322721606
2019-08-13,6.52023285496201
2019-08-14,6.76669086284236
2019-08-15,6.35724514075984
2019-08-16,6.39017375856617
2019-08-17,6.45653625052794
2019-08-18,6.41530367476934
2019-08-19,6.83921984263384
2019-08-20,6.61729719434142
2019-08-21,6.20248280650842
2019-08-22,6.25023928197649
2019-08-23,6.52439353176134
2019-08-24,6.24445153782567
2019-08-25,5.86769819126771
2019-08-26,6.02981498369413
2019-08-27,5.92559872067446
2019-08-28,5.74170624061537
2019-08-29,5.76114290266955
2019-08-30,5.66680412053948
2019-08-31,5.77805937632963
2019-09-01,5.81421923709417
2019-09-02,6.08255953497058
2019-09-03,5.99344673062267
2019-09-04,5.57886139114414
2019-09-05,5.55950091071979
2019-09-06,5.57390428504369
2019-09-07,5.1066173981246
2019-09-08,4.95902065132732
2019-09-09,5.32625646053029
2019-09-10,4.97237429868644
2019-09-11,4.97031654908149
2019-09-12,5.00401771792808
2019-09-13,4.90352006748612
2019-09-14,5.02974998503892
2019-09-15,5.05780803932273
2019-09-16,4.80630749522184
2019-09-17,4.72372861635278
2019-09-18,4.49957688936476
2019-09-19,4.15505782238046
2019-09-20,4.01550973522225
2019-09-21,4.07723968346488
2019-09-22,3.96786703162982
2019-09-23,3.9729750536586
2019-09-24,3.55768665760461
2019-09-25,3.72735279222863
2019-09-26,3.64055326520768
2019-09-27,3.57308527146674
2019-09-28,3.59047964604325
2019-09-29,3.26257738170884
2019-09-30,3.40487469349991
2019-10-01,3.35500658625431
2019-10-02,3.36207185562205
2019-10-03,3.36744329340892
2019-10-04,3.34711475340007
2019-10-05,3.33440608748397
2019-10-06,3.29976255944111
2019-10-07,3.3631274188273
2019-10-08,3.32526864017494
2019-10-09,3.43931790732905
2019-10-10,3.35609208000138
2019-10-11,3.09601178418465
2019-10-12,3.09368603173018
2019-10-13,2.90370662828772
2019-10-14,2.74827324751854
2019-10-15,2.61257054057674
2019-10-16,2.44909987392294
2019-10-17,2.42426953382218
2019-10-18,2.38787919139124
2019-10-19,2.30269438061064
2019-10-20,2.08102030563558
2019-10-21,2.49683837275485
2019-10-22,2.29171389256924
2019-10-23,2.04327557297768
2019-10-24,2.12640875509326
2019-10-25,2.4073581333615
2019-10-26,2.53306199209834
2019-10-27,2.8211853379498
2019-10-28,2.8306026643911
2019-10-29,2.68882731743448
2019-10-30,2.5596373760536
2019-10-31,2.24508324338088
2019-11-01,2.42848758953171
2019-11-02,2.43730101278937
2019-11-03,2.53274273781011
2019-11-04,2.59579079203997
2019-11-05,2.49681360818319
2019-11-06,2.41668754617539
2019-11-07,2.3422932729524
2019-11-08,2.22605709893625
2019-11-09,2.26683660088156
2019-11-10,2.42568018427843
2019-11-11,2.30900010133694
2019-11-12,2.34794766126077
2019-11-13,2.39436914206047
2019-11-14,2.33418121262034
2019-11-15,2.2639745163796
2019-11-16,2.2372088952597
2019-11-17,2.24677675161734
2019-11-18,2.18790179233931
2019-11-19,2.13464266868422
2019-11-20,2.19302207904308
2019-11-21,2.03407666757348
2019-11-22,1.98947039365784
2019-11-23,1.95289705099426
2019-11-24,1.89151816880864
2019-11-25,1.95921575611355
2019-11-26,1.88975936752496
2019-11-27,2.00882159635837
2019-11-28,1.99948752765712
2019-11-29,2.02990736702513
2019-11-30,1.92635290988545
2019-12-01,1.81941251078111
2019-12-02,1.73341292903097
2019-12-03,1.71942817208727
2019-12-04,1.69921146796902
2019-12-05,1.65750796616191
2019-12-06,1.63802099278648
2019-12-07,1.63739725102151
2019-12-08,1.62248662806283
2019-12-09,1.55338137817898
2019-12-10,1.42403561819053
2019-12-11,1.38682598988288
2019-12-12,1.43326626334459
2019-12-13,1.43955770533413
2019-12-14,1.45185634255002
2019-12-15,1.43985144836919
2019-12-16,1.33392658633678
2019-12-17,1.28240298256745
2019-12-18,1.24918447605099
2019-12-19,1.26784233737746
2019-12-20,1.30961059373728
2019-12-21,1.27394804484534
2019-12-22,1.28132330600788
2019-12-23,1.24792948244129
2019-12-24,1.21187727174269
2019-12-25,1.20372047485012
2019-12-26,1.29014280146346
2019-12-27,1.29602890209931
2019-12-28,1.33105121147287
2019-12-29,1.38581095012973
2019-12-30,1.3282029658637
2019-12-31,1.31319033591836
2020-01-01,1.30804355357609
2020-01-02,1.2571713253347
2020-01-03,1.31641824085902
2020-01-04,1.33439764398636
2020-01-05,1.32586636138107
2020-01-06,1.35900502801924
2020-01-07,1.46108842986494
2020-01-08,1.44975958444053
2020-01-09,1.31238746124091
2020-01-10,1.38153618925262
2020-01-11,1.29970072016521
2020-01-12,1.66083391707179
2020-01-13,1.8905406376522
2020-01-14,1.9465222060268
2020-01-15,1.94214289070044
2020-01-16,2.06624163165907
2020-01-17,2.02894016447966
2020-01-18,1.83054490052059
2020-01-19,1.81720393651762
2020-01-20,2.06338689661408
2020-01-21,2.27722463642589
2020-01-22,2.47389393088109
2020-01-23,2.15712771101102
2020-01-24,2.39215879820591
2020-01-25,2.32911002994397
2020-01-26,2.43561657876517
2020-01-27,2.54992633056028
2020-01-28,2.64008638668003
2020-01-29,2.51422583675628
2020-01-30,2.5903768973007
2020-01-31,2.4259438458585
2020-02-01,2.34594060146099
2020-02-02,2.26954774738938
2020-02-03,2.30708884999358
2020-02-04,1.86870242193722
2020-02-05,2.11905662299948
2020-02-06,1.95988537936832
2020-02-07,1.96005587996493
2020-02-08,1.99335933030065
2020-02-09,1.95840005848341
2020-02-10,2.00929106433401
2020-02-11,1.85680033319199
2020-02-12,1.78947063226471
2020-02-13,1.8271386270606
2020-02-14,1.74820582209092
2020-02-15,1.64455175439334
2020-02-16,1.68155924690705
2020-02-17,1.57120833951209
2020-02-18,1.619726894258
2020-02-19,1.56035785222133
2020-02-20,1.4948567746947
2020-02-21,1.51341930780696
2020-02-22,1.52754756735232
2020-02-23,1.59631933259278
2020-02-24,1.61858940145407
2020-02-25,1.51676468857998
2020-02-26,1.51897988840681
2020-02-27,1.50332100847746
2020-02-28,1.37447238011617
2020-02-29,1.40839312578797
2020-03-01,1.37824143573978
2020-03-02,1.44984270020383
2020-03-03,1.4443843280003
2020-03-04,1.44628956223697
2020-03-05,1.51236113994157
2020-03-06,1.46051507136596
2020-03-07,1.5153948739766
2020-03-08,1.32367094665803
2020-03-09,1.13707948606148
2020-03-10,1.15564046260368
2020-03-11,1.088025553849
2020-03-12,0.507396820438384
2020-03-13,0.760677155732447
2020-03-14,0.652576878963254
2020-03-15,0.572674721592723
2020-03-16,0.560916470760398
2020-03-17,0.613060234946806
2020-03-18,0.620136101133548
2020-03-19,0.680856063707832
2020-03-20,0.625997015375433
2020-03-21,0.680560465900711
2020-03-22,0.632149421408511
2020-03-23,0.67195210167475
2020-03-24,0.725166379201941
2020-03-25,0.727072951120672
2020-03-26,0.718134222929983
2020-03-27,0.651805675576354
2020-03-28,0.628603672328471
2020-03-29,0.60324124153658
2020-03-30,0.665157734424757
2020-03-31,0.69315361817291
2020-04-01,0.643983084244188
2020-04-02,0.629564067607837
2020-04-03,0.617433258157747
2020-04-04,0.604227845976744
2020-04-05,0.581965455346559
2020-04-06,0.603617005425439
2020-04-07,0.569616771929135
2020-04-08,0.595923858678551
2020-04-09,0.586028015712308
2020-04-10,0.539358461392741
2020-04-11,0.534049468182055
2020-04-12,0.561931656657477
2020-04-13,0.565389489193089
2020-04-14,0.567163171149448
2020-04-15,0.506848896795324
2020-04-16,0.530450301643751
2020-04-17,0.520482547084015
2020-04-18,0.53724328028238
2020-04-19,0.542988041287156
2020-04-20,0.501936164172584
2020-04-21,0.527570399527729
2020-04-22,0.569358266556049
2020-04-23,0.604649991193741
2020-04-24,0.600065078719538
2020-04-25,0.588504721782827
2020-04-26,0.596514239338269
2020-04-27,0.612560841252508
2020-04-28,0.663275422334415
2020-04-29,0.653888939527123
2020-04-30,0.719565283740156
2020-05-01,0.729549967564875
2020-05-02,0.754001890434612
2020-05-03,0.716995627051688
2020-05-04,0.747949371981969
2020-05-05,0.74013452507261
2020-05-06,0.804936707338983
2020-05-07,1.10417321289278
2020-05-08,1.37462552752583
2020-05-09,1.40576180702761
2020-05-10,1.42947921015953
2020-05-11,1.34404295195094
2020-05-12,1.75745440576127
2020-05-13,1.66695010341181
2020-05-14,1.9602538975453
2020-05-15,1.84774040564792
2020-05-16,1.64289447393943
2020-05-17,1.5557893190761
2020-05-18,1.94632795986579
2020-05-19,1.99735208185127
2020-05-20,2.02561547637598
2020-05-21,2.00130305529066
2020-05-22,1.94839736419699
2020-05-23,1.68116118861587
2020-05-24,1.9373707445751
2020-05-25,1.98773365657565
2020-05-26,2.29739818394639
2020-05-27,2.289064387839
2020-05-28,2.45923466146061
2020-05-29,2.44997721664126
2020-05-30,2.55889440008487
2020-05-31,2.47827169034316
2020-06-01,2.70490854834738
2020-06-02,2.45970256650873
2020-06-03,2.58403360934718
2020-06-04,2.62890119233348
2020-06-05,2.18924188883255
2020-06-06,2.14459083689148
2020-06-07,2.14933924198528
2020-06-08,1.95499794188149
2020-06-09,1.8685541931933
2020-06-10,3.20684723053613
2020-06-11,3.35439119422346
2020-06-12,3.60978747689911
2020-06-13,4.02223813995094
2020-06-14,3.60170939740853
2020-06-15,3.41758006412034
2020-06-16,4.21814843587762
2020-06-17,3.9934903333909
2020-06-18,3.7855837668375
2020-06-19,3.48326830267436
2020-06-20,3.03151283510372
2020-06-21,2.77484617446492
2020-06-22,2.73319350853895
2020-06-23,2.84305243302137
2020-06-24,2.60043364591843
2020-06-25,2.75462500352612
2020-06-26,2.67244915875486
2020-06-27,2.33885386889655
2020-06-28,2.40502430335379
2020-06-29,2.2956479653513
2020-06-30,2.22249265288073
2020-07-01,2.16752621359122
2020-07-02,2.04829677903126
2020-07-03,1.8456786585371
2020-07-04,1.92730930453738
2020-07-05,1.90591040507054
2020-07-06,1.91213478817174
2020-07-07,1.89651047451199
2020-07-08,2.15485318433615
2020-07-09,2.21020463219423
2020-07-10,2.27340301615759
2020-07-11,2.40224513088395
2020-07-12,2.38470445065153
2020-07-13,2.26260375270111
2020-07-14,2.23941860791929
2020-07-15,2.16534723023068
2020-07-16,2.12506591728846
2020-07-17,1.90977532934174
2020-07-18,1.7659477048985
2020-07-19,1.61372539690671
2020-07-20,1.67086854564015
2020-07-21,1.68983857631854
2020-07-22,1.6227868855533
2020-07-23,1.65301051928412
2020-07-24,1.71808667193756
2020-07-25,1.8434499758007
2020-07-26,1.8245608603561
2020-07-27,1.92499403087638
2020-07-28,1.95320310251141
2020-07-29,1.92475531675136
2020-07-30,1.78175236699882
2020-07-31,1.87910084384833
2020-08-01,2.00476313076196
2020-08-02,2.0507241732095
2020-08-03,2.07765497556262
2020-08-04,1.9149182721357
2020-08-05,1.90485479077985
2020-08-06,1.98463515278513
2020-08-07,1.83206019615548
2020-08-08,1.94916681243447
2020-08-09,1.98872925586302
2020-08-10,2.23465283096097
2020-08-11,2.48708174803485
2020-08-12,2.5440661314697
2020-08-13,4.33810075243321
2020-08-14,4.21540909412622
2020-08-15,4.77232087803652
2020-08-16,5.04003371714553
2020-08-17,3.53262945184804
2020-08-18,3.40420485856679
2020-08-19,3.39619317890849
2020-08-20,3.55434207597377
2020-08-21,3.10773642539042
2020-08-22,2.95047993784445
2020-08-23,3.05358988343771
2020-08-24,3.07465580895029
2020-08-25,2.96425925580846
2020-08-26,3.10698876682086
2020-08-27,3.11772929410888
2020-08-28,3.5251448436424
2020-08-29,3.21729854974648
2020-08-30,3.79321389420929
2020-08-31,3.60845190686637
2020-09-01,3.3637922282312
2020-09-02,3.07066704187751
2020-09-03,2.74389139924828
2020-09-04,2.71479018271209
2020-09-05,2.66231396660376
2020-09-06,3.03962511021203
2020-09-07,3.15412552703983
2020-09-08,3.13654998937785
2020-09-09,3.58851656682842
2020-09-10,4.01882776993951
2020-09-11,3.95178954542501
2020-09-12,4.09254774758651
2020-09-13,3.69061186801558
2020-09-14,3.58608596091549
2020-09-15,3.61993173580078
2020-09-16,3.49955224515263
2020-09-17,3.56576764803841
2020-09-18,3.53932782945224
2020-09-19,3.50921620588373
2020-09-20,3.45588194680398
2020-09-21,3.36807083390817
2020-09-22,3.39924881843515
2020-09-23,3.38171431551675
2020-09-24,3.39377321533653
2020-09-25,3.37068544819652
2020-09-26,3.3450969015297
2020-09-27,3.17666387851208
2020-09-28,3.15234595064059
2020-09-29,3.11168931781241
2020-09-30,2.9807097338744
2020-10-01,2.86683070519857
2020-10-02,2.88680156166144
2020-10-03,2.84982935305964
2020-10-04,2.81829630487263
2020-10-05,2.75930241027134
2020-10-06,2.66382579793529
2020-10-07,2.63693045423523
2020-10-08,2.62725558513646
2020-10-09,2.62423046256027
2020-10-10,2.65371587277991
2020-10-11,2.65363838688811
2020-10-12,2.62241102549362
2020-10-13,2.61357646548157
2020-10-14,2.60752098156645
2020-10-15,2.39754703069481
2020-10-16,2.15283805092395
2020-10-17,2.14208241472542
2020-10-18,2.16248236419013
2020-10-19,2.17918697473378
2020-10-20,1.86131687516715
2020-10-21,2.07974322733955
2020-10-22,1.98094887468198
2020-10-23,1.96536396376608
2020-10-24,1.83594136924021
2020-10-25,1.81831855831093
2020-10-26,1.81765020504868
2020-10-27,1.92010981723203
2020-10-28,1.64583013152436
2020-10-29,1.68301285267771
2020-10-30,1.75560073199033
2020-10-31,1.71823966226811
2020-11-01,1.75297359955613
2020-11-02,1.55578337790943
2020-11-03,1.57194141708708
2020-11-04,1.56396138221464
2020-11-05,1.67403665743615
2020-11-06,1.6120391884669
2020-11-07,1.62081741074584
2020-11-08,1.6241429892024
2020-11-09,1.61547501610336
2020-11-10,1.62077936654331
2020-11-11,1.63275277584172
2020-11-12,1.61493332451972
2020-11-13,1.49605281463676
2020-11-14,1.48508838386322
2020-11-15,1.47706220610408
2020-11-16,1.50533337806843
2020-11-17,1.49772224783214
2020-11-18,1.34633946202297
2020-11-19,1.24766317972625
2020-11-20,1.16379538881034
2020-11-21,1.26723316708372
2020-11-22,1.2975219343192
2020-11-23,1.36292835726603
2020-11-24,1.34238379949727
2020-11-25,1.32762408556573
2020-11-26,1.16544411894372
2020-11-27,1.14026850053765
2020-11-28,1.20792783365839
2020-11-29,1.21878808098819
2020-11-30,1.26167466147814
2020-12-01,1.32290052153075
2020-12-02,1.3089159957189
2020-12-03,1.28842186002391
2020-12-04,1.28334804306605
2020-12-05,1.30842185551888
2020-12-06,1.32235124219108
2020-12-07,1.39114755300667
2020-12-08,1.40913735031928
2020-12-09,1.41397526736878
2020-12-10,1.47731209907924
2020-12-11,1.45397168207013
2020-12-12,1.51890165330288
2020-12-13,1.45050400849874
2020-12-14,1.53132933392708
2020-12-15,1.51753015013546
2020-12-16,1.6297311314998
2020-12-17,1.72537543607085
2020-12-18,1.67142771576896
2020-12-19,1.67024546660077
2020-12-20,1.54874011203584
2020-12-21,1.53350566422186
2020-12-22,1.54915818695455
2020-12-23,1.53567826766486
2020-12-24,1.52890525501193
2020-12-25,1.52880713093859
2020-12-26,1.525339265815
2020-12-27,1.4939063085623
2020-12-28,1.50002899106838
2020-12-29,1.50969791956124
2020-12-30,1.48906515606582
2020-12-31,1.45269772947172
2021-01-01,1.44553013165316
2021-01-02,1.43995156598671
2021-01-03,1.55431620354769
2021-01-04,1.53694821014455
2021-01-05,1.6486185521369
2021-01-06,1.79550326119933
2021-01-07,1.84431207353915
2021-01-08,1.61307500452863
2021-01-09,1.55911575233781
2021-01-10,1.55809086244839
2021-01-11,1.42050094742818
2021-01-12,1.40075306805701
2021-01-13,1.51573169152823
2021-01-14,1.50136594709437
2021-01-15,1.50787793285506
2021-01-16,1.52206123644478
2021-01-17,1.54992529888853
2021-01-18,1.58209294716742
2021-01-19,1.95807971856555
2021-01-20,2.03068844313898
2021-01-21,1.97864381656927
2021-01-22,3.85976426692339
2021-01-23,3.98671846761881
2021-01-24,4.22102267165884
2021-01-25,4.51874865478713
2021-01-26,4.50550768186461
2021-01-27,3.79565271278658
2021-01-28,3.88857509275023
2021-01-29,3.47269387444696
2021-01-30,3.039636610837
2021-01-31,3.13624266353222
2021-02-01,2.99900747531786
2021-02-02,3.1577332463218
2021-02-03,3.47186590058517
2021-02-04,3.59227555656318
2021-02-05,3.78821445287413
2021-02-06,3.52363309452163
2021-02-07,3.34697827260035
2021-02-08,3.4028388807621
2021-02-09,3.39979077669421
2021-02-10,3.65718855305684
2021-02-11,3.59282614768081
2021-02-12,4.50932880832554
2021-02-13,4.70071363529624
2021-02-14,4.60465273415938
2021-02-15,4.29512576358692
2021-02-16,4.57837659623812
2021-02-17,4.64133791143299
2021-02-18,4.82928154019111
2021-02-19,5.2051921539996
2021-02-20,4.95324725693388
2021-02-21,4.45343046274168
2021-02-22,4.21150508961364
2021-02-23,3.58120080082438
2021-02-24,3.63485978941471
2021-02-25,3.4802869259242
2021-02-26,3.65243551992964
2021-02-27,4.47894864565571
2021-02-28,4.0636180398313
2021-03-01,4.17185360391198
2021-03-02,4.03006157885565
2021-03-03,4.18297735198394
2021-03-04,3.95216651326931
2021-03-05,3.95936560536643
2021-03-06,3.99391670406224
2021-03-07,4.80337232713698
2021-03-08,4.81884085505049
2021-03-09,5.14876306201356
2021-03-10,5.28773103345065
2021-03-11,5.19166583420483
2021-03-12,5.11516818197709
2021-03-13,5.38377932008685
2021-03-14,7.1429216592249
2021-03-15,7.19839098847224
2021-03-16,7.24182077123189
2021-03-17,17.349660393255
2021-03-18,16.9870297354688
2021-03-19,18.7657029407404
2021-03-20,27.4605375263877
2021-03-21,30.1553959519033
2021-03-22,23.5518506402382
2021-03-23,23.5668280074565
2021-03-24,19.6031699858782
2021-03-25,18.7587220360309
2021-03-26,23.5580520756601
2021-03-27,26.7418042748527
2021-03-28,24.5360145726535
2021-03-29,24.5641729802468
2021-03-30,24.9855388797891
2021-03-31,23.3780073110222
2021-04-01,29.9587697903841
2021-04-02,35.688485272295
2021-04-03,36.4562836233702
2021-04-04,39.2348829822385
2021-04-05,34.9907798640039
2021-04-06,30.899659050984
2021-04-07,30.0649646412282
2021-04-08,32.8151307055874
2021-04-09,31.2566769888283
2021-04-10,32.0160736645758
2021-04-11,31.1292891579979
2021-04-12,30.2497933839183
2021-04-13,30.3217484588618
2021-04-14,28.9449317529784
2021-04-15,30.6841864627704
2021-04-16,32.4067223739804
2021-04-17,32.9269309606731
2021-04-18,27.7222866658177
2021-04-19,28.0223846390909
2021-04-20,29.7231763148397
2021-04-21,30.5928901886625
2021-04-22,28.9913046483453
2021-04-23,27.1170945732241
2021-04-24,28.1269427783151
2021-04-25,26.7842864827154
2021-04-26,29.1106787915846
2021-04-27,29.73000430047
2021-04-28,31.0629707758244
2021-04-29,34.364690795827
2021-04-30,34.4976498596733
2021-05-01,34.5928340088241
2021-05-02,33.9067859166705
2021-05-03,32.6434106162401
2021-05-04,29.9368325102439
2021-05-05,30.9795749340108
2021-05-06,32.243044516755
2021-05-07,32.3724539681907
2021-05-08,34.5769252613195
2021-05-09,33.158584075386
2021-05-10,42.9347460337541
2021-05-11,40.795724340147
2021-05-12,36.8615617201404
2021-05-13,33.9650153446108
2021-05-14,33.9307327282886
2021-05-15,31.4606119581915
2021-05-16,29.9440721030407
2021-05-17,29.1448427460782
2021-05-18,30.0843477796687
2021-05-19,22.5655331070593
2021-05-20,22.9413441829304
2021-05-21,17.7846083299331
2021-05-22,17.479053158144
2021-05-23,13.6085320147851
2021-05-24,20.6053911867817
2021-05-25,23.7152970283605
2021-05-26,28.5632621906725
2021-05-27,31.2292703039163
2021-05-28,27.1853110579339
2021-05-29,23.0768904612125
2021-05-30,23.4118975443143
2021-05-31,23.8889341923023
2021-06-01,24.9784797926967
2021-06-02,27.5421858813484
2021-06-03,30.8630735434595
2021-06-04,28.1784130933266
2021-06-05,27.4365462458262
2021-06-06,25.5821019515848
2021-06-07,24.8304682937738
2021-06-08,25.7227097059884
2021-06-09,27.8370265278354
2021-06-10,27.3129423202805
2021-06-11,26.0746714778322
2021-06-12,25.76999163368
2021-06-13,27.0269573930337
2021-06-14,27.2845640907615
2021-06-15,26.4094016444885
2021-06-16,25.4083985428495
2021-06-17,24.7137800881012
2021-06-18,24.2803263712479
2021-06-19,24.3447022166384
2021-06-20,25.2357375517965
2021-06-21,20.1015607883927
2021-06-22,24.8915626845149
2021-06-23,23.6927075433462
2021-06-24,23.2786853108376
2021-06-25,20.0984499951071
2021-06-26,18.4996934058542
2021-06-27,19.9377352416703
2021-06-28,19.4478201729661
2021-06-29,20.1815136457487
2021-06-30,19.623860971819
2021-07-01,18.3767083522283
2021-07-02,17.3831178257575
2021-07-03,17.9838747504348
2021-07-04,18.2148513445271
2021-07-05,17.2705095119563
2021-07-06,17.1911363518124
2021-07-07,17.2973171568839
2021-07-08,16.3734444447585
2021-07-09,16.0737118585343
2021-07-10,15.7005521988219
2021-07-11,15.7127044901757
2021-07-12,14.6749332805947
2021-07-13,14.5853222785254
2021-07-14,14.3622747845382
2021-07-15,13.459336489918
2021-07-16,12.419897582085
2021-07-17,13.9658178234693
2021-07-18,12.9338244399012
2021-07-19,11.6375405816848
2021-07-20,11.1469533010751
2021-07-21,11.468103165736
2021-07-22,11.4135437291846
2021-07-23,11.9932902011044
2021-07-24,12.0672374746686
2021-07-25,12.2034259538673
2021-07-26,12.3569213216044
2021-07-27,14.3716918180882
2021-07-28,14.0337732276705
2021-07-29,16.2962977819283
2021-07-30,19.1353807449679
2021-07-31,18.9587380048241
2021-08-01,17.0229014012965
2021-08-02,17.08753442241
2021-08-03,15.9460868858678
2021-08-04,17.03935726725
2021-08-05,16.5123696982989
2021-08-06,17.0745656060322
2021-08-07,16.9335841594599
2021-08-08,18.5307849212
2021-08-09,18.8096193252485
2021-08-10,19.0930250063093
2021-08-11,18.3851719721235
2021-08-12,18.2622031772955
2021-08-13,19.1491455729527
2021-08-14,19.797137397367
2021-08-15,20.0786569046971
2021-08-16,19.38978418475
2021-08-17,18.4244740979433
2021-08-18,18.5442900561499
2021-08-19,21.0474902892607
2021-08-20,21.6695539820276
2021-08-21,22.3642960439606
2021-08-22,21.6886900589341
2021-08-23,21.8546650591163
2021-08-24,20.0578272082926
2021-08-25,20.8449237110547
2021-08-26,18.7078886515125
2021-08-27,20.5614104528934
2021-08-28,19.6315329087804
2021-08-29,20.5828776520555
2021-08-30,19.5374880399052
2021-08-31,20.5319467193202
2021-09-01,21.0485737341151
2021-09-02,20.4134654604506
2021-09-03,20.7226120940232
2021-09-04,20.5783856448841
2021-09-05,21.9422358240064
2021-09-06,22.705639825881
2021-09-07,19.393368170792
2021-09-08,18.9857708083216
2021-09-09,18.7733050337605
2021-09-10,17.2402870588199
2021-09-11,17.4483248554784
2021-09-12,18.7451028263695
2021-09-13,17.2411744184687
2021-09-14,18.3690409409702
2021-09-15,19.0205153089686
2021-09-16,18.6538751859985
2021-09-17,18.8991800915556
2021-09-18,18.9887755974471
2021-09-19,18.1032681725218
2021-09-20,16.7604989188323
2021-09-21,15.7661969344925
2021-09-22,17.9541800113612
2021-09-23,17.9366744750838
2021-09-24,17.223826698063
2021-09-25,17.0952748306181
2021-09-26,16.9577221488972
2021-09-27,16.4623734554443
2021-09-28,16.0337740990655
2021-09-29,16.7588085743502
2021-09-30,16.8588735320954
2021-10-01,17.6897645326236
2021-10-02,17.9354862617391
2021-10-03,17.5518765451246
2021-10-04,17.4451277264394
2021-10-05,18.0038103845077
2021-10-06,17.8762733396136
2021-10-07,17.8805338472017
2021-10-08,18.2289794465872
2021-10-09,18.2443061524418
2021-10-10,17.7484549068404
2021-10-11,17.7427524091714
2021-10-12,17.7960053842011
2021-10-13,18.2765432993807
2021-10-14,24.8337999459091
2021-10-15,21.8069591710342
2021-10-16,21.5722536882745
2021-10-17,20.2074192424973
2021-10-18,28.2964627844045
2021-10-19,30.4191377914491
2021-10-20,27.4891441933951
2021-10-21,25.5824539265662
2021-10-22,25.1434239765554
2021-10-23,24.4974377179672
2021-10-24,23.3034685019388
2021-10-25,25.9638561279256
2021-10-26,24.4658861305246
2021-10-27,22.5627637812922
2021-10-28,23.4227512990576
2021-10-29,23.9754806734187
2021-10-30,27.5412856185763
2021-10-31,28.3155454529827
2021-11-01,26.6384314722676
2021-11-02,29.6602858669781
2021-11-03,29.4445192491896
2021-11-04,33.9226709430823
2021-11-05,32.3605529477713
2021-11-06,33.1991713418132
2021-11-07,35.8358066790526
2021-11-08,49.6869829897853
2021-11-09,72.4114071040878
2021-11-10,72.5891283096633
2021-11-11,63.4855852863298
2021-11-12,58.9095035712362
2021-11-13,67.8006211644371
2021-11-14,64.1959328356856
2021-11-15,65.9575121930766
2021-11-16,61.8020436620935
2021-11-17,55.4512440574719
2021-11-18,46.8169184767128
2021-11-19,53.5093554767863
2021-11-20,52.3292175831186
2021-11-21,50.3524681789002
2021-11-22,47.674563603019
2021-11-23,50.1594604324831
2021-11-24,46.1029335170976
2021-11-25,61.1954184170453
2021-11-26,54.8065049316684
2021-11-27,58.8265656604231
2021-11-28,57.239625141312
2021-11-29,55.1478711381719
2021-11-30,52.3215941260088
2021-12-01,55.8212004534257
2021-12-02,53.1829759830336
2021-12-03,47.185882548123
2021-12-04,42.4433282993259
2021-12-05,41.318478890756
2021-12-06,42.8642261438733
2021-12-07,41.2253215718815
2021-12-08,41.4853254658128
2021-12-09,38.1010951925172
2021-12-10,36.1840974041541
2021-12-11,38.3125934011094
2021-12-12,38.8622102364868
2021-12-13,32.7439185907845
2021-12-14,33.0258649744426
2021-12-15,35.2015540376241
2021-12-16,36.9551503020484
2021-12-17,36.1838155273404
2021-12-18,36.3765662049954
2021-12-19,35.5952317389026
2021-12-20,34.0492441990568
2021-12-21,36.7657842954685
2021-12-22,40.8640367781406
2021-12-23,44.3674023002318
2021-12-24,44.1175624157077
2021-12-25,44.735849234961
2021-12-26,43.5447662178316
2021-12-27,43.8572108842501
2021-12-28,38.755931351759
2021-12-29,42.5561752935701
2021-12-30,40.2430194339779
2021-12-31,39.9099833846954
2022-01-01,40.818140375496
2022-01-02,40.6487229572115
2022-01-03,41.8495201001065
2022-01-04,43.2049302920933
2022-01-05,42.6379900581536
2022-01-06,41.9806858233864
2022-01-07,37.0842482267489
2022-01-08,35.1710845456071
2022-01-09,36.9842467260329
2022-01-10,33.4016335408514
2022-01-11,36.8236572927166
2022-01-12,39.2148132346574
2022-01-13,35.7876580556639
2022-01-14,36.1478705539902
2022-01-15,36.2599901206917
2022-01-16,36.3322883810019
2022-01-17,34.498434079282
2022-01-18,34.1278262360466
2022-01-19,32.5956468241242
2022-01-20,30.3977390770683
2022-01-21,24.9355851070139
2022-01-22,23.7118045183537
2022-01-23,24.2354453491907
2022-01-24,23.3547139412043
2022-01-25,23.659966010263
2022-01-26,24.1284327853542
2022-01-27,24.1034065928201
2022-01-28,25.7778858227621
2022-01-29,26.944905643395
2022-01-30,26.3031593094532
2022-01-31,27.1242788411599
2022-02-01,26.653082965258
2022-02-02,26.7531686701659
2022-02-03,25.4182717533819
2022-02-04,29.5300975210521
2022-02-05,29.7951457978279
2022-02-06,30.9546813507612
2022-02-07,32.0083437358203
2022-02-08,30.7457157873534
2022-02-09,34.0022583544797
2022-02-10,33.607726067576
2022-02-11,29.9043233690543
2022-02-12,28.4470088586748
2022-02-13,25.9916328055133
2022-02-14,26.3816658779238
2022-02-15,28.6267847697632
2022-02-16,28.7322693431807
2022-02-17,25.5883468529412
2022-02-18,25.0111847272278
2022-02-19,25.3856794254244
2022-02-20,23.9280246359205
2022-02-21,22.0844155760179
2022-02-22,23.6453199341534
2022-02-23,22.3414170846763
2022-02-24,22.1654511612202
2022-02-25,25.2066650353014
2022-02-26,24.3312960681569
2022-02-27,23.8940714080434
2022-02-28,26.1473096597444
2022-03-01,27.1021996918351
2022-03-02,26.6119502680168
2022-03-03,25.2814258927484
2022-03-04,22.8870797906759
2022-03-05,23.3179306895059
2022-03-06,22.1135966086367
2022-03-07,22.481396137249
2022-03-08,23.1537692567253
2022-03-09,25.1574585088668
2022-03-10,24.2205328611411
2022-03-11,22.915670869627
2022-03-12,23.0676900711581
2022-03-13,22.2424481371506
2022-03-14,23.3353049079698
2022-03-15,23.1248274912829
2022-03-16,24.0991760262843
2022-03-17,24.8885646040099
2022-03-18,25.8035040420857
2022-03-19,27.6510613578314
2022-03-20,26.3497295412665
2022-03-21,26.7794935583296
2022-03-22,27.9786403416313
2022-03-23,28.4796330211587
2022-03-24,28.0112769486497
2022-03-25,27.7321617893876
2022-03-26,27.4327278118011
2022-03-27,29.06620914059
2022-03-28,29.2202014218153
2022-03-29,29.308695283635
2022-03-30,30.7141959648988
2022-03-31,27.761994475925
2022-04-01,28.7319805206573
2022-04-02,29.4898646547116
2022-04-03,29.5642339692391
2022-04-04,27.9357445886396
2022-04-05,27.4759391157921
2022-04-06,24.1876650915037
2022-04-07,25.3226531299393
2022-04-08,23.8579378025961
2022-04-09,25.2071941029787
2022-04-10,24.3212989696355
2022-04-11,22.3306841991696
2022-04-12,23.7980965307814
2022-04-13,24.3875518115331
2022-04-14,23.9072866121313
2022-04-15,23.2780756942634
2022-04-16,23.0092036991877
2022-04-17,22.3318317933269
2022-04-18,23.3698656646888
2022-04-19,24.007836158752
2022-04-20,23.3843696602842
2022-04-21,25.8007617617656
2022-04-22,25.8284145222488
2022-04-23,26.2294839679312
2022-04-24,26.1531118856773
2022-04-25,26.4265536470221
2022-04-26,23.453824506834
2022-04-27,24.7157916774819
2022-04-28,24.4192572083673
2022-04-29,23.4083298777539
2022-04-30,22.0413531640345
2022-05-01,23.0924724063326
2022-05-02,22.0780655470928
2022-05-03,21.7595705130998
2022-05-04,23.844624674358
2022-05-05,21.4954613842554
2022-05-06,21.7979412616069
2022-05-07,21.9473327865694
2022-05-08,20.2327552057644
2022-05-09,17.8472138023817
2022-05-10,17.7106834027802
2022-05-11,14.3393654842237
2022-05-12,14.2987209035427
2022-05-13,14.66747151307
2022-05-14,15.1021121318407
2022-05-15,15.74420750121
2022-05-16,14.5270416147681
2022-05-17,15.2751339054121
2022-05-18,13.5008170582394
2022-05-19,14.3071356308198
2022-05-20,15.535686906858
2022-05-21,15.0614560026361
2022-05-22,15.3606831546119
2022-05-23,14.176832609831
2022-05-24,13.6385062042064
2022-05-25,13.3082627694892
2022-05-26,12.1608839406947
2022-05-27,12.022013112306
2022-05-28,12.2715139652967
2022-05-29,12.6679689798207
2022-05-30,13.5339995884842
2022-05-31,12.8838880838924
2022-06-01,12.1976777936623
2022-06-02,12.2945245433255
2022-06-03,11.9633545122017
2022-06-04,12.3833232713515
2022-06-05,12.3284415044227
2022-06-06,12.5589669248134
2022-06-07,12.1926488671562
2022-06-08,12.3186447663277
2022-06-09,12.0255211963367
2022-06-10,11.2255373534768
2022-06-11,10.1866095496274
2022-06-12,9.47058395269877
2022-06-13,8.24459709444183
2022-06-14,8.06795061126639
2022-06-15,8.40289626756142
2022-06-16,7.08307398136948
2022-06-17,7.71648577330894
2022-06-18,7.0708955182558
2022-06-19,7.49553770546504
2022-06-20,8.01060732062807
2022-06-21,8.3515797979587
2022-06-22,7.9339428938893
2022-06-23,8.64267706254475
2022-06-24,10.6503936236511
2022-06-25,9.59556554137366
2022-06-26,9.17296066726746
2022-06-27,9.42735673736197
2022-06-28,9.08316536546129
2022-06-29,10.3536533372178
2022-06-30,9.18372595524559
2022-07-01,8.46559895348946
2022-07-02,8.30614395588888
2022-07-03,8.18916583371841
2022-07-04,8.51368799264798
2022-07-05,8.29561631671777
2022-07-06,8.72500318640359
2022-07-07,8.95691653056717
2022-07-08,9.20053896531607
2022-07-09,9.5045799307193
2022-07-10,9.17222288273111
2022-07-11,8.29441697144737
2022-07-12,7.84883879083218
2022-07-13,8.10184398392698
2022-07-14,8.29051073364302
2022-07-15,8.57514421971185
2022-07-16,8.77101463240424
2022-07-17,9.13949674543037
2022-07-18,9.60190689678963
2022-07-19,9.73360162927657
2022-07-20,9.06757682391143
2022-07-21,9.24246513731724
2022-07-22,8.95589848052544
2022-07-23,9.02170784342464
2022-07-24,9.14024930752238
2022-07-25,8.55526847498018
2022-07-26,8.24604515055668
2022-07-27,8.78987880300197
2022-07-28,11.9661776912789
2022-07-29,12.7271129469847
2022-07-30,11.6341062868883
2022-07-31,11.5204064564485
2022-08-01,11.2350888950074
2022-08-02,11.0978438388419
2022-08-03,10.796052983388
2022-08-04,11.0496750895453
2022-08-05,11.9531495551505
2022-08-06,11.6516787222418
2022-08-07,11.7058936830283
2022-08-08,11.7328892893783
2022-08-09,11.3236693472767
2022-08-10,12.1453103161368
2022-08-11,11.7208953012829
2022-08-12,12.4021941946026
2022-08-13,12.1926097173493
2022-08-14,11.8674526917978
2022-08-15,11.8745942737702
2022-08-16,12.3054198373989
2022-08-17,11.2838099750808
2022-08-18,11.0855250748347
2022-08-19,9.81924149506127
2022-08-20,9.98765267342347
2022-08-21,10.3953964189898
2022-08-22,10.0403679438599
2022-08-23,10.6425682669194
2022-08-24,11.1208070392996
2022-08-25,11.3472473138404
2022-08-26,10.5257618391114
2022-08-27,10.0168370727328
2022-08-28,9.56619334389139
2022-08-29,10.2292509525525
2022-08-30,10.1589441269435
2022-08-31,10.1036589208864
2022-09-01,10.0688358138087
2022-09-02,10.1599488068134
2022-09-03,10.1575124762
2022-09-04,10.5250279972569
2022-09-05,10.78723135484
2022-09-06,9.54353348554062
2022-09-07,10.2305503674712
2022-09-08,9.9003350451128
2022-09-09,10.6949510844903
2022-09-10,10.974351267663
2022-09-11,11.2175939401415
2022-09-12,10.9854004858374
2022-09-13,9.73372044161332
2022-09-14,9.96581823593592
2022-09-15,9.28177090669823
2022-09-16,9.37154024240621
2022-09-17,9.62250252511616
2022-09-18,8.68831834931306
2022-09-19,9.13171188455029
2022-09-20,8.98376406675171
2022-09-21,8.76118314305046
2022-09-22,9.48175750860196
2022-09-23,9.59568083819483
2022-09-24,9.36177844714291
2022-09-25,9.25100643981253
2022-09-26,9.06876403048843
2022-09-27,8.91875157267853
2022-09-28,8.86354097619268
2022-09-29,9.02534125081859
2022-09-30,9.02117580200171
2022-10-01,9.03059639392437
2022-10-02,8.72950506328759
2022-10-03,9.02565036611356
2022-10-04,9.28832208795586
2022-10-05,9.23734623745531
2022-10-06,9.42634729734921
2022-10-07,9.27716916429881
2022-10-08,9.22603471176947
2022-10-09,9.36673097191727
2022-10-10,9.13661488417611
2022-10-11,8.80882028614342
2022-10-12,8.84990769764194
2022-10-13,8.67724380025025
2022-10-14,8.43065467545823
2022-10-15,8.45976161904261
2022-10-16,8.70547141206981
2022-10-17,8.89629012991827
2022-10-18,8.69777100401106
2022-10-19,8.39857196061621
2022-10-20,8.81856279343009
2022-10-21,8.78531508862102
2022-10-22,8.80062068865544
2022-10-23,8.96865739865622
2022-10-24,8.7016654630866
2022-10-25,8.96136999202019
2022-10-26,9.32114401958667
2022-10-27,9.04132176756937
2022-10-28,9.3082926631729
2022-10-29,9.4154148278821
2022-10-30,9.31261064551348
2022-10-31,9.37772930156696
2022-11-01,9.44129850881133
2022-11-02,9.14581893994949
2022-11-03,10.2126972407821
2022-11-04,10.6209844056457
2022-11-05,10.3423466520675
2022-11-06,9.85803635065972
2022-11-07,10.9432507774223
2022-11-08,8.64510384207389
2022-11-09,7.02356922108288
2022-11-10,8.02334145760195
2022-11-11,7.59891856253398
2022-11-12,6.76305016793748
2022-11-13,6.64441931506056
2022-11-14,6.93783555328009
2022-11-15,7.30308457001977
2022-11-16,7.13551051246261
2022-11-17,7.26891365983087
2022-11-18,7.26131652783336
2022-11-19,7.40087116966417
2022-11-20,6.92223720608005
2022-11-21,6.94462767781563
2022-11-22,7.14613380402609
2022-11-23,7.31235861123468
2022-11-24,7.41648942975947
2022-11-25,7.49968152888802
2022-11-26,7.35957985362542
2022-11-27,7.45445713491616
2022-11-28,7.45375655580464
2022-11-29,7.42834674153615
2022-11-30,7.5531529025439
2022-12-01,7.49517522781704
2022-12-02,7.63341438859795
2022-12-03,7.34371349066458
2022-12-04,7.47889536086267
2022-12-05,7.5640435834436
2022-12-06,7.55457231676743
2022-12-07,7.16631184212973
2022-12-08,7.27898762208006
2022-12-09,7.24208254156405
2022-12-10,7.31399601022441
2022-12-11,7.05042777944133
2022-12-12,6.81075104728845
2022-12-13,6.69403306848665
2022-12-14,6.74619543086643
2022-12-15,6.47754500673041
2022-12-16,5.54977329765968
2022-12-17,5.77210531914812
2022-12-18,5.71785080788406
2022-12-19,5.39845137684629
2022-12-20,5.71272317234355
2022-12-21,5.64253003471632
2022-12-22,5.66411770766586
2022-12-23,5.61538648308858
2022-12-24,5.59044006349636
2022-12-25,5.61425845823491
2022-12-26,5.41622570343985
2022-12-27,5.0739709892929
2022-12-28,4.66851171537428
2022-12-29,4.56442597275989
2022-12-30,4.43402558938988
2022-12-31,4.540575497476
2023-01-01,4.59265864644405
2023-01-02,4.66682289444185
2023-01-03,4.69851386794895
2023-01-04,4.71076019274003
2023-01-05,4.48699159808805
2023-01-06,4.43669604361645
2023-01-07,4.53119048711706
2023-01-08,4.67607912652807
2023-01-09,4.8891554173199
2023-01-10,4.9770399201659
2023-01-11,5.02712864497326
2023-01-12,5.25039152989571
2023-01-13,5.5390043002326
2023-01-14,5.99313858187972
2023-01-15,6.05517272758221
2023-01-16,6.1164581945314
2023-01-17,6.06533988192322
2023-01-18,5.4143483812449
2023-01-19,5.46490712500794
2023-01-20,6.363816245793
2023-01-21,6.33121942135615
2023-01-22,6.57614557215832
2023-01-23,6.69751320587355
2023-01-24,6.50700645395863
2023-01-25,7.52878168301344
2023-01-26,7.5475782014598
2023-01-27,7.56210587436064
2023-01-28,7.32434649212692
2023-01-29,7.47095452676629
2023-01-30,7.10544075936685
2023-01-31,7.37776258988268
2023-02-01,7.53884955613156
2023-02-02,7.57486794571625
2023-02-03,8.43715846935804
2023-02-04,8.58046146246536
2023-02-05,8.4634516097605
2023-02-06,8.9403949054025
2023-02-07,10.3652630626284
2023-02-08,10.2254006764518
2023-02-09,8.69710060571408
2023-02-10,8.99377723565415
2023-02-11,9.53556807857347
2023-02-12,9.0144052227295
2023-02-13,8.69232808459914
2023-02-14,9.14437154030391
2023-02-15,9.52246714717723
2023-02-16,9.1344166690287
2023-02-17,9.0637728555928
2023-02-18,9.06371577799766
2023-02-19,8.93338106759424
2023-02-20,9.04523016049771
2023-02-21,8.61054478429014
2023-02-22,8.38053405678682
2023-02-23,8.25660284600211
2023-02-24,7.62855360969644
2023-02-25,7.53952027185908
2023-02-26,7.75674496991233
2023-02-27,7.60601185682259
2023-02-28,7.04796027603715
2023-03-01,7.19917438594726
2023-03-02,6.96537161588039
2023-03-03,6.38877987365701
2023-03-04,5.9951717635412
2023-03-05,5.90763333672155
2023-03-06,6.17612986093182
2023-03-07,5.99451437480226
2023-03-08,5.66865708890195
2023-03-09,5.38918162192897
2023-03-10,5.31353183427603
2023-03-11,4.98716681663121
2023-03-12,5.54429428095467
2023-03-13,5.70650396312454
2023-03-14,6.16152551462448
2023-03-15,5.66691865546409
2023-03-16,5.73035299206388
2023-03-17,6.33270008016912
2023-03-18,6.14162675384528
2023-03-19,6.40219094543904
2023-03-20,6.31597682232237
2023-03-21,6.58598641032052
2023-03-22,6.13378985507252
2023-03-23,7.32212759973767
2023-03-24,6.84952517416639
2023-03-25,6.83101154880522
2023-03-26,7.08069548523931
2023-03-27,6.40198255076253
2023-03-28,6.72262252221889
2023-03-29,6.96073701542646
2023-03-30,6.81820114237016
2023-03-31,7.00960406839015
2023-04-01,7.02062899059391
2023-04-02,6.90086274909584
2023-04-03,6.98286568573774
2023-04-04,7.02391481233034
2023-04-05,7.13454422067532
2023-04-06,7.02105892487122
2023-04-07,6.97491636905639
2023-04-08,6.99885919568279
2023-04-09,7.11984136759253
2023-04-10,7.2786359033388
2023-04-11,6.8235228327273
2023-04-12,6.47746737366597
2023-04-13,6.40752754389432
2023-04-14,6.54929491339655
2023-04-15,6.55029288328664
2023-04-16,6.69058857294964
2023-04-17,6.48170886043444
2023-04-18,6.59201536722357
2023-04-19,5.90822283804559
2023-04-20,5.84058662757892
2023-04-21,5.53873447995351
2023-04-22,5.72817069399153
2023-04-23,5.64462357923595
2023-04-24,5.66744988009811
2023-04-25,5.68520703859806
2023-04-26,5.58970334658929
2023-04-27,5.73699138369724
2023-04-28,5.60175082971128
2023-04-29,5.66614222691214
2023-04-30,5.53397631471285
2023-05-01,5.30746751578182
2023-05-02,5.41780953397413
2023-05-03,5.53402980852916
2023-05-04,5.48315266341862
2023-05-05,5.58050638173521
2023-05-06,5.26760751560828
2023-05-07,5.19154913568455
2023-05-08,4.65286998878252
2023-05-09,4.82027777949841
2023-05-10,4.91343736385252
2023-05-11,4.72710122622291
2023-05-12,4.82670585696474
2023-05-13,4.69606409020237
2023-05-14,4.47825773112667
2023-05-15,4.6716118694021
2023-05-16,4.68400900674616
2023-05-17,5.01049290478363
2023-05-18,4.9910587323215
2023-05-19,5.04045992551417
2023-05-20,5.03332233113939
2023-05-21,4.80813090339037
2023-05-22,4.91391358430287
2023-05-23,5.1389471364099
2023-05-24,5.13593552219097
2023-05-25,5.05406015477374
2023-05-26,4.91647762261286
2023-05-27,4.83306949210986
2023-05-28,5.12755017850569
2023-05-29,5.05676407751564
2023-05-30,5.07651145382289
2023-05-31,4.95705915288223
2023-06-01,5.03648817741094
2023-06-02,5.21704185569158
2023-06-03,5.21579446743363
2023-06-04,5.1391945301797
2023-06-05,4.56223234969597
2023-06-06,5.23999649757894
2023-06-07,4.73379728488309
2023-06-08,4.69576868611901
2023-06-09,4.60524777857806
2023-06-10,3.77179712001907
2023-06-11,3.72603471967585
2023-06-12,3.81974224977471
2023-06-13,3.87737364150563
2023-06-14,3.78971586366417
2023-06-15,3.874158891709
2023-06-16,3.88700146582074
2023-06-17,3.96630278220043
2023-06-18,3.87836579053171
2023-06-19,3.93905376610571
2023-06-20,4.14800761680898
2023-06-21,4.37284274062596
2023-06-22,4.37224712387331
2023-06-23,4.27949047376573
2023-06-24,4.30377574540982
2023-06-25,4.42675692066681
2023-06-26,4.29189058175374
2023-06-27,4.45460042133466
2023-06-28,4.17476098477929
2023-06-29,4.15361294829813
2023-06-30,4.77180813905929
2023-07-01,4.7167421472187
2023-07-02,4.74545675854469
2023-07-03,4.79608455948395
2023-07-04,4.70177376853263
2023-07-05,4.61010710521087
2023-07-06,4.43806259002567
2023-07-07,4.43344904094976
2023-07-08,4.33645773436213
2023-07-09,4.28180387551687
2023-07-10,4.34567368814735
2023-07-11,4.3487813201661
2023-07-12,4.30284532644328
2023-07-13,4.78000646551737
2023-07-14,4.65626669707948
2023-07-15,4.63023181836867
2023-07-16,4.45367619370457
2023-07-17,4.45643186550094
2023-07-18,4.15883309870081
2023-07-19,3.98865923080144
2023-07-20,4.02927365656399
2023-07-21,4.06834557107677
2023-07-22,4.00432729668928
2023-07-23,4.17388599963671
2023-07-24,3.99271079407462
2023-07-25,4.01091383472305
2023-07-26,4.0926827086993
2023-07-27,4.19877741901547
2023-07-28,4.19019495953072
2023-07-29,4.18949760998071
2023-07-30,4.04289380268775
2023-07-31,4.01409157461638
2023-08-01,4.07072871217504
2023-08-02,3.95304453403318
2023-08-03,3.898653877819
2023-08-04,3.90248752111283
2023-08-05,3.96252036849817
2023-08-06,4.0832444878974
2023-08-07,5.8355064353705
2023-08-08,4.89431028261834
2023-08-09,4.69615771594398
2023-08-10,4.66301189069072
2023-08-11,6.15654514812819
2023-08-12,7.6171419197083
2023-08-13,7.1333243269908
2023-08-14,7.52158877325602
2023-08-15,6.85377723618527
2023-08-16,6.48701547237358
2023-08-17,6.6087853485676
2023-08-18,6.29958122551533
2023-08-19,6.3452063806081
2023-08-20,6.18046079470004
2023-08-21,6.07282360740022
2023-08-22,5.80807278286856
2023-08-23,6.36774413050732
2023-08-24,6.80119189934952
2023-08-25,6.60387211866511
2023-08-26,7.02806223860174
2023-08-27,7.9236027639494
2023-08-28,7.22461680998837
2023-08-29,7.15730073972799
2023-08-30,7.48610296319641
2023-08-31,6.91417377995441
2023-09-01,7.15962083650994
2023-09-02,6.80275131264019
2023-09-03,6.80996316155854
2023-09-04,7.80944168341905
2023-09-05,7.43221880523625
2023-09-06,7.27955109776708
2023-09-07,6.80958220328829
2023-09-08,6.7750574524162
2023-09-09,6.36203367511749
2023-09-10,6.31957947431048
2023-09-11,5.83296078988023
2023-09-12,5.94191615018335
2023-09-13,6.01775817031344
2023-09-14,5.94597172613099
2023-09-15,6.14305720982073
2023-09-16,6.07168758581799
2023-09-17,5.77161421847246
2023-09-18,5.78492596873816
2023-09-19,5.93012143533846
2023-09-20,5.86399414492656
2023-09-21,5.56959804860827
2023-09-22,5.70200853080768
2023-09-23,5.62932178608901
2023-09-24,5.44346810900302
2023-09-25,5.53227938292146
2023-09-26,5.54968294851221
2023-09-27,5.42996625304204
2023-09-28,5.56935840283751
2023-09-29,5.55319892297073
2023-09-30,5.44514534514594
2023-10-01,6.61439722446316
2023-10-02,6.61783812271974
2023-10-03,5.9787666520917
2023-10-04,5.90259354518937
2023-10-05,5.73483759384787
2023-10-06,6.03796699380429
2023-10-07,5.94787310897318
2023-10-08,6.02054432433521
2023-10-09,5.80405653804362
2023-10-10,5.84657501036544
2023-10-11,5.71425673935475
2023-10-12,5.69834851234047
2023-10-13,5.68698653856304
2023-10-14,5.67105730443778
2023-10-15,5.72189583030751
2023-10-16,5.87207107027708
2023-10-17,5.61738823286814
2023-10-18,5.49602904093628
2023-10-19,5.37479206910971
2023-10-20,5.52615870199732
2023-10-21,5.79224747310788
2023-10-22,5.79398621595504
2023-10-23,6.05367047930937
2023-10-24,6.21187438821102
2023-10-25,6.27094918370226
2023-10-26,6.29778249557223
2023-10-27,6.14446707419673
2023-10-28,6.35457010508934
2023-10-29,6.39959431631826
2023-10-30,6.43745434411432
2023-10-31,6.14781052106399
2023-11-01,6.53444766662473
2023-11-02,6.61883776432107
2023-11-03,6.65514795136458
2023-11-04,6.58942125897594
2023-11-05,6.58753429320876
2023-11-06,6.83434567928493
2023-11-07,6.75638513541255
2023-11-08,6.94967213442937
2023-11-09,6.50156949827155
2023-11-10,6.64482640580238
2023-11-11,6.8003718655316
2023-11-12,6.97694544707863
2023-11-13,6.79122843182145
2023-11-14,7.01279553571436
2023-11-15,7.40266414806916
2023-11-16,7.3515915366808
2023-11-17,6.97662010793857
2023-11-18,6.87547940314868
2023-11-19,7.1786011961715
2023-11-20,6.95540132894013
2023-11-21,6.32417289213075
2023-11-22,6.45858722489825
2023-11-23,6.47961845307911
2023-11-24,6.45083161038618
2023-11-25,6.69817140446152
2023-11-26,6.39739597187418
2023-11-27,6.2598147884235
2023-11-28,6.31064668221507
2023-11-29,6.28540445127855
2023-11-30,6.37872943682997
2023-12-01,6.25656154057411
2023-12-02,6.57687203623758
2023-12-03,6.46816359015752
2023-12-04,6.8095233502055
2023-12-05,6.60957145016906
2023-12-06,6.57106402072718
2023-12-07,6.85851696125997
2023-12-08,7.00813972848654
2023-12-09,6.72984690551879
2023-12-10,6.87322262204245
2023-12-11,6.19763498808721
2023-12-12,6.33124940507253
2023-12-13,6.36025891683542
2023-12-14,6.70995935928886
2023-12-15,6.78936183833401
2023-12-16,7.64411370278046
2023-12-17,8.25480845226955
2023-12-18,7.31392611340554
2023-12-19,7.77863501603565
2023-12-20,9.36032726998411
2023-12-21,9.29512078656389
2023-12-22,8.90064806700802
2023-12-23,8.94799383974749
2023-12-24,9.07897575378713
2023-12-25,9.25405403508462
2023-12-26,8.58695776376311
2023-12-27,8.56336579581433
2023-12-28,8.5550959189314
2023-12-29,8.17493054706134
2023-12-30,8.33013284829853
2023-12-31,7.90041592253296
2024-01-01,8.26967281539638
2024-01-02,8.4680049289477
2024-01-03,7.1013832346111
2024-01-04,7.39278171506897
2024-01-05,7.07318798368225
2024-01-06,6.93406996830367
2024-01-07,6.40221011954284
2024-01-08,6.96551779292019
2024-01-09,6.58496910158857
2024-01-10,7.43597536270274
2024-01-11,7.61658900080913
2024-01-12,7.80100096631817
2024-01-13,7.87699455784476
2024-01-14,7.81566945488194
2024-01-15,7.90861278082934
2024-01-16,7.86557216004514
2024-01-17,7.76193225877489
2024-01-18,7.23045691882222
2024-01-19,7.167451165602
2024-01-20,7.57505370961252
2024-01-21,7.55754160908415
2024-01-22,7.01596062859477
2024-01-23,6.71835621950998
2024-01-24,6.77259261004162
2024-01-25,6.69057610000998
2024-01-26,7.10633345064
2024-01-27,7.20757672364022
2024-01-28,7.1027768096939
2024-01-29,7.3347042613378
2024-01-30,7.18112936950076
2024-01-31,7.01475073479585
2024-02-01,7.04639234067527
2024-02-02,7.23730687612649
2024-02-03,7.24861270729237
2024-02-04,7.06003265973179
2024-02-05,6.97564952317647
2024-02-06,7.00136524518764
2024-02-07,7.31872644009866
2024-02-08,7.29704126496113
2024-02-09,7.50018799571502
2024-02-10,7.48643206519284
2024-02-11,7.40650731207869
2024-02-12,7.69471347987141
2024-02-13,7.65305469438029
2024-02-14,7.96164234472098
2024-02-15,8.09574873313842
2024-02-16,14.3523661824608
2024-02-17,17.8832316970473
2024-02-18,17.86611912611
2024-02-19,17.1371451854788
2024-02-20,14.5979016790246
2024-02-21,15.3673401161239
2024-02-22,14.805857928718
2024-02-23,13.7573219859356
2024-02-24,14.0551541065454
2024-02-25,14.5844907977069
2024-02-26,14.4296665702853
2024-02-27,14.2851039726227
2024-02-28,13.9227854023239
2024-02-29,13.49009658239
2024-03-01,14.4090784629905
2024-03-02,14.5599958205715
2024-03-03,14.2529729165229
2024-03-04,14.2313437054159
2024-03-05,13.1208355126964
2024-03-06,14.7285878348569
2024-03-07,16.0233149447159
2024-03-08,23.5187804137396
2024-03-09,23.2064664016437
2024-03-10,21.8966637067498
2024-03-11,20.9327181594188
2024-03-12,20.2450410607418
2024-03-13,20.3868091036324
2024-03-14,27.0247954842384
2024-03-15,23.5931688356901
2024-03-16,20.1250252195894
2024-03-17,21.958856464461
2024-03-18,19.332970972992
2024-03-19,17.3702236736298
2024-03-20,19.0160167376388
2024-03-21,18.8270331050644
2024-03-22,18.1596935171485
2024-03-23,18.8935708492557
2024-03-24,20.4744955288866
2024-03-25,20.3148122048814
2024-03-26,20.5962791163051
2024-03-27,19.7371974519555
2024-03-28,19.3757366577631
2024-03-29,18.8454416921414
2024-03-30,18.5253642271154
2024-03-31,18.6873536503479
2024-04-01,17.965300122377
2024-04-02,16.6040636678133
2024-04-03,16.3917849000078
2024-04-04,16.7596541162572
2024-04-05,16.2851052024962
2024-04-06,17.1876726791081
2024-04-07,17.0542379572253
